Wind;PV;Haber-Bosch;;Wind Patagonien;PV Patagonien;Wind Heide;PV Heide;Wind Höchst;PV Höchst
0,902;0,009;1;;0,902;0,009;0,985;0;0,263;0
0,963;0;1;;0,963;0;0,987;0;0,302;0
0,98;0;1;;0,98;0;0,987;0;0,356;0
0,986;0;1;;0,986;0;0,983;0;0,391;0
0,987;0;1;;0,987;0;0,981;0;0,416;0
0,986;0;1;;0,986;0;0,982;0;0,428;0
0,983;0;1;;0,983;0;0,973;0;0,459;0
0,98;0;1;;0,98;0;0,969;0;0,474;0
0,98;0,003;1;;0,98;0,003;0,967;0,016;0,489;0,021
0,983;0,057;1;;0,983;0,057;0,967;0,093;0,558;0,074
0,987;0,143;1;;0,987;0,143;0,962;0,184;0,631;0,067
0,979;0,269;1;;0,979;0,269;0,945;0,186;0,647;0,043
0,972;0,369;1;;0,972;0,369;0,916;0,125;0,626;0,017
0,968;0,373;1;;0,968;0,373;0,887;0,081;0,605;0,011
0,97;0,374;1;;0,97;0,374;0,864;0,012;0,615;0,003
0,974;0,402;1;;0,974;0,402;0,844;0;0,649;0
0,981;0,423;1;;0,981;0,423;0,837;0;0,707;0
0,986;0,446;1;;0,986;0,446;0,823;0;0,751;0
0,987;0,448;1;;0,987;0,448;0,817;0;0,782;0
0,984;0,425;1;;0,984;0,425;0,829;0;0,807;0
0,977;0,377;1;;0,977;0,377;0,864;0;0,818;0
0,971;0,288;1;;0,971;0,288;0,896;0;0,817;0
0,963;0,155;1;;0,963;0,155;0,915;0;0,815;0
0,94;0,068;1;;0,94;0,068;0,939;0;0,821;0
0,862;0,011;1;;0,862;0,011;0,96;0;0,832;0
0,768;0;1;;0,768;0;0,975;0;0,842;0
0,731;0;1;;0,731;0;0,983;0;0,847;0
0,709;0;1;;0,709;0;0,986;0;0,85;0
0,726;0;1;;0,726;0;0,987;0;0,856;0
0,782;0;1;;0,782;0;0,987;0;0,845;0
0,823;0;1;;0,823;0;0,986;0;0,842;0
0,84;0;1;;0,84;0;0,985;0;0,856;0,007
0,859;0,002;1;;0,859;0,002;0,97;0,143;0,784;0,163
0,834;0,047;1;;0,834;0,047;0,925;0,338;0,706;0,35
0,918;0,128;1;;0,918;0,128;0,864;0,452;0,724;0,456
0,948;0,219;1;;0,948;0,219;0,889;0,483;0,763;0,451
0,962;0,38;1;;0,962;0,38;0,892;0,432;0,782;0,382
0,971;0,412;1;;0,971;0,412;0,872;0,296;0,775;0,309
0,977;0,422;1;;0,977;0,422;0,843;0,087;0,734;0,16
0,979;0,43;1;;0,979;0,43;0,813;0;0,737;0,003
0,98;0,454;1;;0,98;0,454;0,76;0;0,729;0
0,981;0,49;1;;0,981;0,49;0,704;0;0,696;0
0,975;0,516;1;;0,975;0,516;0,647;0;0,639;0
0,962;0,452;1;;0,962;0,452;0,605;0;0,551;0
0,948;0,326;1;;0,948;0,326;0,576;0;0,494;0
0,933;0,214;1;;0,933;0,214;0,551;0;0,462;0
0,896;0,117;1;;0,896;0,117;0,537;0;0,438;0
0,796;0,04;1;;0,796;0,04;0,538;0;0,416;0
0,711;0,002;1;;0,711;0,002;0,554;0;0,389;0
0,713;0;1;;0,713;0;0,574;0;0,352;0
0,737;0;1;;0,737;0;0,589;0;0,314;0
0,775;0;1;;0,775;0;0,592;0;0,281;0
0,786;0;1;;0,786;0;0,595;0;0,256;0
0,788;0;1;;0,788;0;0,582;0;0,242;0
0,755;0;1;;0,755;0;0,544;0;0,254;0
0,652;0;1;;0,652;0;0,478;0;0,274;0,001
0,581;0,001;1;;0,581;0,001;0,403;0,092;0,241;0,04
0,574;0,047;1;;0,574;0,047;0,346;0,203;0,202;0,099
0,642;0,118;1;;0,642;0,118;0,289;0,282;0,205;0,143
0,741;0,259;1;;0,741;0,259;0,275;0,239;0,257;0,171
0,768;0,37;1;;0,768;0,37;0,287;0,192;0,301;0,123
0,817;0,53;1;;0,817;0,53;0,354;0,138;0,313;0,078
0,879;0,548;1;;0,879;0,548;0,438;0,039;0,39;0,04
0,89;0,507;1;;0,89;0,507;0,478;0;0,472;0
0,904;0,493;1;;0,904;0,493;0,464;0;0,492;0
0,932;0,439;1;;0,932;0,439;0,383;0;0,464;0
0,954;0,361;1;;0,954;0,361;0,355;0;0,443;0
0,96;0,3;1;;0,96;0,3;0,43;0;0,396;0
0,962;0,278;1;;0,962;0,278;0,515;0;0,347;0
0,962;0,255;1;;0,962;0,255;0,565;0;0,333;0
0,954;0,144;1;;0,954;0,144;0,623;0;0,308;0
0,929;0,049;1;;0,929;0,049;0,688;0;0,247;0
0,856;0,003;1;;0,856;0,003;0,776;0;0,21;0
0,757;0;1;;0,757;0;0,829;0;0,191;0
0,684;0;1;;0,684;0;0,86;0;0,187;0
0,657;0;1;;0,657;0;0,904;0;0,195;0
0,719;0;1;;0,719;0;0,926;0;0,203;0
0,835;0;1;;0,835;0;0,93;0;0,21;0
0,938;0;1;;0,938;0;0,933;0;0,228;0
0,959;0;1;;0,959;0;0,942;0;0,221;0,002
0,975;0;1;;0,975;0;0,943;0,011;0,179;0,058
0,981;0,03;1;;0,981;0,03;0,95;0,022;0,174;0,067
0,987;0,077;1;;0,987;0,077;0,955;0,026;0,209;0,103
0,96;0,185;1;;0,96;0,185;0,957;0,052;0,262;0,139
0,887;0,43;1;;0,887;0,43;0,963;0,041;0,32;0,105
0,852;0,602;1;;0,852;0,602;0,962;0,021;0,381;0,031
0,853;0,709;1;;0,853;0,709;0,949;0,003;0,466;0,015
0,849;0,762;1;;0,849;0,762;0,948;0;0,548;0
0,853;0,732;1;;0,853;0,732;0,948;0;0,581;0
0,854;0,755;1;;0,854;0,755;0,946;0;0,603;0
0,874;0,718;1;;0,874;0,718;0,95;0;0,626;0
0,896;0,567;1;;0,896;0,567;0,953;0;0,607;0
0,902;0,401;1;;0,902;0,401;0,962;0;0,601;0
0,911;0,239;1;;0,911;0,239;0,972;0;0,62;0
0,953;0,082;1;;0,953;0,082;0,976;0;0,588;0
0,987;0,017;1;;0,987;0,017;0,978;0;0,497;0
0,982;0;1;;0,982;0;0,981;0;0,468;0
0,978;0;1;;0,978;0;0,986;0;0,474;0
0,977;0;1;;0,977;0;0,987;0;0,5;0
0,973;0;1;;0,973;0;0,987;0;0,537;0
0,969;0;1;;0,969;0;0,987;0;0,565;0
0,966;0;1;;0,966;0;0,986;0;0,596;0
0,954;0;1;;0,954;0;0,982;0;0,621;0
0,925;0;1;;0,925;0;0,972;0;0,718;0
0,902;0,003;1;;0,902;0,003;0,949;0,008;0,808;0,01
0,876;0,059;1;;0,876;0,059;0,917;0,038;0,85;0,029
0,927;0,145;1;;0,927;0,145;0,872;0,079;0,852;0,039
0,951;0,241;1;;0,951;0,241;0,821;0,107;0,856;0,039
0,969;0,343;1;;0,969;0,343;0,778;0,103;0,852;0,041
0,973;0,334;1;;0,973;0,334;0,729;0,068;0,84;0,036
0,961;0,221;1;;0,961;0,221;0,721;0,016;0,833;0,013
0,95;0,222;1;;0,95;0,222;0,732;0;0,827;0
0,958;0,192;1;;0,958;0,192;0,7;0;0,827;0
0,97;0,175;1;;0,97;0,175;0,62;0;0,817;0
0,967;0,154;1;;0,967;0,154;0,523;0;0,815;0
0,954;0,155;1;;0,954;0,155;0,449;0;0,804;0
0,937;0,145;1;;0,937;0,145;0,371;0;0,788;0
0,92;0,132;1;;0,92;0,132;0,298;0;0,778;0
0,907;0,094;1;;0,907;0,094;0,262;0;0,777;0
0,892;0,039;1;;0,892;0,039;0,262;0;0,775;0
0,901;0,002;1;;0,901;0,002;0,265;0;0,743;0
0,887;0;1;;0,887;0;0,264;0;0,686;0
0,885;0;1;;0,885;0;0,289;0;0,675;0
0,895;0;1;;0,895;0;0,303;0;0,664;0
0,915;0;1;;0,915;0;0,331;0;0,643;0
0,926;0;1;;0,926;0;0,354;0;0,616;0
0,935;0;1;;0,935;0;0,378;0;0,588;0
0,942;0;1;;0,942;0;0,421;0;0,6;0
0,946;0,001;1;;0,946;0,001;0,484;0,005;0,553;0,02
0,94;0,038;1;;0,94;0,038;0,508;0,021;0,486;0,051
0,955;0,095;1;;0,955;0,095;0,532;0,032;0,493;0,078
0,975;0,152;1;;0,975;0,152;0,564;0,031;0,516;0,088
0,987;0,247;1;;0,987;0,247;0,626;0,032;0,526;0,073
0,981;0,346;1;;0,981;0,346;0,7;0,023;0,497;0,056
0,961;0,406;1;;0,961;0,406;0,753;0,006;0,478;0,024
0,947;0,432;1;;0,947;0,432;0,802;0;0,5;0
0,949;0,449;1;;0,949;0,449;0,823;0;0,497;0
0,959;0,439;1;;0,959;0,439;0,803;0;0,476;0
0,973;0,413;1;;0,973;0,413;0,776;0;0,452;0
0,985;0,389;1;;0,985;0,389;0,767;0;0,41;0
0,986;0,343;1;;0,986;0,343;0,798;0;0,409;0
0,979;0,265;1;;0,979;0,265;0,806;0;0,395;0
0,964;0,163;1;;0,964;0,163;0,788;0;0,381;0
0,914;0,064;1;;0,914;0,064;0,8;0;0,365;0
0,759;0,006;1;;0,759;0,006;0,831;0;0,343;0
0,643;0;1;;0,643;0;0,856;0;0,313;0
0,613;0;1;;0,613;0;0,859;0;0,284;0
0,652;0;1;;0,652;0;0,833;0;0,294;0
0,654;0;1;;0,654;0;0,789;0;0,313;0
0,609;0;1;;0,609;0;0,757;0;0,287;0
0,543;0;1;;0,543;0;0,716;0;0,252;0
0,47;0;1;;0,47;0;0,68;0;0,26;0,008
0,388;0,001;1;;0,388;0,001;0,672;0,014;0,251;0,121
0,296;0,045;1;;0,296;0,045;0,642;0,036;0,187;0,239
0,309;0,135;1;;0,309;0,135;0,619;0,038;0,196;0,289
0,482;0,264;1;;0,482;0,264;0,675;0,027;0,197;0,375
0,626;0,413;1;;0,626;0,413;0,793;0,007;0,2;0,37
0,724;0,47;1;;0,724;0,47;0,897;0;0,214;0,312
0,775;0,322;1;;0,775;0,322;0,946;0;0,293;0,129
0,767;0,23;1;;0,767;0,23;0,948;0;0,438;0,002
0,716;0,21;1;;0,716;0,21;0,96;0;0,532;0
0,606;0,206;1;;0,606;0,206;0,978;0;0,545;0
0,421;0,212;1;;0,421;0,212;0,983;0;0,602;0
0,21;0,222;1;;0,21;0,222;0,985;0;0,628;0
0,086;0,21;1;;0,086;0,21;0,986;0;0,595;0
0,033;0,169;1;;0,033;0,169;0,987;0;0,613;0
0,011;0,094;1;;0,011;0,094;0,987;0;0,692;0
0,012;0,041;1;;0,012;0,041;0,986;0;0,803;0
0,039;0,004;1;;0,039;0,004;0,981;0;0,864;0
0,091;0;1;;0,091;0;0,969;0;0,828;0
0,157;0;1;;0,157;0;0,95;0;0,812;0
0,223;0;1;;0,223;0;0,917;0;0,773;0
0,303;0;1;;0,303;0;0,854;0;0,783;0
0,428;0;1;;0,428;0;0,821;0;0,807;0
0,559;0;1;;0,559;0;0,867;0;0,844;0
0,632;0;1;;0,632;0;0,913;0;0,873;0,001
0,607;0;1;;0,607;0;0,943;0,004;0,891;0,021
0,574;0,02;1;;0,574;0,02;0,959;0,037;0,907;0,048
0,695;0,09;1;;0,695;0,09;0,967;0,116;0,922;0,068
0,796;0,17;1;;0,796;0,17;0,974;0,174;0,932;0,07
0,856;0,293;1;;0,856;0,293;0,978;0,173;0,928;0,067
0,889;0,34;1;;0,889;0,34;0,982;0,098;0,928;0,052
0,897;0,343;1;;0,897;0,343;0,985;0,02;0,936;0,014
0,886;0,37;1;;0,886;0,37;0,987;0;0,933;0
0,88;0,356;1;;0,88;0,356;0,985;0;0,937;0
0,896;0,299;1;;0,896;0,299;0,977;0;0,943;0
0,918;0,282;1;;0,918;0,282;0,966;0;0,948;0
0,925;0,301;1;;0,925;0,301;0,966;0;0,953;0
0,91;0,208;1;;0,91;0,208;0,973;0;0,952;0
0,871;0,147;1;;0,871;0,147;0,978;0;0,945;0
0,802;0,104;1;;0,802;0,104;0,981;0;0,935;0
0,716;0,053;1;;0,716;0,053;0,983;0;0,925;0
0,715;0,006;1;;0,715;0,006;0,985;0;0,913;0
0,686;0;1;;0,686;0;0,987;0;0,899;0
0,603;0;1;;0,603;0;0,987;0;0,882;0
0,482;0;1;;0,482;0;0,987;0;0,853;0
0,32;0;1;;0,32;0;0,987;0;0,828;0
0,2;0;1;;0,2;0;0,985;0;0,802;0
0,139;0;1;;0,139;0;0,984;0;0,784;0
0,154;0;1;;0,154;0;0,983;0;0,782;0,005
0,287;0,002;1;;0,287;0,002;0,983;0,144;0,76;0,094
0,449;0,046;1;;0,449;0,046;0,982;0,321;0,774;0,186
0,473;0,124;1;;0,473;0,124;0,984;0,436;0,811;0,254
0,649;0,302;1;;0,649;0,302;0,984;0,472;0,84;0,245
0,761;0,469;1;;0,761;0,469;0,982;0,415;0,849;0,211
0,829;0,623;1;;0,829;0,623;0,978;0,279;0,832;0,13
0,877;0,726;1;;0,877;0,726;0,97;0,071;0,796;0,049
0,909;0,755;1;;0,909;0,755;0,959;0;0,784;0
0,933;0,747;1;;0,933;0,747;0,945;0;0,77;0
0,95;0,692;1;;0,95;0,692;0,921;0;0,749;0
0,962;0,599;1;;0,962;0,599;0,888;0;0,733;0
0,971;0,494;1;;0,971;0,494;0,856;0;0,705;0
0,978;0,352;1;;0,978;0,352;0,827;0;0,686;0
0,983;0,239;1;;0,983;0,239;0,762;0;0,672;0
0,985;0,142;1;;0,985;0,142;0,712;0;0,674;0
0,982;0,051;1;;0,982;0,051;0,639;0;0,618;0
0,975;0,004;1;;0,975;0,004;0,548;0;0,589;0
0,974;0;1;;0,974;0;0,484;0;0,529;0
0,984;0;1;;0,984;0;0,439;0;0,486;0
0,986;0;1;;0,986;0;0,399;0;0,483;0
0,987;0;1;;0,987;0;0,384;0;0,471;0
0,987;0;1;;0,987;0;0,355;0;0,449;0
0,987;0;1;;0,987;0;0,331;0;0,419;0
0,987;0;1;;0,987;0;0,292;0;0,382;0,007
0,987;0;1;;0,987;0;0,241;0,007;0,29;0,106
0,984;0,032;1;;0,984;0,032;0,178;0,037;0,265;0,235
0,986;0,121;1;;0,986;0,121;0,128;0,07;0,257;0,307
0,987;0,241;1;;0,987;0,241;0,119;0,099;0,225;0,332
0,987;0,335;1;;0,987;0,335;0,148;0,098;0,224;0,301
0,986;0,422;1;;0,986;0,422;0,205;0,067;0,224;0,195
0,983;0,432;1;;0,983;0,432;0,296;0,009;0,229;0,067
0,976;0,356;1;;0,976;0,356;0,377;0;0,253;0,001
0,972;0,306;1;;0,972;0,306;0,456;0;0,237;0
0,965;0,397;1;;0,965;0,397;0,542;0;0,201;0
0,955;0,326;1;;0,955;0,326;0,599;0;0,155;0
0,965;0,255;1;;0,965;0,255;0,627;0;0,111;0
0,977;0,212;1;;0,977;0,212;0,655;0;0,072;0
0,965;0,235;1;;0,965;0,235;0,701;0;0,055;0
0,953;0,092;1;;0,953;0,092;0,712;0;0,06;0
0,97;0,037;1;;0,97;0,037;0,711;0;0,081;0
0,985;0,002;1;;0,985;0,002;0,717;0;0,108;0
0,987;0;1;;0,987;0;0,731;0;0,124;0
0,987;0;1;;0,987;0;0,78;0;0,138;0
0,987;0;1;;0,987;0;0,855;0;0,157;0
0,986;0;1;;0,986;0;0,889;0;0,186;0
0,986;0;1;;0,986;0;0,885;0;0,229;0
0,985;0;1;;0,985;0;0,872;0;0,275;0
0,983;0;1;;0,983;0;0,895;0;0,306;0
0,979;0;1;;0,979;0;0,9;0,003;0,296;0,028
0,979;0,039;1;;0,979;0,039;0,912;0,024;0,337;0,056
0,982;0,126;1;;0,982;0,126;0,933;0,037;0,368;0,071
0,985;0,305;1;;0,985;0,305;0,958;0,025;0,334;0,048
0,987;0,477;1;;0,987;0,477;0,968;0,019;0,273;0,025
0,985;0,613;1;;0,985;0,613;0,974;0,016;0,247;0,016
0,98;0,68;1;;0,98;0,68;0,975;0,006;0,285;0,005
0,98;0,715;1;;0,98;0,715;0,971;0;0,355;0
0,984;0,71;1;;0,984;0,71;0,969;0;0,41;0
0,984;0,671;1;;0,984;0,671;0,968;0;0,502;0
0,98;0,618;1;;0,98;0,618;0,96;0;0,548;0
0,976;0,512;1;;0,976;0,512;0,954;0;0,551;0
0,972;0,382;1;;0,972;0,382;0,952;0;0,597;0
0,968;0,248;1;;0,968;0,248;0,948;0;0,633;0
0,971;0,12;1;;0,971;0,12;0,933;0;0,616;0
0,983;0,044;1;;0,983;0,044;0,921;0;0,62;0
0,986;0,003;1;;0,986;0,003;0,917;0;0,605;0
0,986;0;1;;0,986;0;0,922;0;0,593;0
0,981;0;1;;0,981;0;0,925;0;0,564;0
0,977;0;1;;0,977;0;0,917;0;0,573;0
0,974;0;1;;0,974;0;0,928;0;0,579;0
0,967;0;1;;0,967;0;0,938;0;0,562;0
0,961;0;1;;0,961;0;0,923;0;0,553;0
0,956;0;1;;0,956;0;0,922;0;0,561;0
0,953;0;1;;0,953;0;0,951;0,006;0,558;0,026
0,943;0,035;1;;0,943;0,035;0,955;0,006;0,54;0,082
0,915;0,11;1;;0,915;0,11;0,956;0,017;0,649;0,179
0,877;0,241;1;;0,877;0,241;0,977;0,038;0,735;0,259
0,848;0,361;1;;0,848;0,361;0,97;0,037;0,746;0,136
0,817;0,445;1;;0,817;0,445;0,967;0,026;0,743;0,034
0,785;0,52;1;;0,785;0,52;0,965;0,006;0,773;0,005
0,754;0,602;1;;0,754;0,602;0,971;0;0,81;0
0,729;0,649;1;;0,729;0,649;0,972;0;0,83;0
0,722;0,657;1;;0,722;0,657;0,98;0;0,822;0
0,736;0,667;1;;0,736;0,667;0,984;0;0,792;0
0,767;0,573;1;;0,767;0,573;0,983;0;0,738;0
0,824;0,418;1;;0,824;0,418;0,981;0;0,707;0
0,885;0,263;1;;0,885;0,263;0,974;0;0,697;0
0,946;0,09;1;;0,946;0,09;0,968;0;0,72;0
0,982;0,026;1;;0,982;0,026;0,957;0;0,725;0
0,987;0,001;1;;0,987;0,001;0,957;0;0,701;0
0,986;0;1;;0,986;0;0,947;0;0,664;0
0,978;0;1;;0,978;0;0,939;0;0,615;0
0,969;0;1;;0,969;0;0,933;0;0,556;0
0,959;0;1;;0,959;0;0,919;0;0,522;0
0,956;0;1;;0,956;0;0,911;0;0,552;0
0,95;0;1;;0,95;0;0,916;0;0,587;0
0,951;0;1;;0,951;0;0,937;0;0,601;0
0,965;0;1;;0,965;0;0,966;0,001;0,619;0,004
0,971;0,03;1;;0,971;0,03;0,968;0,008;0,67;0,009
0,958;0,092;1;;0,958;0,092;0,979;0,026;0,725;0,011
0,915;0,228;1;;0,915;0,228;0,984;0,032;0,802;0,019
0,867;0,34;1;;0,867;0,34;0,986;0,022;0,864;0,018
0,827;0,458;1;;0,827;0,458;0,987;0,057;0,897;0,009
0,758;0,529;1;;0,758;0,529;0,983;0,014;0,903;0,001
0,713;0,517;1;;0,713;0,517;0,976;0;0,916;0
0,715;0,485;1;;0,715;0,485;0,969;0;0,926;0
0,728;0,441;1;;0,728;0,441;0,965;0;0,932;0
0,75;0,313;1;;0,75;0,313;0,962;0;0,938;0
0,756;0,196;1;;0,756;0,196;0,951;0;0,942;0
0,77;0,159;1;;0,77;0,159;0,929;0;0,94;0
0,83;0,088;1;;0,83;0,088;0,933;0;0,929;0
0,896;0,028;1;;0,896;0,028;0,942;0;0,916;0
0,93;0,01;1;;0,93;0,01;0,955;0;0,91;0
0,939;0;1;;0,939;0;0,969;0;0,908;0
0,95;0;1;;0,95;0;0,977;0;0,902;0
0,952;0;1;;0,952;0;0,978;0;0,883;0
0,955;0;1;;0,955;0;0,974;0;0,851;0
0,965;0;1;;0,965;0;0,976;0;0,807;0
0,976;0;1;;0,976;0;0,977;0;0,726;0
0,983;0;1;;0,983;0;0,979;0;0,668;0
0,987;0;1;;0,987;0;0,982;0;0,61;0,003
0,985;0;1;;0,985;0;0,986;0,051;0,491;0,046
0,973;0,034;1;;0,973;0,034;0,987;0,12;0,434;0,103
0,971;0,116;1;;0,971;0,116;0,987;0,169;0,502;0,167
0,975;0,231;1;;0,975;0,231;0,986;0,163;0,582;0,211
0,975;0,378;1;;0,975;0,378;0,987;0,144;0,652;0,21
0,972;0,515;1;;0,972;0,515;0,987;0,135;0,671;0,192
0,969;0,613;1;;0,969;0,613;0,987;0,037;0,653;0,098
0,969;0,661;1;;0,969;0,661;0,987;0;0,709;0,005
0,968;0,643;1;;0,968;0,643;0,986;0;0,722;0
0,965;0,548;1;;0,965;0,548;0,984;0;0,674;0
0,959;0,458;1;;0,959;0,458;0,983;0;0,639;0
0,953;0,385;1;;0,953;0,385;0,982;0;0,581;0
0,951;0,346;1;;0,951;0,346;0,977;0;0,508;0
0,959;0,235;1;;0,959;0,235;0,97;0;0,508;0
0,954;0,146;1;;0,954;0,146;0,963;0;0,5;0
0,893;0,048;1;;0,893;0,048;0,958;0;0,464;0
0,79;0,001;1;;0,79;0,001;0,971;0;0,44;0
0,755;0;1;;0,755;0;0,986;0;0,403;0
0,757;0;1;;0,757;0;0,986;0;0,415;0
0,764;0;1;;0,764;0;0,987;0;0,385;0
0,772;0;1;;0,772;0;0,986;0;0,388;0
0,78;0;1;;0,78;0;0,98;0;0,39;0
0,771;0;1;;0,771;0;0,964;0;0,388;0
0,782;0;1;;0,782;0;0,946;0;0,39;0,005
0,832;0;1;;0,832;0;0,958;0,006;0,33;0,065
0,851;0,015;1;;0,851;0,015;0,975;0,024;0,424;0,146
0,801;0,076;1;;0,801;0,076;0,981;0,054;0,516;0,257
0,883;0,163;1;;0,883;0,163;0,985;0,046;0,61;0,334
0,933;0,335;1;;0,933;0,335;0,987;0,017;0,658;0,253
0,946;0,588;1;;0,946;0,588;0,987;0,005;0,679;0,156
0,95;0,721;1;;0,95;0,721;0,987;0;0,697;0,063
0,959;0,774;1;;0,959;0,774;0,985;0;0,701;0,003
0,973;0,755;1;;0,973;0,755;0,977;0;0,698;0
0,98;0,629;1;;0,98;0,629;0,97;0;0,651;0
0,986;0,456;1;;0,986;0,456;0,967;0;0,649;0
0,987;0,388;1;;0,987;0,388;0,951;0;0,683;0
0,987;0,392;1;;0,987;0,392;0,97;0;0,666;0
0,987;0,311;1;;0,987;0,311;0,985;0;0,627;0
0,987;0,166;1;;0,987;0,166;0,98;0;0,613;0
0,987;0,056;1;;0,987;0,056;0,976;0;0,602;0
0,986;0,002;1;;0,986;0,002;0,971;0;0,561;0
0,986;0;1;;0,986;0;0,968;0;0,516;0
0,984;0;1;;0,984;0;0,966;0;0,472;0
0,972;0;1;;0,972;0;0,966;0;0,421;0
0,951;0;1;;0,951;0;0,963;0;0,393;0
0,932;0;1;;0,932;0;0,963;0;0,385;0
0,919;0;1;;0,919;0;0,958;0;0,379;0
0,921;0;1;;0,921;0;0,966;0;0,373;0,005
0,925;0;1;;0,925;0;0,968;0,002;0,34;0,058
0,914;0,043;1;;0,914;0,043;0,966;0,007;0,323;0,142
0,948;0,119;1;;0,948;0,119;0,971;0,02;0,326;0,212
0,964;0,274;1;;0,964;0,274;0,986;0,041;0,379;0,26
0,968;0,428;1;;0,968;0,428;0,985;0,02;0,382;0,221
0,967;0,566;1;;0,967;0,566;0,984;0,006;0,365;0,175
0,968;0,663;1;;0,968;0,663;0,986;0;0,366;0,109
0,974;0,768;1;;0,974;0,768;0,987;0;0,451;0,01
0,981;0,811;1;;0,981;0,811;0,987;0;0,54;0
0,985;0,738;1;;0,985;0,738;0,987;0;0,576;0
0,984;0,631;1;;0,984;0,631;0,987;0;0,593;0
0,984;0,574;1;;0,984;0,574;0,987;0;0,629;0
0,985;0,381;1;;0,985;0,381;0,987;0;0,655;0
0,985;0,22;1;;0,985;0,22;0,986;0;0,642;0
0,979;0,11;1;;0,979;0,11;0,978;0;0,623;0
0,96;0,031;1;;0,96;0,031;0,958;0;0,644;0
0,943;0;1;;0,943;0;0,932;0;0,67;0
0,944;0;1;;0,944;0;0,921;0;0,68;0
0,947;0;1;;0,947;0;0,932;0;0,717;0
0,919;0;1;;0,919;0;0,942;0;0,702;0
0,886;0;1;;0,886;0;0,95;0;0,733;0
0,901;0;1;;0,901;0;0,969;0;0,619;0
0,917;0;1;;0,917;0;0,976;0;0,543;0
0,923;0;1;;0,923;0;0,979;0;0,508;0,004
0,926;0;1;;0,926;0;0,976;0,02;0,456;0,065
0,914;0,032;1;;0,914;0,032;0,962;0,048;0,468;0,217
0,956;0,105;1;;0,956;0,105;0,921;0,087;0,575;0,516
0,984;0,209;1;;0,984;0,209;0,898;0,115;0,707;0,493
0,987;0,218;1;;0,987;0,218;0,887;0,103;0,813;0,353
0,987;0,228;1;;0,987;0,228;0,861;0,048;0,856;0,214
0,987;0,365;1;;0,987;0,365;0,827;0,011;0,859;0,057
0,981;0,524;1;;0,981;0,524;0,796;0;0,84;0
0,963;0,623;1;;0,963;0,623;0,791;0;0,799;0
0,948;0,529;1;;0,948;0,529;0,832;0;0,704;0
0,934;0,411;1;;0,934;0,411;0,864;0;0,648;0
0,93;0,468;1;;0,93;0,468;0,842;0;0,631;0
0,928;0,409;1;;0,928;0,409;0,842;0;0,613;0
0,931;0,241;1;;0,931;0,241;0,875;0;0,604;0
0,945;0,105;1;;0,945;0,105;0,897;0;0,607;0
0,961;0,027;1;;0,961;0,027;0,884;0;0,589;0
0,969;0;1;;0,969;0;0,84;0;0,565;0
0,974;0;1;;0,974;0;0,758;0;0,546;0
0,973;0;1;;0,973;0;0,627;0;0,508;0
0,976;0;1;;0,976;0;0,46;0;0,477;0
0,98;0;1;;0,98;0;0,437;0;0,431;0
0,984;0;1;;0,984;0;0,606;0;0,354;0
0,986;0;1;;0,986;0;0,72;0;0,275;0
0,987;0;1;;0,987;0;0,731;0;0,203;0,033
0,986;0;1;;0,986;0;0,661;0,04;0,112;0,236
0,984;0,018;1;;0,984;0,018;0,549;0,135;0,057;0,442
0,984;0,082;1;;0,984;0,082;0,483;0,229;0,028;0,553
0,984;0,201;1;;0,984;0,201;0,478;0,282;0,011;0,591
0,979;0,297;1;;0,979;0,297;0,504;0,268;0,006;0,568
0,976;0,541;1;;0,976;0,541;0,515;0,191;0,009;0,458
0,979;0,666;1;;0,979;0,666;0,572;0,064;0,019;0,226
0,983;0,733;1;;0,983;0,733;0,588;0;0,022;0,02
0,987;0,756;1;;0,987;0,756;0,551;0;0,017;0
0,987;0,434;1;;0,987;0,434;0,508;0;0,022;0
0,987;0,358;1;;0,987;0,358;0,472;0;0,048;0
0,987;0,21;1;;0,987;0,21;0,463;0;0,086;0
0,983;0,147;1;;0,983;0,147;0,468;0;0,133;0
0,971;0,083;1;;0,971;0,083;0,464;0;0,192;0
0,942;0,034;1;;0,942;0,034;0,435;0;0,247;0
0,942;0,01;1;;0,942;0,01;0,395;0;0,282;0
0,966;0;1;;0,966;0;0,375;0;0,291;0
0,966;0;1;;0,966;0;0,385;0;0,289;0
0,943;0;1;;0,943;0;0,407;0;0,278;0
0,981;0;1;;0,981;0;0,41;0;0,259;0
0,986;0;1;;0,986;0;0,41;0;0,237;0
0,985;0;1;;0,985;0;0,41;0;0,229;0
0,967;0;1;;0,967;0;0,423;0;0,22;0
0,944;0;1;;0,944;0;0,434;0,003;0,185;0,031
0,953;0;1;;0,953;0;0,414;0,09;0,111;0,137
0,976;0,005;1;;0,976;0,005;0,347;0,214;0,138;0,235
0,987;0,049;1;;0,987;0,049;0,279;0,311;0,212;0,349
0,986;0,161;1;;0,986;0,161;0,275;0,349;0,233;0,437
0,985;0,289;1;;0,985;0,289;0,242;0,319;0,259;0,466
0,985;0,447;1;;0,985;0,447;0,217;0,222;0,288;0,404
0,987;0,594;1;;0,987;0,594;0,255;0,081;0,275;0,226
0,987;0,59;1;;0,987;0,59;0,327;0;0,3;0,03
0,987;0,578;1;;0,987;0,578;0,422;0;0,364;0
0,987;0,648;1;;0,987;0,648;0,511;0;0,408;0
0,987;0,621;1;;0,987;0,621;0,568;0;0,393;0
0,986;0,605;1;;0,986;0,605;0,592;0;0,358;0
0,986;0,473;1;;0,986;0,473;0,581;0;0,313;0
0,986;0,314;1;;0,986;0,314;0,545;0;0,263;0
0,987;0,151;1;;0,987;0,151;0,495;0;0,222;0
0,985;0,042;1;;0,985;0,042;0,44;0;0,192;0
0,968;0,001;1;;0,968;0,001;0,385;0;0,169;0
0,949;0;1;;0,949;0;0,333;0;0,157;0
0,942;0;1;;0,942;0;0,281;0;0,144;0
0,937;0;1;;0,937;0;0,241;0;0,14;0
0,925;0;1;;0,925;0;0,21;0;0,135;0
0,894;0;1;;0,894;0;0,19;0;0,129;0
0,872;0;1;;0,872;0;0,174;0;0,128;0
0,844;0;1;;0,844;0;0,159;0,01;0,121;0,067
0,806;0;1;;0,806;0;0,135;0,199;0,12;0,32
0,722;0,021;1;;0,722;0,021;0,108;0,404;0,112;0,511
0,734;0,072;1;;0,734;0,072;0,092;0,52;0,103;0,616
0,778;0,149;1;;0,778;0,149;0,075;0,531;0,101;0,652
0,684;0,248;1;;0,684;0,248;0,062;0,458;0,111;0,608
0,586;0,361;1;;0,586;0,361;0,058;0,337;0,131;0,487
0,489;0,451;1;;0,489;0,451;0,063;0,152;0,154;0,28
0,41;0,539;1;;0,41;0,539;0,074;0,001;0,21;0,046
0,34;0,629;1;;0,34;0,629;0,096;0;0,284;0
0,277;0,691;1;;0,277;0,691;0,127;0;0,32;0
0,242;0,653;1;;0,242;0,653;0,167;0;0,331;0
0,227;0,551;1;;0,227;0,551;0,224;0;0,327;0
0,246;0,427;1;;0,246;0,427;0,291;0;0,313;0
0,301;0,261;1;;0,301;0,261;0,355;0;0,295;0
0,357;0,135;1;;0,357;0,135;0,414;0;0,266;0
0,46;0,04;1;;0,46;0,04;0,472;0;0,239;0
0,667;0;1;;0,667;0;0,522;0;0,215;0
0,796;0;1;;0,796;0;0,557;0;0,2;0
0,811;0;1;;0,811;0;0,6;0;0,19;0
0,76;0;1;;0,76;0;0,655;0;0,18;0
0,659;0;1;;0,659;0;0,704;0;0,174;0
0,522;0;1;;0,522;0;0,736;0;0,157;0
0,355;0;1;;0,355;0;0,773;0;0,129;0
0,304;0;1;;0,304;0;0,762;0,001;0,101;0,056
0,455;0;1;;0,455;0;0,745;0,042;0,065;0,281
0,556;0,024;1;;0,556;0,024;0,725;0,097;0,042;0,518
0,54;0,065;1;;0,54;0,065;0,682;0,165;0,036;0,638
0,749;0,085;1;;0,749;0,085;0,645;0,184;0,022;0,666
0,865;0,114;1;;0,865;0,114;0,618;0,157;0,014;0,617
0,941;0,181;1;;0,941;0,181;0,619;0,117;0,014;0,497
0,978;0,203;1;;0,978;0,203;0,65;0,048;0,015;0,289
0,986;0,194;1;;0,986;0,194;0,683;0;0,014;0,049
0,985;0,185;1;;0,985;0,185;0,656;0;0,012;0
0,979;0,229;1;;0,979;0,229;0,605;0;0,011;0
0,971;0,35;1;;0,971;0,35;0,554;0;0,015;0
0,968;0,405;1;;0,968;0,405;0,508;0;0,024;0
0,961;0,325;1;;0,961;0,325;0,486;0;0,038;0
0,955;0,231;1;;0,955;0,231;0,497;0;0,052;0
0,958;0,114;1;;0,958;0,114;0,494;0;0,066;0
0,97;0,028;1;;0,97;0,028;0,483;0;0,078;0
0,963;0;1;;0,963;0;0,499;0;0,09;0
0,968;0;1;;0,968;0;0,537;0;0,109;0
0,977;0;1;;0,977;0;0,576;0;0,135;0
0,983;0;1;;0,983;0;0,59;0;0,159;0
0,983;0;1;;0,983;0;0,602;0;0,167;0
0,981;0;1;;0,981;0;0,617;0;0,158;0
0,984;0;1;;0,984;0;0,651;0;0,134;0
0,985;0;1;;0,985;0;0,675;0,002;0,118;0,025
0,983;0;1;;0,983;0;0,686;0,052;0,145;0,137
0,984;0,028;1;;0,984;0,028;0,692;0,122;0,211;0,283
0,987;0,082;1;;0,987;0,082;0,73;0,181;0,268;0,526
0,979;0,22;1;;0,979;0,22;0,787;0,212;0,28;0,603
0,935;0,391;1;;0,935;0,391;0,806;0,2;0,278;0,505
0,821;0,503;1;;0,821;0,503;0,821;0,116;0,261;0,347
0,741;0,513;1;;0,741;0,513;0,857;0,037;0,242;0,16
0,744;0,52;1;;0,744;0,52;0,881;0;0,244;0,02
0,763;0,444;1;;0,763;0,444;0,878;0;0,248;0
0,775;0,417;1;;0,775;0,417;0,864;0;0,243;0
0,759;0,441;1;;0,759;0,441;0,838;0;0,255;0
0,736;0,469;1;;0,736;0,469;0,807;0;0,295;0
0,769;0,386;1;;0,769;0,386;0,779;0;0,354;0
0,85;0,275;1;;0,85;0,275;0,756;0;0,391;0
0,911;0,148;1;;0,911;0,148;0,735;0;0,387;0
0,962;0,048;1;;0,962;0,048;0,706;0;0,374;0
0,986;0;1;;0,986;0;0,674;0;0,381;0
0,982;0;1;;0,982;0;0,625;0;0,394;0
0,963;0;1;;0,963;0;0,583;0;0,378;0
0,923;0;1;;0,923;0;0,537;0;0,331;0
0,817;0;1;;0,817;0;0,512;0;0,298;0
0,724;0;1;;0,724;0;0,503;0;0,293;0
0,764;0;1;;0,764;0;0,494;0;0,302;0
0,843;0;1;;0,843;0;0,468;0,008;0,295;0,022
0,905;0;1;;0,905;0;0,458;0,113;0,252;0,105
0,937;0,006;1;;0,937;0,006;0,413;0,227;0,221;0,197
0,952;0,058;1;;0,952;0,058;0,391;0,38;0,19;0,235
0,963;0,144;1;;0,963;0,144;0,369;0,481;0,174;0,216
0,981;0,29;1;;0,981;0,29;0,358;0,441;0,176;0,18
0,986;0,417;1;;0,986;0,417;0,368;0,282;0,188;0,118
0,986;0,341;1;;0,986;0,341;0,397;0,098;0,2;0,05
0,985;0,291;1;;0,985;0,291;0,454;0,002;0,193;0,004
0,986;0,452;1;;0,986;0,452;0,497;0;0,191;0
0,987;0,637;1;;0,987;0,637;0,498;0;0,195;0
0,984;0,586;1;;0,984;0,586;0,489;0;0,194;0
0,981;0,419;1;;0,981;0,419;0,497;0;0,198;0
0,984;0,327;1;;0,984;0,327;0,529;0;0,21;0
0,987;0,218;1;;0,987;0,218;0,565;0;0,22;0
0,983;0,127;1;;0,983;0,127;0,561;0;0,221;0
0,985;0,044;1;;0,985;0,044;0,508;0;0,21;0
0,986;0;1;;0,986;0;0,438;0;0,194;0
0,987;0;1;;0,987;0;0,391;0;0,185;0
0,987;0;1;;0,987;0;0,378;0;0,185;0
0,987;0;1;;0,987;0;0,391;0;0,183;0
0,985;0;1;;0,985;0;0,385;0;0,179;0
0,987;0;1;;0,987;0;0,335;0;0,174;0
0,98;0;1;;0,98;0;0,298;0;0,159;0
0,959;0;1;;0,959;0;0,303;0,014;0,127;0,036
0,964;0;1;;0,964;0;0,317;0,186;0,075;0,149
0,97;0,031;1;;0,97;0,031;0,313;0,386;0,041;0,238
0,968;0,093;1;;0,968;0,093;0,311;0,467;0,023;0,256
0,98;0,271;1;;0,98;0,271;0,253;0,463;0,028;0,251
0,932;0,423;1;;0,932;0,423;0,188;0,425;0,039;0,213
0,82;0,558;1;;0,82;0,558;0,133;0,272;0,049;0,158
0,609;0,638;1;;0,609;0,638;0,109;0,1;0,052;0,076
0,456;0,697;1;;0,456;0,697;0,134;0,001;0,053;0,009
0,354;0,712;1;;0,354;0,712;0,162;0;0,053;0
0,305;0,719;1;;0,305;0,719;0,164;0;0,05;0
0,323;0,674;1;;0,323;0,674;0,154;0;0,049;0
0,418;0,592;1;;0,418;0,592;0,136;0;0,041;0
0,555;0,47;1;;0,555;0,47;0,112;0;0,032;0
0,674;0,298;1;;0,674;0,298;0,087;0;0,031;0
0,763;0,135;1;;0,763;0,135;0,062;0;0,037;0
0,814;0,035;1;;0,814;0,035;0,043;0;0,048;0
0,86;0;1;;0,86;0;0,028;0;0,058;0
0,897;0;1;;0,897;0;0,022;0;0,06;0
0,939;0;1;;0,939;0;0,019;0;0,049;0
0,975;0;1;;0,975;0;0,019;0;0,039;0
0,987;0;1;;0,987;0;0,025;0;0,039;0
0,985;0;1;;0,985;0;0,036;0;0,044;0
0,975;0;1;;0,975;0;0,049;0;0,056;0
0,964;0;1;;0,964;0;0,075;0,007;0,072;0,019
0,947;0;1;;0,947;0;0,111;0,09;0,066;0,092
0,933;0,028;1;;0,933;0,028;0,179;0,105;0,071;0,185
0,956;0,101;1;;0,956;0,101;0,295;0,082;0,106;0,221
0,968;0,21;1;;0,968;0,21;0,382;0,06;0,15;0,216
0,977;0,307;1;;0,977;0,307;0,497;0,047;0,187;0,161
0,984;0,376;1;;0,984;0,376;0,571;0,033;0,215;0,082
0,987;0,406;1;;0,987;0,406;0,642;0,016;0,224;0,028
0,986;0,435;1;;0,986;0,435;0,719;0;0,298;0,002
0,984;0,496;1;;0,984;0,496;0,784;0;0,378;0
0,98;0,546;1;;0,98;0,546;0,84;0;0,432;0
0,974;0,494;1;;0,974;0,494;0,857;0;0,465;0
0,972;0,404;1;;0,972;0,404;0,833;0;0,529;0
0,974;0,323;1;;0,974;0,323;0,834;0;0,598;0
0,976;0,258;1;;0,976;0,258;0,788;0;0,608;0
0,982;0,135;1;;0,982;0,135;0,667;0;0,626;0
0,987;0,038;1;;0,987;0,038;0,683;0;0,642;0
0,982;0;1;;0,982;0;0,823;0;0,626;0
0,974;0;1;;0,974;0;0,9;0;0,6;0
0,974;0;1;;0,974;0;0,912;0;0,615;0
0,968;0;1;;0,968;0;0,893;0;0,616;0
0,96;0;1;;0,96;0;0,862;0;0,64;0
0,963;0;1;;0,963;0;0,796;0;0,696;0
0,963;0;1;;0,963;0;0,715;0;0,654;0
0,963;0;1;;0,963;0;0,653;0;0,616;0
0,961;0;1;;0,961;0;0,595;0,005;0,626;0,012
0,938;0,018;1;;0,938;0,018;0,532;0,015;0,599;0,028
0,923;0,071;1;;0,923;0,071;0,486;0,025;0,57;0,04
0,962;0,156;1;;0,962;0,156;0,462;0,032;0,554;0,043
0,981;0,32;1;;0,981;0,32;0,449;0,029;0,517;0,059
0,987;0,503;1;;0,987;0,503;0,472;0,017;0,519;0,057
0,985;0,543;1;;0,985;0,543;0,54;0,003;0,599;0,026
0,98;0,435;1;;0,98;0,435;0,627;0;0,659;0,001
0,976;0,477;1;;0,976;0,477;0,727;0;0,692;0
0,971;0,574;1;;0,971;0,574;0,817;0;0,704;0
0,971;0,525;1;;0,971;0,525;0,875;0;0,671;0
0,979;0,341;1;;0,979;0,341;0,906;0;0,654;0
0,986;0,152;1;;0,986;0,152;0,907;0;0,681;0
0,952;0,102;1;;0,952;0,102;0,873;0;0,686;0
0,851;0,074;1;;0,851;0,074;0,879;0;0,67;0
0,764;0,021;1;;0,764;0,021;0,917;0;0,748;0
0,765;0;1;;0,765;0;0,928;0;0,776;0
0,795;0;1;;0,795;0;0,923;0;0,799;0
0,77;0;1;;0,77;0;0,919;0;0,78;0
0,764;0;1;;0,764;0;0,906;0;0,759;0
0,823;0;1;;0,823;0;0,922;0;0,796;0
0,891;0;1;;0,891;0;0,9;0;0,798;0
0,932;0;1;;0,932;0;0,873;0;0,77;0
0,949;0;1;;0,949;0;0,864;0;0,7;0,005
0,95;0;1;;0,95;0;0,878;0,022;0,687;0,062
0,933;0,025;1;;0,933;0,025;0,875;0,038;0,662;0,206
0,866;0,101;1;;0,866;0,101;0,866;0,041;0,717;0,307
0,96;0,234;1;;0,96;0,234;0,821;0,032;0,807;0,282
0,986;0,385;1;;0,986;0,385;0,777;0,021;0,859;0,142
0,987;0,549;1;;0,987;0,549;0,755;0,01;0,853;0,051
0,986;0,577;1;;0,986;0,577;0,747;0,001;0,784;0,019
0,987;0,553;1;;0,987;0,553;0,709;0;0,744;0,001
0,987;0,517;1;;0,987;0,517;0,683;0;0,692;0
0,987;0,482;1;;0,987;0,482;0,681;0;0,561;0
0,987;0,473;1;;0,987;0,473;0,7;0;0,486;0
0,987;0,442;1;;0,987;0,442;0,724;0;0,507;0
0,987;0,344;1;;0,987;0,344;0,743;0;0,548;0
0,986;0,138;1;;0,986;0,138;0,746;0;0,546;0
0,972;0,049;1;;0,972;0,049;0,715;0;0,556;0
0,942;0,021;1;;0,942;0,021;0,682;0;0,583;0
0,91;0;1;;0,91;0;0,626;0;0,613;0
0,904;0;1;;0,904;0;0,568;0;0,65;0
0,923;0;1;;0,923;0;0,515;0;0,687;0
0,917;0;1;;0,917;0;0,474;0;0,729;0
0,893;0;1;;0,893;0;0,429;0;0,743;0
0,903;0;1;;0,903;0;0,343;0;0,75;0
0,932;0;1;;0,932;0;0,224;0;0,752;0
0,918;0;1;;0,918;0;0,114;0,001;0,753;0,004
0,892;0;1;;0,892;0;0,038;0,032;0,741;0,023
0,934;0,007;1;;0,934;0,007;0,036;0,075;0,761;0,044
0,981;0,08;1;;0,981;0,08;0,122;0,108;0,775;0,062
0,972;0,242;1;;0,972;0,242;0,325;0,097;0,728;0,08
0,942;0,405;1;;0,942;0,405;0,623;0,067;0,767;0,085
0,928;0,543;1;;0,928;0,543;0,805;0,033;0,819;0,064
0,923;0,621;1;;0,923;0,621;0,883;0,009;0,84;0,028
0,922;0,619;1;;0,922;0,619;0,905;0;0,86;0,002
0,921;0,647;1;;0,921;0,647;0,894;0;0,862;0
0,931;0,576;1;;0,931;0,576;0,88;0;0,845;0
0,952;0,502;1;;0,952;0,502;0,849;0;0,801;0
0,967;0,422;1;;0,967;0,422;0,828;0;0,735;0
0,977;0,313;1;;0,977;0,313;0,807;0;0,648;0
0,986;0,158;1;;0,986;0,158;0,771;0;0,575;0
0,982;0,06;1;;0,982;0,06;0,721;0;0,575;0
0,956;0,017;1;;0,956;0,017;0,72;0;0,56;0
0,928;0;1;;0,928;0;0,734;0;0,563;0
0,919;0;1;;0,919;0;0,726;0;0,564;0
0,918;0;1;;0,918;0;0,739;0;0,53;0
0,923;0;1;;0,923;0;0,741;0;0,483;0
0,925;0;1;;0,925;0;0,723;0;0,435;0
0,92;0;1;;0,92;0;0,713;0;0,377;0
0,933;0;1;;0,933;0;0,728;0;0,312;0
0,949;0;1;;0,949;0;0,747;0,006;0,245;0,055
0,959;0;1;;0,959;0;0,742;0,052;0,15;0,168
0,958;0,019;1;;0,958;0,019;0,706;0,086;0,15;0,252
0,96;0,08;1;;0,96;0,08;0,659;0,136;0,166;0,297
0,982;0,157;1;;0,982;0,157;0,682;0,231;0,195;0,474
0,986;0,268;1;;0,986;0,268;0,724;0,279;0,234;0,4
0,985;0,32;1;;0,985;0,32;0,717;0,25;0,252;0,299
0,985;0,329;1;;0,985;0,329;0,745;0,133;0,225;0,129
0,986;0,332;1;;0,986;0,332;0,786;0,011;0,248;0,027
0,987;0,246;1;;0,987;0,246;0,814;0;0,313;0
0,987;0,246;1;;0,987;0,246;0,818;0;0,385;0
0,987;0,357;1;;0,987;0,357;0,791;0;0,467;0
0,985;0,403;1;;0,985;0,403;0,735;0;0,533;0
0,978;0,241;1;;0,978;0,241;0,692;0;0,571;0
0,98;0,098;1;;0,98;0,098;0,639;0;0,568;0
0,986;0,055;1;;0,986;0,055;0,613;0;0,558;0
0,987;0,018;1;;0,987;0,018;0,605;0;0,555;0
0,982;0;1;;0,982;0;0,556;0;0,53;0
0,979;0;1;;0,979;0;0,537;0;0,517;0
0,98;0;1;;0,98;0;0,568;0;0,516;0
0,979;0;1;;0,979;0;0,582;0;0,537;0
0,978;0;1;;0,978;0;0,629;0;0,489;0
0,979;0;1;;0,979;0;0,668;0;0,449;0
0,974;0;1;;0,974;0;0,7;0;0,478;0
0,971;0;1;;0,971;0;0,72;0,004;0,449;0,006
0,963;0;1;;0,963;0;0,755;0,04;0,452;0,036
0,95;0,02;1;;0,95;0,02;0,715;0,08;0,474;0,102
0,961;0,096;1;;0,961;0,096;0,778;0,108;0,527;0,209
0,981;0,25;1;;0,981;0,25;0,827;0,12;0,582;0,25
0,986;0,397;1;;0,986;0,397;0,842;0,112;0,551;0,18
0,987;0,468;1;;0,987;0,468;0,884;0,078;0,478;0,123
0,986;0,453;1;;0,986;0,453;0,906;0,028;0,456;0,056
0,986;0,483;1;;0,986;0,483;0,916;0;0,504;0,007
0,986;0,522;1;;0,986;0,522;0,91;0;0,571;0
0,987;0,505;1;;0,987;0,505;0,895;0;0,614;0
0,986;0,469;1;;0,986;0,469;0,882;0;0,646;0
0,982;0,375;1;;0,982;0,375;0,859;0;0,602;0
0,973;0,329;1;;0,973;0,329;0,826;0;0,582;0
0,963;0,22;1;;0,963;0,22;0,8;0;0,517;0
0,937;0,099;1;;0,937;0,099;0,773;0;0,457;0
0,831;0,018;1;;0,831;0,018;0,74;0;0,39;0
0,698;0;1;;0,698;0;0,679;0;0,323;0
0,641;0;1;;0,641;0;0,629;0;0,257;0
0,642;0;1;;0,642;0;0,596;0;0,213;0
0,643;0;1;;0,643;0;0,585;0;0,211;0
0,645;0;1;;0,645;0;0,604;0;0,24;0
0,623;0;1;;0,623;0;0,606;0;0,263;0
0,574;0;1;;0,574;0;0,61;0;0,302;0
0,5;0;1;;0,5;0;0,618;0,009;0,369;0,019
0,426;0;1;;0,426;0;0,599;0,065;0,392;0,051
0,36;0,005;1;;0,36;0,005;0,642;0,117;0,368;0,079
0,298;0,042;1;;0,298;0,042;0,674;0,167;0,421;0,159
0,304;0,097;1;;0,304;0,097;0,689;0,2;0,435;0,286
0,385;0,173;1;;0,385;0,173;0,688;0,17;0,384;0,283
0,435;0,247;1;;0,435;0,247;0,638;0,168;0,323;0,148
0,445;0,315;1;;0,445;0,315;0,58;0,088;0,241;0,086
0,369;0,493;1;;0,369;0,493;0,542;0,009;0,23;0,018
0,266;0,474;1;;0,266;0,474;0,521;0;0,236;0
0,224;0,476;1;;0,224;0,476;0,586;0;0,226;0
0,255;0,455;1;;0,255;0,455;0,668;0;0,253;0
0,346;0,433;1;;0,346;0,433;0,734;0;0,351;0
0,508;0,313;1;;0,508;0,313;0,762;0;0,472;0
0,746;0,203;1;;0,746;0,203;0,782;0;0,534;0
0,884;0,081;1;;0,884;0,081;0,765;0;0,54;0
0,949;0,016;1;;0,949;0,016;0,762;0;0,548;0
0,978;0;1;;0,978;0;0,798;0;0,576;0
0,982;0;1;;0,982;0;0,819;0;0,58;0
0,974;0;1;;0,974;0;0,844;0;0,494;0
0,958;0;1;;0,958;0;0,851;0;0,533;0
0,934;0;1;;0,934;0;0,847;0;0,378;0
0,908;0;1;;0,908;0;0,864;0;0,32;0
0,894;0;1;;0,894;0;0,866;0;0,312;0
0,89;0;1;;0,89;0;0,874;0,022;0,282;0,005
0,9;0;1;;0,9;0;0,883;0,103;0,242;0,026
0,918;0,006;1;;0,918;0,006;0,9;0,244;0,187;0,051
0,948;0,053;1;;0,948;0,053;0,908;0,245;0,157;0,079
0,971;0,223;1;;0,971;0,223;0,895;0,271;0,15;0,11
0,973;0,428;1;;0,973;0,428;0,864;0,21;0,126;0,121
0,959;0,615;1;;0,959;0,615;0,818;0,126;0,142;0,054
0,916;0,756;1;;0,916;0,756;0,775;0,049;0,247;0,027
0,848;0,836;1;;0,848;0,836;0,763;0,002;0,332;0,005
0,802;0,863;1;;0,802;0,863;0,712;0;0,371;0
0,802;0,845;1;;0,802;0,845;0,618;0;0,359;0
0,841;0,781;1;;0,841;0,781;0,587;0;0,32;0
0,878;0,669;1;;0,878;0,669;0,575;0;0,257;0
0,894;0,459;1;;0,894;0,459;0,541;0;0,193;0
0,889;0,149;1;;0,889;0,149;0,504;0;0,158;0
0,874;0,038;1;;0,874;0,038;0,464;0;0,155;0
0,829;0,011;1;;0,829;0,011;0,439;0;0,177;0
0,616;0;1;;0,616;0;0,451;0;0,194;0
0,449;0;1;;0,449;0;0,473;0;0,169;0
0,475;0;1;;0,475;0;0,472;0;0,122;0
0,704;0;1;;0,704;0;0,469;0;0,082;0
0,893;0;1;;0,893;0;0,502;0;0,055;0
0,959;0;1;;0,959;0;0,533;0;0,036;0
0,963;0;1;;0,963;0;0,555;0;0,027;0
0,944;0;1;;0,944;0;0,561;0,019;0,028;0,039
0,944;0;1;;0,944;0;0,517;0,119;0,027;0,146
0,936;0,014;1;;0,936;0,014;0,464;0,215;0,03;0,258
0,926;0,079;1;;0,926;0,079;0,486;0,176;0,044;0,334
0,962;0,168;1;;0,962;0,168;0,522;0,113;0,066;0,309
0,981;0,22;1;;0,981;0,22;0,561;0,054;0,087;0,234
0,985;0,312;1;;0,985;0,312;0,585;0,031;0,096;0,182
0,983;0,328;1;;0,983;0,328;0,592;0,013;0,099;0,107
0,986;0,345;1;;0,986;0,345;0,576;0;0,1;0,023
0,987;0,315;1;;0,987;0,315;0,586;0;0,097;0
0,987;0,498;1;;0,987;0,498;0,592;0;0,089;0
0,985;0,696;1;;0,985;0,696;0,613;0;0,091;0
0,976;0,603;1;;0,976;0,603;0,649;0;0,11;0
0,967;0,435;1;;0,967;0,435;0,692;0;0,156;0
0,962;0,257;1;;0,962;0,257;0,715;0;0,229;0
0,974;0,098;1;;0,974;0,098;0,709;0;0,317;0
0,986;0,015;1;;0,986;0,015;0,713;0;0,413;0
0,987;0;1;;0,987;0;0,722;0;0,505;0
0,986;0;1;;0,986;0;0,738;0;0,589;0
0,982;0;1;;0,982;0;0,749;0;0,605;0
0,975;0;1;;0,975;0;0,73;0;0,635;0
0,958;0;1;;0,958;0;0,699;0;0,591;0
0,938;0;1;;0,938;0;0,686;0;0,568;0
0,902;0;1;;0,902;0;0,691;0;0,568;0
0,878;0;1;;0,878;0;0,666;0,046;0,515;0,024
0,879;0;1;;0,879;0;0,613;0,221;0,517;0,079
0,921;0,011;1;;0,921;0,011;0,494;0,447;0,586;0,143
0,932;0,068;1;;0,932;0,068;0,479;0,547;0,642;0,217
0,948;0,149;1;;0,948;0,149;0,548;0,56;0,671;0,283
0,977;0,237;1;;0,977;0,237;0,579;0,489;0,692;0,281
0,987;0,429;1;;0,987;0,429;0,565;0,342;0,626;0,162
0,985;0,624;1;;0,985;0,624;0,625;0,137;0,568;0,106
0,984;0,761;1;;0,984;0,761;0,686;0,013;0,596;0,026
0,986;0,801;1;;0,986;0,801;0,697;0;0,595;0
0,987;0,793;1;;0,987;0,793;0,678;0;0,602;0
0,987;0,738;1;;0,987;0,738;0,659;0;0,571;0
0,987;0,636;1;;0,987;0,636;0,67;0;0,536;0
0,987;0,491;1;;0,987;0,491;0,715;0;0,464;0
0,985;0,315;1;;0,985;0,315;0,77;0;0,376;0
0,974;0,137;1;;0,974;0,137;0,801;0;0,272;0
0,942;0,027;1;;0,942;0,027;0,783;0;0,181;0
0,898;0;1;;0,898;0;0,764;0;0,123;0
0,872;0;1;;0,872;0;0,799;0;0,095;0
0,85;0;1;;0,85;0;0,844;0;0,087;0
0,849;0;1;;0,849;0;0,856;0;0,091;0
0,856;0;1;;0,856;0;0,885;0;0,111;0
0,849;0;1;;0,849;0;0,9;0;0,129;0
0,845;0;1;;0,845;0;0,896;0;0,147;0,086
0,85;0;1;;0,85;0;0,918;0,005;0,144;0,069
0,848;0;1;;0,848;0;0,932;0,039;0,131;0,257
0,804;0,011;1;;0,804;0,011;0,933;0,072;0,154;0,543
0,587;0,065;1;;0,587;0,065;0,939;0,081;0,271;0,633
0,608;0,253;1;;0,608;0,253;0,951;0,069;0,345;0,67
0,652;0,444;1;;0,652;0,444;0,968;0,055;0,346;0,565
0,635;0,601;1;;0,635;0,601;0,975;0,035;0,323;0,374
0,613;0,714;1;;0,613;0,714;0,98;0,012;0,297;0,175
0,606;0,782;1;;0,606;0,782;0,986;0;0,32;0,029
0,649;0,805;1;;0,649;0,805;0,985;0;0,343;0
0,707;0,786;1;;0,707;0,786;0,981;0;0,379;0
0,719;0,726;1;;0,719;0,726;0,981;0;0,431;0
0,684;0,624;1;;0,684;0,624;0,984;0;0,473;0
0,628;0,482;1;;0,628;0,482;0,985;0;0,494;0
0,508;0,308;1;;0,508;0,308;0,987;0;0,483;0
0,365;0,13;1;;0,365;0,13;0,981;0;0,449;0
0,353;0,024;1;;0,353;0,024;0,971;0;0,42;0
0,511;0;1;;0,511;0;0,957;0;0,397;0
0,596;0;1;;0,596;0;0,948;0;0,358;0
0,554;0;1;;0,554;0;0,934;0;0,311;0
0,421;0;1;;0,421;0;0,94;0;0,279;0
0,275;0;1;;0,275;0;0,943;0;0,266;0
0,171;0;1;;0,171;0;0,939;0;0,245;0
0,132;0;1;;0,132;0;0,93;0;0,214;0
0,159;0;1;;0,159;0;0,922;0,006;0,173;0,064
0,238;0;1;;0,238;0;0,905;0,034;0,1;0,157
0,274;0,01;1;;0,274;0,01;0,901;0,063;0,072;0,23
0,136;0,066;1;;0,136;0,066;0,903;0,097;0,074;0,304
0,024;0,242;1;;0,024;0,242;0,9;0,14;0,077;0,32
0,001;0,42;1;;0,001;0,42;0,89;0,163;0,081;0,274
0;0,585;1;;0;0,585;0,881;0,128;0,088;0,241
0,139;0,696;1;;0,139;0,696;0,873;0,07;0,105;0,14
0,713;0,759;1;;0,713;0,759;0,866;0,007;0,113;0,038
0,923;0,772;1;;0,923;0,772;0,849;0;0,106;0
0,984;0,658;1;;0,984;0,658;0,823;0;0,099;0
0,967;0,481;1;;0,967;0,481;0,783;0;0,097;0
0,938;0,397;1;;0,938;0,397;0,763;0;0,108;0
0,934;0,454;1;;0,934;0,454;0,76;0;0,132;0
0,9;0,282;1;;0,9;0,282;0,757;0;0,16;0
0,88;0,121;1;;0,88;0,121;0,734;0;0,194;0
0,952;0,017;1;;0,952;0,017;0,72;0;0,233;0
0,983;0;1;;0,983;0;0,707;0;0,262;0
0,986;0;1;;0,986;0;0,711;0;0,268;0
0,976;0;1;;0,976;0;0,783;0;0,257;0
0,981;0;1;;0,981;0;0,842;0;0,24;0
0,984;0;1;;0,984;0;0,875;0;0,253;0
0,98;0;1;;0,98;0;0,899;0;0,292;0
0,976;0;1;;0,976;0;0,902;0;0,324;0
0,974;0;1;;0,974;0;0,882;0,001;0,306;0,054
0,972;0;1;;0,972;0;0,873;0,005;0,203;0,131
0,956;0,01;1;;0,956;0,01;0,889;0,013;0,166;0,181
0,961;0,077;1;;0,961;0,077;0,878;0,025;0,192;0,224
0,98;0,23;1;;0,98;0,23;0,882;0,027;0,22;0,289
0,983;0,385;1;;0,983;0,385;0,874;0,019;0,22;0,369
0,985;0,46;1;;0,985;0,46;0,865;0,011;0,21;0,379
0,985;0,49;1;;0,985;0,49;0,821;0,003;0,211;0,316
0,987;0,497;1;;0,987;0,497;0,793;0;0,29;0,107
0,986;0,491;1;;0,986;0,491;0,79;0;0,368;0
0,981;0,496;1;;0,981;0,496;0,747;0;0,415;0
0,974;0,505;1;;0,974;0,505;0,728;0;0,452;0
0,967;0,447;1;;0,967;0,447;0,683;0;0,473;0
0,966;0,363;1;;0,966;0,363;0,618;0;0,478;0
0,97;0,231;1;;0,97;0,231;0,529;0;0,463;0
0,982;0,082;1;;0,982;0,082;0,486;0;0,435;0
0,987;0,014;1;;0,987;0,014;0,496;0;0,407;0
0,984;0;1;;0,984;0;0,568;0;0,392;0
0,978;0;1;;0,978;0;0,647;0;0,386;0
0,976;0;1;;0,976;0;0,693;0;0,372;0
0,968;0;1;;0,968;0;0,749;0;0,368;0
0,963;0;1;;0,963;0;0,835;0;0,337;0
0,959;0;1;;0,959;0;0,871;0;0,34;0
0,958;0;1;;0,958;0;0,902;0;0,41;0
0,956;0;1;;0,956;0;0,927;0;0,421;0,051
0,954;0;1;;0,954;0;0,932;0,009;0,365;0,087
0,948;0,008;1;;0,948;0,008;0,918;0,028;0,377;0,067
0,949;0,06;1;;0,949;0,06;0,93;0,067;0,435;0,103
0,975;0,164;1;;0,975;0,164;0,971;0,081;0,468;0,14
0,98;0,327;1;;0,98;0,327;0,986;0,095;0,428;0,146
0,979;0,455;1;;0,979;0,455;0,987;0,081;0,429;0,108
0,975;0,496;1;;0,975;0,496;0,987;0,053;0,521;0,049
0,975;0,552;1;;0,975;0,552;0,983;0,009;0,63;0,014
0,98;0,631;1;;0,98;0,631;0,974;0;0,689;0
0,985;0,558;1;;0,985;0,558;0,953;0;0,704;0
0,987;0,477;1;;0,987;0,477;0,952;0;0,7;0
0,987;0,439;1;;0,987;0,439;0,975;0;0,672;0
0,985;0,303;1;;0,985;0,303;0,986;0;0,61;0
0,986;0,156;1;;0,986;0,156;0,987;0;0,508;0
0,979;0,066;1;;0,979;0,066;0,987;0;0,382;0
0,941;0,006;1;;0,941;0,006;0,987;0;0,323;0
0,917;0;1;;0,917;0;0,985;0;0,32;0
0,918;0;1;;0,918;0;0,98;0;0,373;0
0,925;0;1;;0,925;0;0,971;0;0,423;0
0,938;0;1;;0,938;0;0,956;0;0,427;0
0,946;0;1;;0,946;0;0,931;0;0,502;0
0,931;0;1;;0,931;0;0,909;0;0,575;0
0,908;0;1;;0,908;0;0,899;0;0,57;0
0,892;0;1;;0,892;0;0,906;0,001;0,557;0,017
0,892;0;1;;0,892;0;0,929;0,014;0,616;0,039
0,919;0,008;1;;0,919;0,008;0,938;0,026;0,61;0,074
0,954;0,076;1;;0,954;0,076;0,95;0,023;0,613;0,11
0,974;0,223;1;;0,974;0,223;0,961;0,038;0,668;0,125
0,977;0,392;1;;0,977;0,392;0,971;0,045;0,706;0,135
0,981;0,518;1;;0,981;0,518;0,977;0,042;0,712;0,103
0,985;0,474;1;;0,985;0,474;0,984;0,026;0,707;0,063
0,986;0,346;1;;0,986;0,346;0,987;0,003;0,72;0,021
0,983;0,293;1;;0,983;0,293;0,986;0;0,749;0
0,977;0,254;1;;0,977;0,254;0,986;0;0,754;0
0,971;0,297;1;;0,971;0,297;0,986;0;0,765;0
0,958;0,287;1;;0,958;0,287;0,984;0;0,777;0
0,954;0,15;1;;0,954;0,15;0,981;0;0,782;0
0,949;0,071;1;;0,949;0,071;0,98;0;0,773;0
0,936;0,042;1;;0,936;0,042;0,977;0;0,762;0
0,954;0,013;1;;0,954;0,013;0,978;0;0,776;0
0,973;0;1;;0,973;0;0,983;0;0,805;0
0,981;0;1;;0,981;0;0,987;0;0,854;0
0,985;0;1;;0,985;0;0,985;0;0,908;0
0,983;0;1;;0,983;0;0,984;0;0,835;0
0,977;0;1;;0,977;0;0,983;0;0,869;0
0,964;0;1;;0,964;0;0,987;0;0,901;0
0,946;0;1;;0,946;0;0,987;0;0,898;0
0,935;0;1;;0,935;0;0,985;0,015;0,891;0,056
0,93;0;1;;0,93;0;0,985;0,206;0,89;0,155
0,948;0,002;1;;0,948;0,002;0,973;0,43;0,892;0,204
0,968;0,052;1;;0,968;0,052;0,945;0,499;0,91;0,254
0,982;0,152;1;;0,982;0,152;0,895;0,251;0,927;0,261
0,985;0,234;1;;0,985;0,234;0,845;0,098;0,926;0,173
0,986;0,256;1;;0,986;0,256;0,811;0,076;0,916;0,153
0,986;0,265;1;;0,986;0,265;0,816;0,046;0,902;0,1
0,987;0,292;1;;0,987;0,292;0,842;0,006;0,893;0,039
0,987;0,336;1;;0,987;0,336;0,885;0;0,894;0
0,986;0,323;1;;0,986;0,323;0,917;0;0,88;0
0,985;0,334;1;;0,985;0,334;0,942;0;0,838;0
0,985;0,333;1;;0,985;0,333;0,961;0;0,728;0
0,985;0,258;1;;0,985;0,258;0,978;0;0,674;0
0,986;0,165;1;;0,986;0,165;0,987;0;0,617;0
0,986;0,064;1;;0,986;0,064;0,985;0;0,555;0
0,977;0,011;1;;0,977;0,011;0,98;0;0,505;0
0,969;0;1;;0,969;0;0,976;0;0,48;0
0,968;0;1;;0,968;0;0,971;0;0,5;0
0,964;0;1;;0,964;0;0,962;0;0,55;0
0,961;0;1;;0,961;0;0,938;0;0,659;0
0,963;0;1;;0,963;0;0,911;0;0,797;0
0,965;0;1;;0,965;0;0,865;0;0,883;0
0,959;0;1;;0,959;0;0,832;0;0,94;0
0,935;0;1;;0,935;0;0,825;0,002;0,957;0,009
0,893;0;1;;0,893;0;0,78;0,024;0,956;0,028
0,856;0,006;1;;0,856;0,006;0,714;0,034;0,954;0,037
0,78;0,062;1;;0,78;0,062;0,664;0,032;0,956;0,046
0,838;0,236;1;;0,838;0,236;0,561;0,031;0,958;0,054
0,845;0,407;1;;0,845;0,407;0,41;0,028;0,969;0,09
0,856;0,502;1;;0,856;0,502;0,254;0,024;0,979;0,035
0,84;0,615;1;;0,84;0,615;0,193;0,01;0,954;0,015
0,819;0,701;1;;0,819;0,701;0,275;0;0,912;0,006
0,803;0,756;1;;0,803;0,756;0,626;0;0,887;0
0,802;0,783;1;;0,802;0,783;0,815;0;0,92;0
0,833;0,703;1;;0,833;0,703;0,852;0;0,957;0
0,888;0,613;1;;0,888;0,613;0,88;0;0,953;0
0,935;0,405;1;;0,935;0,405;0,899;0;0,944;0
0,956;0,225;1;;0,956;0,225;0,922;0;0,951;0
0,958;0,097;1;;0,958;0,097;0,927;0;0,955;0
0,944;0,015;1;;0,944;0,015;0,959;0;0,948;0
0,935;0;1;;0,935;0;0,967;0;0,932;0
0,938;0;1;;0,938;0;0,973;0;0,899;0
0,902;0;1;;0,902;0;0,979;0;0,848;0
0,855;0;1;;0,855;0;0,979;0;0,775;0
0,838;0;1;;0,838;0;0,981;0;0,717;0
0,838;0;1;;0,838;0;0,984;0;0,687;0
0,845;0;1;;0,845;0;0,985;0;0,687;0
0,852;0;1;;0,852;0;0,984;0,135;0,67;0,047
0,864;0;1;;0,864;0;0,981;0,358;0,684;0,168
0,85;0,004;1;;0,85;0,004;0,976;0,501;0,777;0,35
0,798;0,042;1;;0,798;0,042;0,975;0,557;0,809;0,5
0,893;0,113;1;;0,893;0,113;0,975;0,598;0,815;0,521
0,928;0,218;1;;0,928;0,218;0,976;0,591;0,81;0,496
0,927;0,334;1;;0,927;0,334;0,979;0,492;0,792;0,38
0,916;0,276;1;;0,916;0,276;0,982;0,307;0,753;0,192
0,928;0,351;1;;0,928;0,351;0,982;0,071;0,71;0,047
0,954;0,515;1;;0,954;0,515;0,98;0;0,686;0
0,961;0,414;1;;0,961;0,414;0,974;0;0,664;0
0,958;0,264;1;;0,958;0,264;0,96;0;0,642;0
0,964;0,25;1;;0,964;0,25;0,95;0;0,652;0
0,968;0,198;1;;0,968;0,198;0,952;0;0,618;0
0,97;0,095;1;;0,97;0,095;0,956;0;0,548;0
0,965;0,025;1;;0,965;0,025;0,953;0;0,464;0
0,954;0,002;1;;0,954;0,002;0,927;0;0,452;0
0,936;0;1;;0,936;0;0,921;0;0,477;0
0,916;0;1;;0,916;0;0,936;0;0,456;0
0,921;0;1;;0,921;0;0,942;0;0,422;0
0,916;0;1;;0,916;0;0,927;0;0,368;0
0,928;0;1;;0,928;0;0,905;0;0,346;0
0,933;0;1;;0,933;0;0,882;0;0,346;0
0,942;0;1;;0,942;0;0,849;0;0,311;0
0,944;0;1;;0,944;0;0,776;0,025;0,233;0,044
0,951;0;1;;0,951;0;0,676;0,057;0,2;0,12
0,958;0,001;1;;0,958;0,001;0,593;0,093;0,225;0,155
0,964;0,042;1;;0,964;0,042;0,575;0,125;0,231;0,181
0,978;0,107;1;;0,978;0,107;0,615;0,154;0,225;0,185
0,987;0,162;1;;0,987;0,162;0,679;0,248;0,216;0,18
0,982;0,184;1;;0,982;0,184;0,705;0,213;0,224;0,179
0,968;0,23;1;;0,968;0,23;0,67;0,103;0,222;0,155
0,906;0,323;1;;0,906;0,323;0,708;0,026;0,255;0,064
0,809;0,406;1;;0,809;0,406;0,812;0;0,304;0
0,771;0,342;1;;0,771;0,342;0,862;0;0,329;0
0,783;0,288;1;;0,783;0,288;0,883;0;0,351;0
0,834;0,176;1;;0,834;0,176;0,907;0;0,397;0
0,872;0,171;1;;0,872;0,171;0,903;0;0,439;0
0,884;0,153;1;;0,884;0,153;0,905;0;0,452;0
0,921;0,077;1;;0,921;0,077;0,919;0;0,432;0
0,98;0,004;1;;0,98;0,004;0,932;0;0,399;0
0,981;0;1;;0,981;0;0,945;0;0,355;0
0,936;0;1;;0,936;0;0,949;0;0,299;0
0,905;0;1;;0,905;0;0,946;0;0,244;0
0,852;0;1;;0,852;0;0,928;0;0,199;0
0,788;0;1;;0,788;0;0,916;0;0,175;0
0,79;0;1;;0,79;0;0,902;0;0,176;0
0,805;0;1;;0,805;0;0,911;0;0,184;0,003
0,816;0;1;;0,816;0;0,894;0,009;0,14;0,142
0,819;0;1;;0,819;0;0,874;0,03;0,092;0,362
0,823;0,002;1;;0,823;0,002;0,848;0,059;0,11;0,581
0,798;0,051;1;;0,798;0,051;0,856;0,08;0,109;0,665
0,915;0,147;1;;0,915;0,147;0,887;0,065;0,092;0,652
0,975;0,344;1;;0,975;0,344;0,896;0,031;0,075;0,55
0,987;0,499;1;;0,987;0,499;0,904;0,014;0,065;0,398
0,98;0,619;1;;0,98;0,619;0,915;0,003;0,062;0,254
0,95;0,751;1;;0,95;0,751;0,913;0;0,058;0,099
0,886;0,724;1;;0,886;0,724;0,914;0;0,05;0
0,827;0,536;1;;0,827;0,536;0,907;0;0,053;0
0,826;0,452;1;;0,826;0,452;0,87;0;0,061;0
0,834;0,392;1;;0,834;0,392;0,874;0;0,068;0
0,841;0,296;1;;0,841;0,296;0,868;0;0,077;0
0,866;0,173;1;;0,866;0,173;0,85;0;0,08;0
0,909;0,056;1;;0,909;0,056;0,821;0;0,086;0
0,934;0,005;1;;0,934;0,005;0,8;0;0,094;0
0,962;0;1;;0,962;0;0,755;0;0,097;0
0,976;0;1;;0,976;0;0,767;0;0,088;0
0,984;0;1;;0,984;0;0,76;0;0,072;0
0,987;0;1;;0,987;0;0,747;0;0,063;0
0,987;0;1;;0,987;0;0,714;0;0,062;0
0,986;0;1;;0,986;0;0,68;0;0,063;0
0,984;0;1;;0,984;0;0,671;0;0,064;0,001
0,984;0;1;;0,984;0;0,64;0,095;0,06;0,059
0,985;0;1;;0,985;0;0,58;0,249;0,037;0,141
0,986;0,002;1;;0,986;0,002;0,592;0,41;0,028;0,252
0,986;0,049;1;;0,986;0,049;0,664;0,534;0,026;0,353
0,978;0,195;1;;0,978;0,195;0,708;0,618;0,032;0,37
0,884;0,323;1;;0,884;0,323;0,718;0,571;0,037;0,335
0,708;0,478;1;;0,708;0,478;0,704;0,473;0,037;0,301
0,483;0,648;1;;0,483;0,648;0,636;0,302;0,042;0,237
0,276;0,719;1;;0,276;0,719;0,602;0,086;0,052;0,104
0,186;0,707;1;;0,186;0,707;0,636;0;0,068;0
0,159;0,745;1;;0,159;0,745;0,616;0;0,106;0
0,184;0,691;1;;0,184;0,691;0,575;0;0,17;0
0,261;0,581;1;;0,261;0,581;0,548;0;0,231;0
0,365;0,444;1;;0,365;0,444;0,558;0;0,265;0
0,472;0,264;1;;0,472;0,264;0,594;0;0,288;0
0,609;0,102;1;;0,609;0,102;0,61;0;0,321;0
0,757;0,009;1;;0,757;0,009;0,589;0;0,333;0
0,862;0;1;;0,862;0;0,561;0;0,309;0
0,894;0;1;;0,894;0;0,537;0;0,256;0
0,936;0;1;;0,936;0;0,5;0;0,208;0
0,969;0;1;;0,969;0;0,457;0;0,176;0
0,985;0;1;;0,985;0;0,43;0;0,175;0
0,983;0;1;;0,983;0;0,432;0;0,2;0
0,963;0;1;;0,963;0;0,476;0,001;0,229;0,01
0,93;0;1;;0,93;0;0,526;0,173;0,205;0,255
0,88;0;1;;0,88;0;0,454;0,417;0,098;0,476
0,845;0,003;1;;0,845;0,003;0,365;0,574;0,057;0,627
0,783;0,052;1;;0,783;0,052;0,34;0,658;0,064;0,706
0,824;0,116;1;;0,824;0,116;0,359;0,678;0,089;0,723
0,838;0,225;1;;0,838;0,225;0,395;0,638;0,094;0,685
0,846;0,311;1;;0,846;0,311;0,438;0,534;0,12;0,585
0,821;0,274;1;;0,821;0,274;0,558;0,36;0,165;0,418
0,861;0,223;1;;0,861;0,223;0,734;0,123;0,245;0,182
0,906;0,235;1;;0,906;0,235;0,848;0;0,343;0,003
0,946;0,221;1;;0,946;0,221;0,898;0;0,443;0
0,983;0,188;1;;0,983;0,188;0,916;0;0,516;0
0,966;0,206;1;;0,966;0,206;0,918;0;0,563;0
0,812;0,195;1;;0,812;0,195;0,915;0;0,582;0
0,641;0,132;1;;0,641;0,132;0,907;0;0,593;0
0,587;0,054;1;;0,587;0,054;0,901;0;0,568;0
0,549;0,006;1;;0,549;0,006;0,896;0;0,5;0
0,517;0;1;;0,517;0;0,892;0;0,432;0
0,539;0;1;;0,539;0;0,883;0;0,351;0
0,543;0;1;;0,543;0;0,87;0;0,26;0
0,44;0;1;;0,44;0;0,86;0;0,2;0
0,353;0;1;;0,353;0;0,858;0;0,18;0
0,405;0;1;;0,405;0;0,862;0;0,183;0
0,391;0;1;;0,391;0;0,864;0,002;0,202;0,007
0,36;0;1;;0,36;0;0,821;0,185;0,157;0,191
0,41;0;1;;0,41;0;0,741;0,406;0,097;0,445
0,484;0,001;1;;0,484;0,001;0,715;0,554;0,097;0,634
0,578;0,055;1;;0,578;0,055;0,8;0,62;0,127;0,715
0,63;0,196;1;;0,63;0,196;0,833;0,637;0,148;0,731
0,674;0,4;1;;0,674;0,4;0,835;0,598;0,151;0,689
0,729;0,562;1;;0,729;0,562;0,825;0,491;0,145;0,586
0,76;0,672;1;;0,76;0,672;0,794;0,311;0,143;0,417
0,768;0,74;1;;0,768;0,74;0,806;0,092;0,181;0,182
0,77;0,743;1;;0,77;0,743;0,846;0;0,215;0,004
0,842;0,498;1;;0,842;0,498;0,854;0;0,246;0
0,919;0,328;1;;0,919;0,328;0,864;0;0,275;0
0,975;0,181;1;;0,975;0,181;0,853;0;0,293;0
0,986;0,125;1;;0,986;0,125;0,829;0;0,291;0
0,957;0,092;1;;0,957;0,092;0,81;0;0,268;0
0,87;0,044;1;;0,87;0,044;0,795;0;0,217;0
0,699;0,001;1;;0,699;0,001;0,772;0;0,159;0
0,631;0;1;;0,631;0;0,728;0;0,117;0
0,677;0;1;;0,677;0;0,683;0;0,099;0
0,724;0;1;;0,724;0;0,664;0;0,108;0
0,757;0;1;;0,757;0;0,632;0;0,135;0
0,848;0;1;;0,848;0;0,593;0;0,178;0
0,906;0;1;;0,906;0;0,543;0;0,235;0
0,937;0;1;;0,937;0;0,493;0;0,287;0,012
0,946;0;1;;0,946;0;0,448;0,072;0,252;0,177
0,953;0;1;;0,953;0;0,367;0,285;0,151;0,362
0,963;0,001;1;;0,963;0,001;0,33;0,456;0,143;0,57
0,965;0,045;1;;0,965;0,045;0,361;0,566;0,183;0,67
0,973;0,161;1;;0,973;0,161;0,48;0,592;0,212;0,691
0,955;0,241;1;;0,955;0,241;0,53;0,514;0,234;0,658
0,919;0,282;1;;0,919;0,282;0,544;0,402;0,244;0,57
0,827;0,257;1;;0,827;0,257;0,592;0,253;0,242;0,416
0,735;0,317;1;;0,735;0,317;0,736;0,092;0,323;0,192
0,689;0,304;1;;0,689;0,304;0,842;0;0,418;0,006
0,643;0,261;1;;0,643;0,261;0,881;0;0,475;0
0,574;0,222;1;;0,574;0,222;0,885;0;0,499;0
0,628;0,218;1;;0,628;0,218;0,876;0;0,497;0
0,629;0,109;1;;0,629;0,109;0,861;0;0,472;0
0,548;0,048;1;;0,548;0,048;0,838;0;0,437;0
0,475;0,017;1;;0,475;0,017;0,822;0;0,389;0
0,517;0;1;;0,517;0;0,811;0;0,33;0
0,613;0;1;;0,613;0;0,782;0;0,275;0
0,677;0;1;;0,677;0;0,719;0;0,232;0
0,767;0;1;;0,767;0;0,65;0;0,2;0
0,817;0;1;;0,817;0;0,595;0;0,188;0
0,813;0;1;;0,813;0;0,575;0;0,187;0
0,802;0;1;;0,802;0;0,562;0;0,174;0
0,801;0;1;;0,801;0;0,558;0;0,14;0,001
0,81;0;1;;0,81;0;0,522;0,054;0,094;0,064
0,821;0;1;;0,821;0;0,468;0,186;0,066;0,215
0,831;0,001;1;;0,831;0,001;0,419;0,46;0,073;0,515
0,763;0,051;1;;0,763;0,051;0,411;0,582;0,097;0,709
0,883;0,211;1;;0,883;0,211;0,441;0,607;0,123;0,726
0,927;0,356;1;;0,927;0,356;0,517;0,569;0,157;0,684
0,942;0,421;1;;0,942;0,421;0,516;0,461;0,19;0,581
0,948;0,444;1;;0,948;0,444;0,508;0,285;0,211;0,415
0,943;0,53;1;;0,943;0,53;0,594;0,089;0,278;0,187
0,934;0,597;1;;0,934;0,597;0,686;0;0,36;0,007
0,918;0,582;1;;0,918;0,582;0,738;0;0,407;0
0,897;0,545;1;;0,897;0,545;0,76;0;0,443;0
0,862;0,477;1;;0,862;0,477;0,756;0;0,496;0
0,814;0,341;1;;0,814;0,341;0,731;0;0,568;0
0,762;0,182;1;;0,762;0,182;0,704;0;0,582;0
0,677;0,052;1;;0,677;0,052;0,689;0;0,541;0
0,554;0;1;;0,554;0;0,7;0;0,486;0
0,503;0;1;;0,503;0;0,731;0;0,429;0
0,538;0;1;;0,538;0;0,764;0;0,397;0
0,599;0;1;;0,599;0;0,821;0;0,412;0
0,728;0;1;;0,728;0;0,827;0;0,437;0
0,84;0;1;;0,84;0;0,833;0;0,42;0
0,915;0;1;;0,915;0;0,842;0;0,354;0
0,964;0;1;;0,964;0;0,852;0;0,306;0
0,979;0;1;;0,979;0;0,845;0,017;0,231;0,025
0,983;0;1;;0,983;0;0,914;0,032;0,172;0,104
0,984;0;1;;0,984;0;0,951;0,036;0,175;0,216
0,983;0,005;1;;0,983;0,005;0,956;0,058;0,232;0,32
0,98;0,032;1;;0,98;0,032;0,964;0,048;0,28;0,509
0,978;0,1;1;;0,978;0,1;0,968;0,041;0,323;0,645
0,974;0,185;1;;0,974;0,185;0,966;0,048;0,365;0,571
0,959;0,264;1;;0,959;0,264;0,958;0,06;0,382;0,399
0,973;0,349;1;;0,973;0,349;0,954;0,028;0,415;0,183
0,985;0,365;1;;0,985;0,365;0,946;0;0,486;0,008
0,969;0,432;1;;0,969;0,432;0,946;0;0,511;0
0,97;0,445;1;;0,97;0,445;0,947;0;0,497;0
0,968;0,393;1;;0,968;0,393;0,941;0;0,461;0
0,973;0,295;1;;0,973;0,295;0,933;0;0,424;0
0,984;0,126;1;;0,984;0,126;0,925;0;0,389;0
0,981;0,032;1;;0,981;0,032;0,919;0;0,346;0
0,948;0;1;;0,948;0;0,912;0;0,294;0
0,936;0;1;;0,936;0;0,892;0;0,236;0
0,931;0;1;;0,931;0;0,869;0;0,182;0
0,931;0;1;;0,931;0;0,857;0;0,148;0
0,92;0;1;;0,92;0;0,821;0;0,147;0
0,924;0;1;;0,924;0;0,77;0;0,172;0
0,938;0;1;;0,938;0;0,735;0;0,199;0
0,96;0;1;;0,96;0;0,704;0;0,188;0,005
0,969;0;1;;0,969;0;0,706;0,01;0,121;0,052
0,98;0;1;;0,98;0;0,698;0,052;0,092;0,107
0,985;0;1;;0,985;0;0,738;0,11;0,098;0,226
0,953;0,019;1;;0,953;0,019;0,773;0,152;0,115;0,446
0,92;0,084;1;;0,92;0,084;0,795;0,178;0,129;0,485
0,927;0,18;1;;0,927;0,18;0,799;0,159;0,145;0,374
0,903;0,297;1;;0,903;0,297;0,8;0,106;0,166;0,26
0,827;0,418;1;;0,827;0,418;0,78;0,058;0,175;0,206
0,756;0,545;1;;0,756;0,545;0,794;0,012;0,186;0,114
0,742;0,591;1;;0,742;0,591;0,862;0;0,188;0,005
0,77;0,567;1;;0,77;0,567;0,92;0;0,191;0
0,829;0,499;1;;0,829;0,499;0,932;0;0,192;0
0,891;0,376;1;;0,891;0,376;0,922;0;0,189;0
0,944;0,228;1;;0,944;0,228;0,908;0;0,181;0
0,978;0,13;1;;0,978;0,13;0,895;0;0,181;0
0,987;0,046;1;;0,987;0,046;0,875;0;0,179;0
0,978;0,001;1;;0,978;0,001;0,855;0;0,17;0
0,952;0;1;;0,952;0;0,868;0;0,162;0
0,899;0;1;;0,899;0;0,876;0;0,155;0
0,858;0;1;;0,858;0;0,879;0;0,148;0
0,825;0;1;;0,825;0;0,867;0;0,148;0
0,8;0;1;;0,8;0;0,886;0;0,161;0
0,786;0;1;;0,786;0;0,892;0;0,179;0
0,773;0;1;;0,773;0;0,861;0,001;0,174;0,001
0,76;0;1;;0,76;0;0,803;0,029;0,129;0,016
0,754;0;1;;0,754;0;0,76;0,058;0,11;0,043
0,771;0;1;;0,771;0;0,84;0,098;0,097;0,113
0,69;0,042;1;;0,69;0,042;0,869;0,114;0,097;0,22
0,659;0,178;1;;0,659;0,178;0,851;0,077;0,117;0,367
0,646;0,314;1;;0,646;0,314;0,849;0,072;0,169;0,477
0,567;0,403;1;;0,567;0,403;0,831;0,046;0,224;0,373
0,507;0,465;1;;0,507;0,465;0,798;0,026;0,238;0,314
0,449;0,532;1;;0,449;0,532;0,784;0,006;0,285;0,141
0,403;0,493;1;;0,403;0,493;0,777;0;0,355;0,005
0,384;0,437;1;;0,384;0,437;0,76;0;0,365;0
0,4;0,376;1;;0,4;0,376;0,746;0;0,34;0
0,435;0,294;1;;0,435;0,294;0,747;0;0,324;0
0,418;0,194;1;;0,418;0,194;0,735;0;0,359;0
0,426;0,111;1;;0,426;0,111;0,708;0;0,443;0
0,525;0,032;1;;0,525;0,032;0,69;0;0,508;0
0,67;0;1;;0,67;0;0,633;0;0,533;0
0,779;0;1;;0,779;0;0,581;0;0,54;0
0,839;0;1;;0,839;0;0,503;0;0,529;0
0,892;0;1;;0,892;0;0,433;0;0,507;0
0,9;0;1;;0,9;0;0,414;0;0,46;0
0,897;0;1;;0,897;0;0,449;0;0,43;0
0,898;0;1;;0,898;0;0,5;0;0,385;0
0,892;0;1;;0,892;0;0,551;0,001;0,351;0,005
0,881;0;1;;0,881;0;0,642;0,068;0,255;0,075
0,874;0;1;;0,874;0;0,76;0,213;0,186;0,18
0,873;0;1;;0,873;0;0,783;0,357;0,245;0,326
0,819;0,038;1;;0,819;0,038;0,747;0,514;0,238;0,244
0,863;0,207;1;;0,863;0,207;0,695;0,539;0,215;0,352
0,84;0,393;1;;0,84;0,393;0,675;0,48;0,21;0,428
0,773;0,469;1;;0,773;0,469;0,68;0,425;0,224;0,382
0,72;0,49;1;;0,72;0,49;0,67;0,344;0,254;0,325
0,682;0,544;1;;0,682;0,544;0,642;0,144;0,31;0,113
0,644;0,45;1;;0,644;0,45;0,699;0,003;0,438;0,006
0,627;0,287;1;;0,627;0,287;0,753;0;0,518;0
0,677;0,184;1;;0,677;0,184;0,72;0;0,54;0
0,74;0,115;1;;0,74;0,115;0,674;0;0,554;0
0,739;0,073;1;;0,739;0,073;0,704;0;0,554;0
0,675;0,04;1;;0,675;0,04;0,75;0;0,551;0
0,561;0,015;1;;0,561;0,015;0,744;0;0,533;0
0,561;0;1;;0,561;0;0,701;0;0,531;0
0,578;0;1;;0,578;0;0,658;0;0,53;0
0,586;0;1;;0,586;0;0,603;0;0,515;0
0,52;0;1;;0,52;0;0,626;0;0,512;0
0,461;0;1;;0,461;0;0,653;0;0,503;0
0,443;0;1;;0,443;0;0,604;0;0,457;0
0,486;0;1;;0,486;0;0,599;0;0,431;0
0,54;0;1;;0,54;0;0,61;0,012;0,427;0,046
0,568;0;1;;0,568;0;0,48;0,105;0,243;0,32
0,555;0;1;;0,555;0;0,374;0,22;0,24;0,533
0,522;0;1;;0,522;0;0,385;0,394;0,274;0,673
0,476;0,023;1;;0,476;0,023;0,432;0,488;0,278;0,719
0,516;0,104;1;;0,516;0,104;0,424;0,513;0,317;0,677
0,623;0,176;1;;0,623;0,176;0,413;0,451;0,356;0,609
0,661;0,272;1;;0,661;0,272;0,411;0,355;0,365;0,419
0,615;0,428;1;;0,615;0,428;0,406;0,214;0,32;0,217
0,536;0,542;1;;0,536;0,542;0,452;0,079;0,297;0,087
0,51;0,551;1;;0,51;0,551;0,589;0,002;0,394;0,007
0,568;0,565;1;;0,568;0,565;0,716;0;0,497;0
0,683;0,564;1;;0,683;0,564;0,78;0;0,545;0
0,78;0,506;1;;0,78;0,506;0,787;0;0,554;0
0,845;0,376;1;;0,845;0,376;0,764;0;0,551;0
0,884;0,202;1;;0,884;0,202;0,726;0;0,53;0
0,889;0,056;1;;0,889;0,056;0,676;0;0,486;0
0,872;0;1;;0,872;0;0,629;0;0,424;0
0,854;0;1;;0,854;0;0,587;0;0,356;0
0,848;0;1;;0,848;0;0,551;0;0,3;0
0,829;0;1;;0,829;0;0,511;0;0,279;0
0,827;0;1;;0,827;0;0,48;0;0,303;0
0,836;0;1;;0,836;0;0,446;0;0,34;0
0,854;0;1;;0,854;0;0,4;0;0,346;0
0,876;0;1;;0,876;0;0,357;0,024;0,301;0,055
0,89;0;1;;0,89;0;0,289;0,256;0,139;0,328
0,891;0;1;;0,891;0;0,207;0,463;0,066;0,533
0,892;0;1;;0,892;0;0,18;0,605;0,08;0,671
0,865;0,034;1;;0,865;0,034;0,168;0,686;0,056;0,744
0,911;0,162;1;;0,911;0,162;0,178;0,705;0,046;0,758
0,945;0,286;1;;0,945;0,286;0,183;0,66;0,048;0,714
0,95;0,345;1;;0,95;0,345;0,181;0,532;0,064;0,615
0,959;0,441;1;;0,959;0,441;0,167;0,308;0,086;0,456
0,962;0,564;1;;0,962;0,564;0,16;0,098;0,124;0,234
0,957;0,598;1;;0,957;0,598;0,149;0,003;0,171;0,026
0,948;0,608;1;;0,948;0,608;0,132;0;0,216;0
0,942;0,565;1;;0,942;0,565;0,114;0;0,256;0
0,942;0,462;1;;0,942;0,462;0,087;0;0,286;0
0,938;0,335;1;;0,938;0,335;0,054;0;0,299;0
0,934;0,184;1;;0,934;0,184;0,031;0;0,284;0
0,903;0,056;1;;0,903;0,056;0,025;0;0,242;0
0,865;0;1;;0,865;0;0,036;0;0,196;0
0,858;0;1;;0,858;0;0,045;0;0,166;0
0,825;0;1;;0,825;0;0,051;0;0,152;0
0,802;0;1;;0,802;0;0,052;0;0,156;0
0,757;0;1;;0,757;0;0,057;0;0,185;0
0,71;0;1;;0,71;0;0,071;0;0,208;0
0,683;0;1;;0,683;0;0,084;0;0,2;0
0,621;0;1;;0,621;0;0,082;0,007;0,178;0,052
0,561;0;1;;0,561;0;0,071;0,092;0,117;0,306
0,506;0;1;;0,506;0;0,052;0,202;0,056;0,513
0,475;0;1;;0,475;0;0,039;0,285;0,036;0,654
0,401;0,028;1;;0,401;0,028;0,051;0,339;0,053;0,728
0,228;0,209;1;;0,228;0,209;0,088;0,454;0,062;0,745
0,224;0,426;1;;0,224;0,426;0,141;0,503;0,057;0,707
0,224;0,611;1;;0,224;0,611;0,198;0,481;0,059;0,612
0,212;0,751;1;;0,212;0,751;0,257;0,356;0,056;0,456
0,192;0,828;1;;0,192;0,828;0,331;0,159;0,05;0,24
0,195;0,842;1;;0,195;0,842;0,428;0,007;0,049;0,031
0,272;0,78;1;;0,272;0,78;0,478;0;0,068;0
0,453;0,622;1;;0,453;0,622;0,476;0;0,101;0
0,664;0,318;1;;0,664;0,318;0,449;0;0,139;0
0,77;0,1;1;;0,77;0,1;0,427;0;0,166;0
0,785;0,035;1;;0,785;0,035;0,446;0;0,172;0
0,704;0,004;1;;0,704;0,004;0,483;0;0,153;0
0,667;0;1;;0,667;0;0,508;0;0,126;0
0,846;0;1;;0,846;0;0,51;0;0,098;0
0,974;0;1;;0,974;0;0,5;0;0,072;0
0,986;0;1;;0,986;0;0,497;0;0,048;0
0,987;0;1;;0,987;0;0,452;0;0,03;0
0,987;0;1;;0,987;0;0,389;0;0,016;0
0,987;0;1;;0,987;0;0,338;0;0,011;0
0,987;0;1;;0,987;0;0,286;0,007;0,011;0,054
0,987;0;1;;0,987;0;0,201;0,12;0,012;0,315
0,986;0;1;;0,986;0;0,123;0,387;0,011;0,521
0,985;0;1;;0,985;0;0,098;0,606;0,01;0,658
0,985;0,021;1;;0,985;0,021;0,13;0,688;0,011;0,729
0,977;0,121;1;;0,977;0,121;0,202;0,702;0,017;0,741
0,955;0,335;1;;0,955;0,335;0,278;0,663;0,02;0,703
0,945;0,46;1;;0,945;0,46;0,33;0,579;0,022;0,61
0,952;0,638;1;;0,952;0,638;0,32;0,42;0,025;0,458
0,963;0,764;1;;0,963;0,764;0,323;0,204;0,03;0,246
0,973;0,822;1;;0,973;0,822;0,33;0,015;0,042;0,035
0,983;0,821;1;;0,983;0,821;0,286;0;0,069;0
0,987;0,754;1;;0,987;0,754;0,225;0;0,117;0
0,987;0,567;1;;0,987;0,567;0,179;0;0,176;0
0,987;0,398;1;;0,987;0,398;0,166;0;0,231;0
0,986;0,248;1;;0,986;0,248;0,188;0;0,256;0
0,984;0,056;1;;0,984;0,056;0,262;0;0,246;0
0,975;0;1;;0,975;0;0,384;0;0,216;0
0,964;0;1;;0,964;0;0,499;0;0,178;0
0,955;0;1;;0,955;0;0,572;0;0,145;0
0,961;0;1;;0,961;0;0,599;0;0,123;0
0,963;0;1;;0,963;0;0,598;0;0,112;0
0,963;0;1;;0,963;0;0,586;0;0,108;0
0,966;0;1;;0,966;0;0,573;0;0,105;0
0,974;0;1;;0,974;0;0,54;0,042;0,1;0,075
0,98;0;1;;0,98;0;0,449;0,276;0,082;0,338
0,983;0;1;;0,983;0;0,285;0,48;0,037;0,542
0,982;0;1;;0,982;0;0,229;0,62;0,02;0,679
0,977;0,024;1;;0,977;0,024;0,248;0,695;0,018;0,747
0,977;0,165;1;;0,977;0,165;0,322;0,709;0,021;0,76
0,986;0,339;1;;0,986;0,339;0,403;0,669;0,022;0,72
0,986;0,491;1;;0,986;0,491;0,457;0,571;0,027;0,626
0,979;0,632;1;;0,979;0,632;0,5;0,411;0,038;0,475
0,96;0,719;1;;0,96;0,719;0,619;0,187;0,063;0,262
0,945;0,649;1;;0,945;0,649;0,763;0,012;0,099;0,041
0,945;0,68;1;;0,945;0,68;0,853;0;0,151;0
0,95;0,608;1;;0,95;0,608;0,893;0;0,213;0
0,968;0,364;1;;0,968;0,364;0,905;0;0,287;0
0,987;0,129;1;;0,987;0,129;0,904;0;0,36;0
0,979;0,073;1;;0,979;0,073;0,9;0;0,416;0
0,952;0,026;1;;0,952;0,026;0,896;0;0,448;0
0,916;0;1;;0,916;0;0,892;0;0,452;0
0,887;0;1;;0,887;0;0,874;0;0,44;0
0,872;0;1;;0,872;0;0,844;0;0,43;0
0,822;0;1;;0,822;0;0,798;0;0,428;0
0,766;0;1;;0,766;0;0,748;0;0,449;0
0,715;0;1;;0,715;0;0,7;0;0,493;0
0,664;0;1;;0,664;0;0,639;0;0,519;0
0,602;0;1;;0,602;0;0,594;0;0,503;0,05
0,528;0;1;;0,528;0;0,558;0,016;0,315;0,192
0,46;0;1;;0,46;0;0,545;0,063;0,202;0,48
0,446;0;1;;0,446;0;0,493;0,122;0,323;0,636
0,358;0,009;1;;0,358;0,009;0,438;0,174;0,449;0,7
0,257;0,059;1;;0,257;0,059;0,395;0,258;0,551;0,627
0,236;0,108;1;;0,236;0,108;0,376;0,27;0,635;0,413
0,221;0,143;1;;0,221;0,143;0,332;0,195;0,695;0,426
0,187;0,163;1;;0,187;0,163;0,295;0,113;0,746;0,359
0,189;0,2;1;;0,189;0,2;0,312;0,043;0,785;0,151
0,226;0,214;1;;0,226;0,214;0,385;0,001;0,784;0,011
0,266;0,161;1;;0,266;0,161;0,388;0;0,733;0
0,29;0,122;1;;0,29;0,122;0,315;0;0,677;0
0,266;0,094;1;;0,266;0,094;0,231;0;0,664;0
0,191;0,069;1;;0,191;0,069;0,161;0;0,663;0
0,113;0,033;1;;0,113;0,033;0,12;0;0,629;0
0,082;0,007;1;;0,082;0,007;0,106;0;0,631;0
0,088;0;1;;0,088;0;0,109;0;0,575;0
0,113;0;1;;0,113;0;0,134;0;0,519;0
0,142;0;1;;0,142;0;0,18;0;0,515;0
0,167;0;1;;0,167;0;0,26;0;0,542;0
0,165;0;1;;0,165;0;0,378;0;0,512;0
0,152;0;1;;0,152;0;0,508;0;0,475;0
0,143;0;1;;0,143;0;0,578;0;0,43;0
0,134;0;1;;0,134;0;0,599;0,006;0,369;0,002
0,118;0;1;;0,118;0;0,568;0,091;0,305;0,044
0,107;0;1;;0,107;0;0,576;0,213;0,269;0,136
0,112;0;1;;0,112;0;0,634;0,394;0,322;0,312
0,106;0,006;1;;0,106;0,006;0,692;0,655;0,371;0,436
0,062;0,043;1;;0,062;0,043;0,706;0,725;0,399;0,34
0,044;0,086;1;;0,044;0,086;0,697;0,686;0,421;0,271
0,037;0,125;1;;0,037;0,125;0,655;0,581;0,432;0,199
0,034;0,155;1;;0,034;0,155;0,596;0,36;0,443;0,091
0,03;0,166;1;;0,03;0,166;0,55;0,112;0,421;0,035
0,025;0,177;1;;0,025;0,177;0,555;0,008;0,407;0,003
0,022;0,167;1;;0,022;0,167;0,518;0;0,394;0
0,019;0,159;1;;0,019;0,159;0,425;0;0,359;0
0,013;0,141;1;;0,013;0,141;0,371;0;0,311;0
0,011;0,119;1;;0,011;0,119;0,368;0;0,279;0
0,022;0,07;1;;0,022;0,07;0,394;0;0,264;0
0,089;0,014;1;;0,089;0,014;0,408;0;0,242;0
0,238;0;1;;0,238;0;0,388;0;0,211;0
0,422;0;1;;0,422;0;0,385;0;0,21;0
0,575;0;1;;0,575;0;0,443;0;0,236;0
0,702;0;1;;0,702;0;0,529;0;0,273;0
0,802;0;1;;0,802;0;0,556;0;0,268;0
0,825;0;1;;0,825;0;0,54;0;0,234;0
0,767;0;1;;0,767;0;0,515;0;0,231;0
0,707;0;1;;0,707;0;0,468;0,01;0,23;0,013
0,651;0;1;;0,651;0;0,39;0,076;0,17;0,069
0,577;0;1;;0,577;0;0,423;0,154;0,179;0,137
0,508;0;1;;0,508;0;0,466;0,254;0,231;0,195
0,413;0,005;1;;0,413;0,005;0,46;0,326;0,295;0,298
0,309;0,03;1;;0,309;0,03;0,437;0,308;0,342;0,412
0,233;0,073;1;;0,233;0,073;0,424;0,229;0,355;0,363
0,226;0,106;1;;0,226;0,106;0,433;0,143;0,357;0,285
0,286;0,132;1;;0,286;0,132;0,5;0,058;0,361;0,196
0,397;0,162;1;;0,397;0,162;0,633;0,017;0,397;0,073
0,56;0,185;1;;0,56;0,185;0,77;0,001;0,537;0,008
0,686;0,19;1;;0,686;0,19;0,858;0;0,654;0
0,734;0,177;1;;0,734;0,177;0,9;0;0,692;0
0,697;0,162;1;;0,697;0,162;0,911;0;0,686;0
0,554;0,141;1;;0,554;0,141;0,923;0;0,649;0
0,354;0,103;1;;0,354;0,103;0,936;0;0,667;0
0,312;0,032;1;;0,312;0,032;0,953;0;0,638;0
0,446;0;1;;0,446;0;0,962;0;0,658;0
0,531;0;1;;0,531;0;0,966;0;0,67;0
0,518;0;1;;0,518;0;0,971;0;0,626;0
0,518;0;1;;0,518;0;0,977;0;0,566;0
0,522;0;1;;0,522;0;0,984;0;0,551;0
0,475;0;1;;0,475;0;0,986;0;0,619;0
0,418;0;1;;0,418;0;0,984;0;0,68;0
0,467;0;1;;0,467;0;0,976;0,001;0,719;0,013
0,551;0;1;;0,551;0;0,964;0,034;0,721;0,067
0,625;0;1;;0,625;0;0,955;0,063;0,765;0,122
0,716;0;1;;0,716;0;0,943;0,09;0,819;0,176
0,721;0,012;1;;0,721;0,012;0,933;0,116;0,872;0,272
0,7;0,105;1;;0,7;0,105;0,926;0,111;0,871;0,211
0,892;0,308;1;;0,892;0,308;0,915;0,098;0,844;0,129
0,922;0,566;1;;0,922;0,566;0,901;0,077;0,831;0,103
0,903;0,698;1;;0,903;0,698;0,848;0,052;0,828;0,086
0,892;0,738;1;;0,892;0,738;0,762;0,019;0,821;0,078
0,885;0,725;1;;0,885;0,725;0,679;0;0,817;0,013
0,88;0,675;1;;0,88;0,675;0,68;0;0,814;0
0,892;0,571;1;;0,892;0,571;0,798;0;0,815;0
0,903;0,395;1;;0,903;0,395;0,94;0;0,821;0
0,906;0,23;1;;0,906;0,23;0,97;0;0,823;0
0,897;0,118;1;;0,897;0,118;0,962;0;0,81;0
0,854;0,024;1;;0,854;0,024;0,974;0;0,839;0
0,785;0;1;;0,785;0;0,985;0;0,839;0
0,75;0;1;;0,75;0;0,982;0;0,781;0
0,789;0;1;;0,789;0;0,983;0;0,76;0
0,773;0;1;;0,773;0;0,985;0;0,835;0
0,783;0;1;;0,783;0;0,987;0;0,855;0
0,768;0;1;;0,768;0;0,986;0;0,844;0
0,788;0;1;;0,788;0;0,986;0;0,856;0
0,805;0;1;;0,805;0;0,987;0,017;0,842;0,018
0,807;0;1;;0,807;0;0,986;0,066;0,882;0,067
0,802;0;1;;0,802;0;0,986;0,123;0,936;0,25
0,835;0;1;;0,835;0;0,985;0,136;0,982;0,566
0,866;0,011;1;;0,866;0,011;0,986;0,143;0,987;0,582
0,922;0,066;1;;0,922;0,066;0,984;0,208;0,986;0,479
0,958;0,156;1;;0,958;0,156;0,966;0,284;0,984;0,321
0,966;0,29;1;;0,966;0,29;0,919;0,234;0,987;0,175
0,969;0,53;1;;0,969;0,53;0,851;0,067;0,956;0,055
0,975;0,647;1;;0,975;0,647;0,781;0,015;0,887;0,036
0,982;0,606;1;;0,982;0,606;0,742;0;0,84;0,014
0,985;0,518;1;;0,985;0,518;0,722;0;0,819;0
0,987;0,415;1;;0,987;0,415;0,725;0;0,807;0
0,987;0,243;1;;0,987;0,243;0,748;0;0,72;0
0,987;0,161;1;;0,987;0,161;0,796;0;0,778;0
0,984;0,071;1;;0,984;0,071;0,866;0;0,856;0
0,974;0,016;1;;0,974;0,016;0,94;0;0,898;0
0,968;0;1;;0,968;0;0,977;0;0,892;0
0,97;0;1;;0,97;0;0,986;0;0,873;0
0,96;0;1;;0,96;0;0,987;0;0,845;0
0,948;0;1;;0,948;0;0,986;0;0,783;0
0,944;0;1;;0,944;0;0,984;0;0,679;0
0,931;0;1;;0,931;0;0,982;0;0,659;0
0,937;0;1;;0,937;0;0,98;0;0,718;0
0,942;0;1;;0,942;0;0,977;0,015;0,793;0,013
0,939;0;1;;0,939;0;0,974;0,079;0,808;0,047
0,931;0;1;;0,931;0;0,971;0,162;0,807;0,098
0,938;0;1;;0,938;0;0,971;0,285;0,786;0,129
0,941;0,013;1;;0,941;0,013;0,969;0,373;0,784;0,116
0,969;0,127;1;;0,969;0,127;0,965;0,461;0,825;0,096
0,987;0,294;1;;0,987;0,294;0,96;0,516;0,837;0,093
0,984;0,486;1;;0,984;0,486;0,953;0,501;0,763;0,14
0,983;0,64;1;;0,983;0,64;0,938;0,382;0,625;0,204
0,986;0,734;1;;0,986;0,734;0,891;0,206;0,474;0,137
0,987;0,719;1;;0,987;0,719;0,846;0,03;0,443;0,023
0,983;0,645;1;;0,983;0,645;0,816;0;0,51;0
0,973;0,595;1;;0,973;0,595;0,795;0;0,517;0
0,951;0,489;1;;0,951;0,489;0,786;0;0,5;0
0,913;0,338;1;;0,913;0,338;0,776;0;0,43;0
0,828;0,166;1;;0,828;0,166;0,764;0;0,35;0
0,61;0,035;1;;0,61;0,035;0,708;0;0,34;0
0,376;0;1;;0,376;0;0,721;0;0,313;0
0,124;0;1;;0,124;0;0,78;0;0,327;0
0,008;0;1;;0,008;0;0,768;0;0,424;0
0,004;0;1;;0,004;0;0,745;0;0,482;0
0,022;0;1;;0,022;0;0,697;0;0,476;0
0,072;0;1;;0,072;0;0,685;0;0,452;0
0,111;0;1;;0,111;0;0,706;0;0,449;0
0,146;0;1;;0,146;0;0,766;0,003;0,474;0,019
0,311;0;1;;0,311;0;0,81;0,017;0,483;0,17
0,592;0;1;;0,592;0;0,858;0,035;0,574;0,412
0,721;0;1;;0,721;0;0,906;0,061;0,68;0,6
0,705;0,01;1;;0,705;0,01;0,918;0,079;0,713;0,59
0,589;0,084;1;;0,589;0,084;0,901;0,088;0,724;0,527
0,581;0,207;1;;0,581;0,207;0,917;0,099;0,732;0,48
0,581;0,36;1;;0,581;0,36;0,938;0,108;0,731;0,388
0,561;0,499;1;;0,561;0,499;0,961;0,055;0,708;0,223
0,605;0,62;1;;0,605;0,62;0,981;0,009;0,718;0,1
0,674;0,682;1;;0,674;0,682;0,98;0;0,749;0,018
0,726;0,66;1;;0,726;0,66;0,974;0;0,76;0
0,771;0,577;1;;0,771;0,577;0,968;0;0,755;0
0,816;0,428;1;;0,816;0,428;0,959;0;0,743;0
0,852;0,296;1;;0,852;0,296;0,939;0;0,711;0
0,874;0,153;1;;0,874;0,153;0,89;0;0,692;0
0,838;0,033;1;;0,838;0,033;0,858;0;0,748;0
0,838;0;1;;0,838;0;0,893;0;0,8;0
0,865;0;1;;0,865;0;0,902;0;0,81;0
0,874;0;1;;0,874;0;0,856;0;0,785;0
0,893;0;1;;0,893;0;0,847;0;0,785;0
0,895;0;1;;0,895;0;0,865;0;0,83;0
0,897;0;1;;0,897;0;0,895;0;0,87;0
0,922;0;1;;0,922;0;0,906;0;0,934;0
0,94;0;1;;0,94;0;0,904;0,007;0,958;0,021
0,95;0;1;;0,95;0;0,879;0,071;0,948;0,082
0,953;0;1;;0,953;0;0,866;0,129;0,946;0,303
0,955;0;1;;0,955;0;0,918;0,101;0,946;0,5
0,951;0,013;1;;0,951;0,013;0,986;0,117;0,925;0,362
0,963;0,139;1;;0,963;0,139;0,975;0,161;0,895;0,467
0,986;0,325;1;;0,986;0,325;0,975;0,149;0,883;0,497
0,986;0,406;1;;0,986;0,406;0,985;0,209;0,897;0,483
0,984;0,505;1;;0,984;0,505;0,986;0,34;0,917;0,352
0,984;0,52;1;;0,984;0,52;0,984;0,217;0,907;0,168
0,985;0,46;1;;0,985;0,46;0,983;0,023;0,891;0,033
0,986;0,413;1;;0,986;0,413;0,986;0;0,892;0
0,987;0,398;1;;0,987;0,398;0,987;0;0,892;0
0,987;0,32;1;;0,987;0,32;0,984;0;0,89;0
0,987;0,222;1;;0,987;0,222;0,977;0;0,887;0
0,983;0,094;1;;0,983;0,094;0,959;0;0,889;0
0,962;0,018;1;;0,962;0,018;0,94;0;0,891;0
0,925;0;1;;0,925;0;0,965;0;0,892;0
0,888;0;1;;0,888;0;0,985;0;0,889;0
0,838;0;1;;0,838;0;0,987;0;0,88;0
0,828;0;1;;0,828;0;0,986;0;0,879;0
0,854;0;1;;0,854;0;0,986;0;0,887;0
0,87;0;1;;0,87;0;0,986;0;0,893;0
0,866;0;1;;0,866;0;0,985;0;0,885;0
0,821;0;1;;0,821;0;0,977;0,004;0,857;0,011
0,753;0;1;;0,753;0;0,977;0,124;0,808;0,053
0,727;0;1;;0,727;0;0,981;0,366;0,775;0,088
0,78;0;1;;0,78;0;0,981;0,557;0,766;0,226
0,802;0,007;1;;0,802;0,007;0,986;0,605;0,745;0,35
0,858;0,084;1;;0,858;0,084;0,985;0,599;0,71;0,442
0,932;0,154;1;;0,932;0,154;0,973;0,605;0,653;0,504
0,969;0,163;1;;0,969;0,163;0,961;0,51;0,605;0,451
0,984;0,136;1;;0,984;0,136;0,953;0,34;0,599;0,345
0,984;0,211;1;;0,984;0,211;0,939;0,146;0,594;0,193
0,951;0,265;1;;0,951;0,265;0,906;0,013;0,546;0,029
0,907;0,196;1;;0,907;0,196;0,878;0;0,551;0
0,859;0,187;1;;0,859;0,187;0,854;0;0,54;0
0,797;0,152;1;;0,797;0,152;0,819;0;0,533;0
0,805;0,092;1;;0,805;0,092;0,815;0;0,555;0
0,843;0,056;1;;0,843;0,056;0,84;0;0,533;0
0,898;0,005;1;;0,898;0,005;0,897;0;0,557;0
0,94;0;1;;0,94;0;0,927;0;0,605;0
0,969;0;1;;0,969;0;0,922;0;0,639;0
0,978;0;1;;0,978;0;0,945;0;0,671;0
0,984;0;1;;0,984;0;0,968;0;0,739;0
0,987;0;1;;0,987;0;0,986;0;0,874;0
0,985;0;1;;0,985;0;0,987;0;0,951;0
0,982;0;1;;0,982;0;0,979;0;0,93;0
0,976;0;1;;0,976;0;0,966;0,038;0,899;0,006
0,973;0;1;;0,973;0;0,959;0,166;0,869;0,04
0,967;0;1;;0,967;0;0,956;0,314;0,858;0,091
0,923;0;1;;0,923;0;0,956;0,48;0,887;0,177
0,907;0,005;1;;0,907;0,005;0,965;0,545;0,925;0,241
0,912;0,042;1;;0,912;0,042;0,973;0,505;0,934;0,237
0,917;0,087;1;;0,917;0,087;0,98;0,488;0,919;0,15
0,948;0,137;1;;0,948;0,137;0,986;0,358;0,927;0,223
0,977;0,191;1;;0,977;0,191;0,984;0,147;0,946;0,166
0,986;0,222;1;;0,986;0,222;0,977;0,059;0,957;0,063
0,987;0,231;1;;0,987;0,231;0,973;0,011;0,963;0,018
0,987;0,16;1;;0,987;0,16;0,976;0;0,96;0
0,985;0,158;1;;0,985;0,158;0,979;0;0,95;0
0,978;0,194;1;;0,978;0,194;0,982;0;0,922;0
0,962;0,164;1;;0,962;0,164;0,986;0;0,882;0
0,952;0,102;1;;0,952;0,102;0,984;0;0,85;0
0,968;0,017;1;;0,968;0,017;0,974;0;0,805;0
0,982;0;1;;0,982;0;0,97;0;0,715;0
0,987;0;1;;0,987;0;0,982;0;0,593;0
0,985;0;1;;0,985;0;0,987;0;0,469;0
0,973;0;1;;0,973;0;0,983;0;0,458;0
0,959;0;1;;0,959;0;0,972;0;0,449;0
0,936;0;1;;0,936;0;0,931;0;0,407;0
0,927;0;1;;0,927;0;0,864;0;0,371;0
0,919;0;1;;0,919;0;0,745;0,014;0,392;0,001
0,896;0;1;;0,896;0;0,642;0,087;0,663;0,012
0,869;0;1;;0,869;0;0,61;0,102;0,934;0,028
0,842;0;1;;0,842;0;0,494;0,093;0,973;0,114
0,806;0,006;1;;0,806;0,006;0,358;0,112;0,984;0,333
0,81;0,115;1;;0,81;0,115;0,251;0,137;0,985;0,473
0,897;0,32;1;;0,897;0,32;0,176;0,133;0,967;0,38
0,948;0,505;1;;0,948;0,505;0,214;0,118;0,958;0,298
0,975;0,62;1;;0,975;0,62;0,363;0,092;0,964;0,208
0,987;0,706;1;;0,987;0,706;0,54;0,05;0,98;0,103
0,981;0,771;1;;0,981;0,771;0,64;0,009;0,986;0,035
0,975;0,763;1;;0,975;0,763;0,661;0;0,979;0
0,972;0,678;1;;0,972;0,678;0,643;0;0,98;0
0,963;0,423;1;;0,963;0,423;0,658;0;0,972;0
0,948;0,218;1;;0,948;0,218;0,697;0;0,943;0
0,934;0,103;1;;0,934;0,103;0,654;0;0,917;0
0,943;0,012;1;;0,943;0,012;0,645;0;0,891;0
0,972;0;1;;0,972;0;0,72;0;0,845;0
0,983;0;1;;0,983;0;0,787;0;0,74;0
0,986;0;1;;0,986;0;0,816;0;0,691;0
0,985;0;1;;0,985;0;0,844;0;0,675;0
0,987;0;1;;0,987;0;0,845;0;0,735;0
0,987;0;1;;0,987;0;0,845;0;0,743;0
0,986;0;1;;0,986;0;0,846;0;0,795;0
0,986;0;1;;0,986;0;0,827;0,005;0,81;0,021
0,985;0;1;;0,985;0;0,808;0,033;0,802;0,068
0,984;0;1;;0,984;0;0,789;0,076;0,85;0,235
0,984;0;1;;0,984;0;0,782;0,167;0,875;0,254
0,985;0,006;1;;0,985;0,006;0,748;0,286;0,892;0,196
0,987;0,101;1;;0,987;0,101;0,615;0,326;0,901;0,2
0,983;0,253;1;;0,983;0,253;0,464;0,338;0,901;0,317
0,973;0,502;1;;0,973;0,502;0,418;0,311;0,906;0,337
0,964;0,639;1;;0,964;0,639;0,495;0,269;0,924;0,299
0,966;0,719;1;;0,966;0,719;0,606;0,159;0,937;0,187
0,976;0,735;1;;0,976;0,735;0,649;0,035;0,938;0,041
0,984;0,709;1;;0,984;0,709;0,704;0;0,933;0
0,987;0,643;1;;0,987;0,643;0,749;0;0,928;0
0,987;0,53;1;;0,987;0,53;0,731;0;0,923;0
0,984;0,362;1;;0,984;0,362;0,632;0;0,905;0
0,977;0,175;1;;0,977;0,175;0,592;0;0,859;0
0,954;0,018;1;;0,954;0,018;0,645;0;0,718;0
0,908;0;1;;0,908;0;0,667;0;0,598;0
0,846;0;1;;0,846;0;0,664;0;0,516;0
0,814;0;1;;0,814;0;0,679;0;0,442;0
0,815;0;1;;0,815;0;0,734;0;0,387;0
0,799;0;1;;0,799;0;0,735;0;0,355;0
0,762;0;1;;0,762;0;0,726;0;0,317;0
0,742;0;1;;0,742;0;0,766;0;0,318;0
0,714;0;1;;0,714;0;0,814;0,011;0,299;0,039
0,664;0;1;;0,664;0;0,894;0,037;0,327;0,229
0,602;0;1;;0,602;0;0,937;0,077;0,518;0,457
0,555;0;1;;0,555;0;0,953;0,106;0,659;0,616
0,485;0,005;1;;0,485;0,005;0,971;0,108;0,704;0,68
0,271;0,141;1;;0,271;0,141;0,987;0,088;0,74;0,655
0,153;0,382;1;;0,153;0,382;0,983;0,07;0,776;0,444
0,085;0,579;1;;0,085;0,579;0,978;0,061;0,795;0,294
0,052;0,701;1;;0,052;0,701;0,976;0,042;0,786;0,243
0,03;0,8;1;;0,03;0,8;0,976;0,019;0,784;0,183
0,014;0,835;1;;0,014;0,835;0,976;0,001;0,832;0,041
0,004;0,813;1;;0,004;0,813;0,973;0;0,873;0
0;0,739;1;;0;0,739;0,971;0;0,891;0
0;0,61;1;;0;0,61;0,973;0;0,903;0
0,005;0,424;1;;0,005;0,424;0,978;0;0,912;0
0,047;0,175;1;;0,047;0,175;0,984;0;0,912;0
0,243;0,017;1;;0,243;0,017;0,98;0;0,897;0
0,504;0;1;;0,504;0;0,985;0;0,922;0
0,632;0;1;;0,632;0;0,987;0;0,903;0
0,675;0;1;;0,675;0;0,986;0;0,79;0
0,651;0;1;;0,651;0;0,987;0;0,716;0
0,62;0;1;;0,62;0;0,986;0;0,711;0
0,58;0;1;;0,58;0;0,978;0;0,753;0
0,556;0;1;;0,556;0;0,958;0;0,835;0
0,533;0;1;;0,533;0;0,936;0,015;0,864;0,035
0,486;0;1;;0,486;0;0,923;0,07;0,899;0,113
0,442;0;1;;0,442;0;0,904;0,117;0,937;0,325
0,409;0;1;;0,409;0;0,881;0,151;0,951;0,534
0,371;0,001;1;;0,371;0,001;0,865;0,151;0,956;0,532
0,284;0,05;1;;0,284;0,05;0,873;0,145;0,958;0,53
0,269;0,191;1;;0,269;0,191;0,932;0,11;0,96;0,561
0,32;0,388;1;;0,32;0,388;0,978;0,065;0,957;0,413
0,407;0,492;1;;0,407;0,492;0,987;0,034;0,937;0,146
0,435;0,44;1;;0,435;0,44;0,983;0,019;0,906;0,056
0,375;0,348;1;;0,375;0,348;0,985;0,004;0,894;0,009
0,277;0,282;1;;0,277;0,282;0,987;0;0,872;0
0,181;0,185;1;;0,181;0,185;0,987;0;0,824;0
0,119;0,105;1;;0,119;0,105;0,987;0;0,738;0
0,081;0,062;1;;0,081;0,062;0,986;0;0,711;0
0,08;0,035;1;;0,08;0,035;0,982;0;0,713;0
0,101;0,003;1;;0,101;0,003;0,986;0;0,708;0
0,118;0;1;;0,118;0;0,984;0;0,704;0
0,101;0;1;;0,101;0;0,969;0;0,68;0
0,085;0;1;;0,085;0;0,951;0;0,625;0
0,058;0;1;;0,058;0;0,932;0;0,605;0
0,038;0;1;;0,038;0;0,915;0;0,623;0
0,031;0;1;;0,031;0;0,925;0;0,626;0
0,021;0;1;;0,021;0;0,937;0;0,643;0
0,008;0;1;;0,008;0;0,937;0,005;0,696;0,011
0,002;0;1;;0,002;0;0,94;0,032;0,757;0,028
0,002;0;1;;0,002;0;0,968;0,061;0,835;0,052
0,005;0;1;;0,005;0;0,981;0,059;0,901;0,069
0,015;0,002;1;;0,015;0,002;0,983;0,054;0,946;0,073
0,015;0,08;1;;0,015;0,08;0,982;0,054;0,97;0,089
0,039;0,269;1;;0,039;0,269;0,977;0,046;0,98;0,147
0,119;0,503;1;;0,119;0,503;0,94;0,035;0,983;0,134
0,193;0,657;1;;0,193;0,657;0,803;0,022;0,98;0,1
0,27;0,741;1;;0,27;0,741;0,845;0,013;0,969;0,036
0,394;0,772;1;;0,394;0,772;0,953;0,004;0,95;0,009
0,543;0,73;1;;0,543;0,73;0,98;0;0,93;0
0,627;0,651;1;;0,627;0,651;0,986;0;0,912;0
0,647;0,538;1;;0,647;0,538;0,986;0;0,871;0
0,642;0,378;1;;0,642;0,378;0,987;0;0,816;0
0,569;0,168;1;;0,569;0,168;0,987;0;0,762;0
0,497;0,014;1;;0,497;0,014;0,987;0;0,717;0
0,47;0;1;;0,47;0;0,987;0;0,682;0
0,575;0;1;;0,575;0;0,986;0;0,674;0
0,668;0;1;;0,668;0;0,981;0;0,641;0
0,674;0;1;;0,674;0;0,96;0;0,597;0
0,61;0;1;;0,61;0;0,921;0;0,565;0
0,522;0;1;;0,522;0;0,871;0;0,526;0
0,478;0;1;;0,478;0;0,842;0;0,518;0
0,519;0;1;;0,519;0;0,813;0,036;0,494;0,01
0,613;0;1;;0,613;0;0,844;0,097;0,474;0,029
0,704;0;1;;0,704;0;0,908;0,085;0,561;0,043
0,78;0;1;;0,78;0;0,917;0,088;0,724;0,061
0,825;0,002;1;;0,825;0,002;0,942;0,123;0,821;0,104
0,809;0,073;1;;0,809;0,073;0,978;0,084;0,936;0,149
0,784;0,19;1;;0,784;0,19;0,985;0,072;0,955;0,193
0,948;0,249;1;;0,948;0,249;0,861;0,292;0,955;0,138
0,987;0,31;1;;0,987;0,31;0,838;0,33;0,949;0,1
0,982;0,323;1;;0,982;0,323;0,849;0,186;0,95;0,062
0,98;0,277;1;;0,98;0,277;0,875;0,044;0,954;0,011
0,984;0,165;1;;0,984;0,165;0,906;0;0,954;0
0,987;0,102;1;;0,987;0,102;0,921;0;0,955;0
0,983;0,066;1;;0,983;0,066;0,928;0;0,956;0
0,973;0,04;1;;0,973;0,04;0,945;0;0,954;0
0,959;0,018;1;;0,959;0,018;0,962;0;0,941;0
0,935;0,001;1;;0,935;0,001;0,976;0;0,915;0
0,889;0;1;;0,889;0;0,983;0;0,885;0
0,825;0;1;;0,825;0;0,987;0;0,851;0
0,747;0;1;;0,747;0;0,983;0;0,796;0
0,66;0;1;;0,66;0;0,975;0;0,721;0
0,464;0;1;;0,464;0;0,961;0;0,649;0
0,277;0;1;;0,277;0;0,941;0;0,609;0
0,255;0;1;;0,255;0;0,919;0;0,6;0
0,209;0;1;;0,209;0;0,895;0,029;0,659;0,011
0,232;0;1;;0,232;0;0,868;0,083;0,818;0,029
0,304;0;1;;0,304;0;0,837;0,082;0,888;0,111
0,407;0;1;;0,407;0;0,827;0,106;0,92;0,195
0,623;0;1;;0,623;0;0,723;0,115;0,938;0,342
0,719;0,007;1;;0,719;0,007;0,649;0,122;0,937;0,338
0,673;0,036;1;;0,673;0,036;0,728;0,073;0,934;0,36
0,602;0,073;1;;0,602;0,073;0,812;0,043;0,928;0,316
0,548;0,062;1;;0,548;0,062;0,859;0,027;0,911;0,2
0,61;0,105;1;;0,61;0,105;0,951;0,008;0,886;0,084
0,567;0,151;1;;0,567;0,151;0,987;0;0,835;0,027
0,457;0,125;1;;0,457;0,125;0,984;0;0,808;0
0,407;0,086;1;;0,407;0,086;0,97;0;0,794;0
0,371;0,047;1;;0,371;0,047;0,957;0;0,775;0
0,359;0,024;1;;0,359;0,024;0,946;0;0,754;0
0,486;0,006;1;;0,486;0,006;0,93;0;0,739;0
0,678;0;1;;0,678;0;0,927;0;0,74;0
0,728;0;1;;0,728;0;0,935;0;0,745;0
0,805;0;1;;0,805;0;0,948;0;0,742;0
0,869;0;1;;0,869;0;0,956;0;0,744;0
0,887;0;1;;0,887;0;0,959;0;0,755;0
0,872;0;1;;0,872;0;0,97;0;0,764;0
0,835;0;1;;0,835;0;0,985;0;0,781;0
0,732;0;1;;0,732;0;0,982;0;0,813;0
0,674;0;1;;0,674;0;0,96;0,023;0,798;0,076
0,608;0;1;;0,608;0;0,959;0,124;0,824;0,16
0,627;0;1;;0,627;0;0,97;0,406;0,843;0,231
0,613;0;1;;0,613;0;0,981;0,594;0,82;0,148
0,506;0;1;;0,506;0;0,986;0,662;0,808;0,175
0,247;0,021;1;;0,247;0,021;0,987;0,626;0,76;0,163
0,029;0,065;1;;0,029;0,065;0,986;0,588;0,697;0,164
0,006;0,137;1;;0,006;0,137;0,985;0,529;0,661;0,196
0,013;0,148;1;;0,013;0,148;0,984;0,433;0,632;0,189
0,055;0,156;1;;0,055;0,156;0,985;0,271;0,592;0,127
0,211;0,142;1;;0,211;0,142;0,985;0,07;0,609;0,035
0,565;0,138;1;;0,565;0,138;0,984;0;0,613;0
0,823;0,107;1;;0,823;0,107;0,98;0;0,556;0
0,915;0,08;1;;0,915;0,08;0,978;0;0,555;0
0,966;0,043;1;;0,966;0,043;0,979;0;0,559;0
0,985;0,013;1;;0,985;0,013;0,982;0;0,543;0
0,987;0;1;;0,987;0;0,987;0;0,508;0
0,986;0;1;;0,986;0;0,986;0;0,465;0
0,984;0;1;;0,984;0;0,986;0;0,383;0
0,978;0;1;;0,978;0;0,985;0;0,327;0
0,955;0;1;;0,955;0;0,987;0;0,286;0
0,916;0;1;;0,916;0;0,987;0;0,307;0
0,944;0;1;;0,944;0;0,987;0;0,395;0
0,975;0;1;;0,975;0;0,987;0;0,446;0
0,986;0;1;;0,986;0;0,987;0,049;0,483;0,032
0,985;0;1;;0,985;0;0,986;0,167;0,541;0,1
0,983;0;1;;0,983;0;0,983;0,267;0,568;0,168
0,979;0;1;;0,979;0;0,98;0,353;0,53;0,314
0,973;0;1;;0,973;0;0,981;0,431;0,46;0,638
0,96;0,033;1;;0,96;0,033;0,982;0,475;0,433;0,646
0,966;0,125;1;;0,966;0,125;0,983;0,461;0,434;0,611
0,982;0,294;1;;0,982;0,294;0,984;0,428;0,432;0,563
0,985;0,537;1;;0,985;0,537;0,986;0,33;0,423;0,449
0,985;0,709;1;;0,985;0,709;0,986;0,185;0,389;0,279
0,983;0,795;1;;0,983;0,795;0,981;0,058;0,325;0,087
0,981;0,795;1;;0,981;0,795;0,977;0;0,305;0
0,982;0,715;1;;0,982;0,715;0,966;0;0,287;0
0,984;0,579;1;;0,984;0,579;0,951;0;0,27;0
0,984;0,384;1;;0,984;0,384;0,934;0;0,252;0
0,979;0,136;1;;0,979;0,136;0,935;0;0,243;0
0,964;0,007;1;;0,964;0,007;0,922;0;0,242;0
0,947;0;1;;0,947;0;0,907;0;0,244;0
0,908;0;1;;0,908;0;0,894;0;0,235;0
0,875;0;1;;0,875;0;0,892;0;0,211;0
0,862;0;1;;0,862;0;0,902;0;0,177;0
0,852;0;1;;0,852;0;0,889;0;0,143;0
0,854;0;1;;0,854;0;0,876;0;0,121;0
0,875;0;1;;0,875;0;0,883;0,002;0,101;0,003
0,899;0;1;;0,899;0;0,854;0,134;0,067;0,167
0,923;0;1;;0,923;0;0,81;0,304;0,027;0,406
0,925;0;1;;0,925;0;0,801;0,527;0,026;0,581
0,922;0;1;;0,922;0;0,735;0,69;0,029;0,72
0,914;0;1;;0,914;0;0,68;0,753;0,037;0,802
0,903;0,044;1;;0,903;0,044;0,649;0,756;0,047;0,83
0,918;0,121;1;;0,918;0,121;0,629;0,726;0,058;0,794
0,957;0,2;1;;0,957;0,2;0,586;0,646;0,072;0,705
0,975;0,266;1;;0,975;0,266;0,511;0,517;0,081;0,558
0,983;0,282;1;;0,983;0,282;0,446;0,332;0,077;0,357
0,985;0,255;1;;0,985;0,255;0,429;0,112;0,074;0,126
0,985;0,287;1;;0,985;0,287;0,425;0;0,063;0
0,986;0,325;1;;0,986;0,325;0,341;0;0,061;0
0,986;0,219;1;;0,986;0,219;0,231;0;0,057;0
0,984;0,144;1;;0,984;0,144;0,221;0;0,052;0
0,981;0,069;1;;0,981;0,069;0,356;0;0,049;0
0,977;0,003;1;;0,977;0,003;0,568;0;0,054;0
0,976;0;1;;0,976;0;0,731;0;0,069;0
0,981;0;1;;0,981;0;0,822;0;0,084;0
0,984;0;1;;0,984;0;0,859;0;0,087;0
0,986;0;1;;0,986;0;0,845;0;0,071;0
0,987;0;1;;0,987;0;0,821;0;0,06;0
0,985;0;1;;0,985;0;0,798;0;0,055;0
0,985;0;1;;0,985;0;0,798;0;0,055;0,003
0,987;0;1;;0,987;0;0,805;0,026;0,052;0,139
0,985;0;1;;0,985;0;0,788;0,085;0,03;0,377
0,982;0;1;;0,982;0;0,8;0,081;0,031;0,568
0,981;0;1;;0,981;0;0,812;0,115;0,029;0,682
0,981;0;1;;0,981;0;0,83;0,142;0,018;0,747
0,981;0,032;1;;0,981;0,032;0,844;0,156;0,013;0,716
0,973;0,121;1;;0,973;0,121;0,862;0,163;0,01;0,644
0,937;0,275;1;;0,937;0,275;0,849;0,114;0,007;0,629
0,882;0,559;1;;0,882;0,559;0,793;0,065;0,008;0,531
0,85;0,68;1;;0,85;0,68;0,715;0,054;0,01;0,342
0,845;0,698;1;;0,845;0,698;0,649;0,02;0,011;0,121
0,869;0,633;1;;0,869;0,633;0,655;0;0,013;0
0,906;0,523;1;;0,906;0,523;0,661;0;0,019;0
0,949;0,316;1;;0,949;0,316;0,632;0;0,026;0
0,978;0,174;1;;0,978;0,174;0,61;0;0,036;0
0,986;0,075;1;;0,986;0,075;0,615;0;0,044;0
0,966;0,003;1;;0,966;0,003;0,646;0;0,048;0
0,935;0;1;;0,935;0;0,676;0;0,051;0
0,909;0;1;;0,909;0;0,678;0;0,062;0
0,883;0;1;;0,883;0;0,656;0;0,08;0
0,815;0;1;;0,815;0;0,664;0;0,092;0
0,728;0;1;;0,728;0;0,656;0;0,079;0
0,759;0;1;;0,759;0;0,677;0;0,058;0
0,762;0;1;;0,762;0;0,726;0;0,05;0,004
0,731;0;1;;0,731;0;0,769;0,017;0,05;0,163
0,704;0;1;;0,704;0;0,803;0,06;0,029;0,395
0,709;0;1;;0,709;0;0,864;0,112;0,029;0,582
0,708;0;1;;0,708;0;0,901;0,183;0,051;0,706
0,715;0;1;;0,715;0;0,901;0,241;0,058;0,777
0,72;0,018;1;;0,72;0,018;0,895;0,332;0,067;0,796
0,736;0,064;1;;0,736;0,064;0,879;0,347;0,072;0,762
0,782;0,11;1;;0,782;0,11;0,858;0,302;0,075;0,677
0,884;0,146;1;;0,884;0,146;0,817;0,215;0,081;0,539
0,921;0,184;1;;0,921;0,184;0,773;0,102;0,094;0,35
0,931;0,238;1;;0,931;0,238;0,705;0,025;0,112;0,131
0,935;0,285;1;;0,935;0,285;0,634;0;0,122;0,001
0,928;0,261;1;;0,928;0,261;0,59;0;0,138;0
0,895;0,132;1;;0,895;0,132;0,547;0;0,154;0
0,802;0,079;1;;0,802;0,079;0,469;0;0,173;0
0,743;0,035;1;;0,743;0,035;0,423;0;0,194;0
0,796;0,001;1;;0,796;0,001;0,384;0;0,222;0
0,797;0;1;;0,797;0;0,305;0;0,252;0
0,78;0;1;;0,78;0;0,25;0;0,267;0
0,713;0;1;;0,713;0;0,203;0;0,257;0
0,655;0;1;;0,655;0;0,112;0;0,23;0
0,605;0;1;;0,605;0;0,024;0;0,203;0
0,522;0;1;;0,522;0;0,042;0;0,187;0
0,472;0;1;;0,472;0;0,133;0;0,19;0,005
0,428;0;1;;0,428;0;0,216;0,026;0,169;0,142
0,411;0;1;;0,411;0;0,278;0,102;0,079;0,334
0,405;0;1;;0,405;0;0,371;0,199;0,054;0,502
0,418;0;1;;0,418;0;0,457;0,312;0,125;0,616
0,467;0;1;;0,467;0;0,486;0,451;0,156;0,697
0,449;0,041;1;;0,449;0,041;0,481;0,55;0,149;0,735
0,384;0,147;1;;0,384;0,147;0,456;0,574;0,151;0,722
0,332;0,248;1;;0,332;0,248;0,421;0,533;0,159;0,645
0,242;0,302;1;;0,242;0,302;0,397;0,436;0,17;0,516
0,183;0,316;1;;0,183;0,316;0,404;0,261;0,177;0,34
0,152;0,439;1;;0,152;0,439;0,46;0,086;0,167;0,128
0,119;0,485;1;;0,119;0,485;0,602;0;0,143;0,002
0,088;0,41;1;;0,088;0,41;0,711;0;0,118;0
0,051;0,253;1;;0,051;0,253;0,734;0;0,101;0
0,017;0,134;1;;0,017;0,134;0,674;0;0,089;0
0,004;0,048;1;;0,004;0,048;0,603;0;0,085;0
0,002;0,001;1;;0,002;0,001;0,605;0;0,087;0
0,008;0;1;;0,008;0;0,592;0;0,094;0
0,019;0;1;;0,019;0;0,519;0;0,106;0
0,028;0;1;;0,028;0;0,483;0;0,11;0
0,026;0;1;;0,026;0;0,447;0;0,102;0
0,015;0;1;;0,015;0;0,403;0;0,101;0
0,006;0;1;;0,006;0;0,394;0;0,144;0
0,002;0;1;;0,002;0;0,44;0;0,215;0,006
0,007;0;1;;0,007;0;0,517;0,012;0,191;0,154
0,021;0;1;;0,021;0;0,561;0,048;0,094;0,372
0,028;0;1;;0,028;0;0,619;0,137;0,09;0,563
0,028;0;1;;0,028;0;0,704;0,222;0,103;0,685
0,029;0;1;;0,029;0;0,753;0,378;0,112;0,754
0,023;0,052;1;;0,023;0,052;0,794;0,639;0,13;0,772
0,006;0,15;1;;0,006;0,15;0,835;0,699;0,159;0,728
0;0,297;1;;0;0,297;0,84;0,642;0,198;0,641
0,005;0,478;1;;0,005;0,478;0,814;0,409;0,241;0,501
0,015;0,604;1;;0,015;0,604;0,739;0,186;0,297;0,311
0,03;0,543;1;;0,03;0,543;0,61;0,061;0,382;0,107
0,036;0,472;1;;0,036;0,472;0,566;0,001;0,523;0,001
0,027;0,502;1;;0,027;0,502;0,586;0;0,586;0
0,019;0,416;1;;0,019;0,416;0,54;0;0,611;0
0,04;0,235;1;;0,04;0,235;0,475;0;0,58;0
0,199;0,031;1;;0,199;0,031;0,457;0;0,545;0
0,508;0;1;;0,508;0;0,432;0;0,489;0
0,686;0;1;;0,686;0;0,39;0;0,409;0
0,775;0;1;;0,775;0;0,359;0;0,322;0
0,808;0;1;;0,808;0;0,318;0;0,253;0
0,829;0;1;;0,829;0;0,247;0;0,205;0
0,856;0;1;;0,856;0;0,166;0;0,184;0
0,867;0;1;;0,867;0;0,103;0;0,175;0
0,835;0;1;;0,835;0;0,072;0;0,161;0
0,757;0;1;;0,757;0;0,062;0,024;0,113;0,031
0,749;0;1;;0,749;0;0,073;0,058;0,089;0,088
0,8;0;1;;0,8;0;0,117;0,096;0,073;0,167
0,798;0;1;;0,798;0;0,198;0,331;0,052;0,287
0,76;0;1;;0,76;0;0,34;0,713;0,045;0,367
0,72;0,06;1;;0,72;0,06;0,507;0,786;0,065;0,441
0,706;0,306;1;;0,706;0,306;0,641;0,746;0,119;0,458
0,898;0,511;1;;0,898;0,511;0,729;0,64;0,184;0,341
0,954;0,636;1;;0,954;0,636;0,786;0,465;0,246;0,206
0,974;0,696;1;;0,974;0,696;0,819;0,319;0,281;0,117
0,984;0,723;1;;0,984;0,723;0,819;0,116;0,303;0,051
0,987;0,703;1;;0,987;0,703;0,833;0,002;0,371;0,001
0,985;0,638;1;;0,985;0,638;0,873;0;0,424;0
0,981;0,511;1;;0,981;0,511;0,908;0;0,474;0
0,983;0,32;1;;0,983;0,32;0,932;0;0,502;0
0,987;0,092;1;;0,987;0,092;0,955;0;0,46;0
0,987;0,001;1;;0,987;0,001;0,964;0;0,398;0
0,986;0;1;;0,986;0;0,969;0;0,39;0
0,986;0;1;;0,986;0;0,964;0;0,429;0
0,984;0;1;;0,984;0;0,963;0;0,439;0
0,982;0;1;;0,982;0;0,949;0;0,452;0
0,983;0;1;;0,983;0;0,93;0;0,472;0
0,983;0;1;;0,983;0;0,902;0;0,54;0
0,984;0;1;;0,984;0;0,865;0,001;0,614;0,006
0,985;0;1;;0,985;0;0,808;0,036;0,543;0,084
0,985;0;1;;0,985;0;0,848;0,123;0,586;0,252
0,984;0;1;;0,984;0;0,911;0,265;0,739;0,462
0,984;0;1;;0,984;0;0,935;0,398;0,796;0,55
0,984;0;1;;0,984;0;0,945;0,5;0,831;0,547
0,982;0,088;1;;0,982;0,088;0,95;0,543;0,867;0,455
0,982;0,28;1;;0,982;0,28;0,954;0,517;0,88;0,402
0,987;0,449;1;;0,987;0,449;0,952;0,471;0,885;0,334
0,987;0,6;1;;0,987;0,6;0,937;0,412;0,868;0,225
0,985;0,677;1;;0,985;0,677;0,885;0,26;0,799;0,154
0,984;0,708;1;;0,984;0,708;0,798;0,107;0,694;0,057
0,983;0,693;1;;0,983;0,693;0,84;0,003;0,628;0,001
0,981;0,613;1;;0,981;0,613;0,849;0;0,517;0
0,982;0,464;1;;0,982;0,464;0,819;0;0,488;0
0,986;0,257;1;;0,986;0,257;0,8;0;0,489;0
0,981;0,052;1;;0,981;0,052;0,828;0;0,501;0
0,965;0;1;;0,965;0;0,852;0;0,522;0
0,959;0;1;;0,959;0;0,862;0;0,475;0
0,957;0;1;;0,957;0;0,883;0;0,474;0
0,964;0;1;;0,964;0;0,905;0;0,453;0
0,963;0;1;;0,963;0;0,927;0;0,408;0
0,959;0;1;;0,959;0;0,939;0;0,357;0
0,956;0;1;;0,956;0;0,94;0;0,311;0
0,943;0;1;;0,943;0;0,941;0,006;0,283;0,005
0,937;0;1;;0,937;0;0,939;0,109;0,224;0,097
0,919;0;1;;0,919;0;0,948;0,222;0,231;0,244
0,883;0;1;;0,883;0;0,956;0,256;0,256;0,451
0,883;0;1;;0,883;0;0,953;0,21;0,256;0,598
0,9;0;1;;0,9;0;0,946;0,26;0,244;0,724
0,917;0,014;1;;0,917;0,014;0,944;0,465;0,263;0,773
0,958;0,066;1;;0,958;0,066;0,944;0,543;0,317;0,675
0,977;0,163;1;;0,977;0,163;0,937;0,337;0,385;0,456
0,986;0,221;1;;0,986;0,221;0,924;0,197;0,421;0,276
0,986;0,354;1;;0,986;0,354;0,892;0,087;0,424;0,172
0,986;0,349;1;;0,986;0,349;0,833;0,033;0,356;0,092
0,987;0,248;1;;0,987;0,248;0,807;0;0,313;0,003
0,987;0,279;1;;0,987;0,279;0,788;0;0,284;0
0,987;0,274;1;;0,987;0,274;0,757;0;0,281;0
0,982;0,184;1;;0,982;0,184;0,761;0;0,294;0
0,972;0,058;1;;0,972;0,058;0,777;0;0,323;0
0,966;0;1;;0,966;0;0,743;0;0,323;0
0,944;0;1;;0,944;0;0,728;0;0,274;0
0,929;0;1;;0,929;0;0,715;0;0,261;0
0,938;0;1;;0,938;0;0,731;0;0,213;0
0,924;0;1;;0,924;0;0,734;0;0,156;0
0,923;0;1;;0,923;0;0,731;0;0,106;0
0,925;0;1;;0,925;0;0,731;0;0,07;0
0,922;0;1;;0,922;0;0,743;0,005;0,052;0,01
0,917;0;1;;0,917;0;0,735;0,043;0,036;0,129
0,919;0;1;;0,919;0;0,767;0,07;0,026;0,312
0,918;0;1;;0,918;0;0,819;0,088;0,029;0,533
0,929;0;1;;0,929;0;0,845;0,1;0,027;0,668
0,927;0;1;;0,927;0;0,836;0,092;0,028;0,683
0,928;0,02;1;;0,928;0,02;0,832;0,079;0,029;0,713
0,925;0,085;1;;0,925;0,085;0,824;0,067;0,032;0,712
0,955;0,185;1;;0,955;0,185;0,819;0,061;0,04;0,619
0,977;0,302;1;;0,977;0,302;0,827;0,05;0,049;0,493
0,985;0,312;1;;0,985;0,312;0,832;0,032;0,059;0,298
0,987;0,358;1;;0,987;0,358;0,815;0,012;0,075;0,104
0,987;0,336;1;;0,987;0,336;0,794;0;0,103;0,004
0,986;0,233;1;;0,986;0,233;0,739;0;0,137;0
0,983;0,129;1;;0,983;0,129;0,68;0;0,161;0
0,968;0,06;1;;0,968;0,06;0,65;0;0,166;0
0,962;0,017;1;;0,962;0,017;0,632;0;0,164;0
0,963;0;1;;0,963;0;0,617;0;0,153;0
0,94;0;1;;0,94;0;0,599;0;0,135;0
0,884;0;1;;0,884;0;0,583;0;0,11;0
0,845;0;1;;0,845;0;0,571;0;0,087;0
0,81;0;1;;0,81;0;0,547;0;0,07;0
0,753;0;1;;0,753;0;0,526;0;0,069;0
0,682;0;1;;0,682;0;0,533;0;0,076;0
0,656;0;1;;0,656;0;0,514;0;0,088;0,012
0,694;0;1;;0,694;0;0,433;0,021;0,072;0,175
0,73;0;1;;0,73;0;0,345;0,075;0,045;0,386
0,753;0;1;;0,753;0;0,336;0,196;0,056;0,562
0,79;0;1;;0,79;0;0,376;0,303;0,051;0,68
0,831;0;1;;0,831;0;0,46;0,307;0,051;0,717
0,814;0,054;1;;0,814;0,054;0,538;0,222;0,057;0,705
0,74;0,246;1;;0,74;0,246;0,572;0,15;0,067;0,628
0,869;0,429;1;;0,869;0,429;0,54;0,121;0,08;0,441
0,929;0,512;1;;0,929;0,512;0,452;0,082;0,103;0,27
0,944;0,559;1;;0,944;0,559;0,349;0,055;0,134;0,172
0,957;0,668;1;;0,957;0,668;0,254;0,036;0,174;0,074
0,958;0,535;1;;0,958;0,535;0,239;0,002;0,259;0,004
0,941;0,44;1;;0,941;0,44;0,259;0;0,343;0
0,914;0,301;1;;0,914;0,301;0,272;0;0,403;0
0,882;0,134;1;;0,882;0,134;0,292;0;0,436;0
0,923;0,034;1;;0,923;0,034;0,32;0;0,441;0
0,937;0;1;;0,937;0;0,338;0;0,432;0
0,905;0;1;;0,905;0;0,348;0;0,42;0
0,854;0;1;;0,854;0;0,383;0;0,407;0
0,832;0;1;;0,832;0;0,425;0;0,389;0
0,805;0;1;;0,805;0;0,472;0;0,377;0
0,876;0;1;;0,876;0;0,536;0;0,346;0
0,969;0;1;;0,969;0;0,615;0;0,297;0
0,981;0;1;;0,981;0;0,674;0,009;0,216;0,009
0,939;0;1;;0,939;0;0,632;0,128;0,121;0,087
0,879;0;1;;0,879;0;0,623;0,352;0,109;0,301
0,908;0;1;;0,908;0;0,696;0,544;0,18;0,57
0,924;0;1;;0,924;0;0,72;0,681;0,193;0,709
0,933;0;1;;0,933;0;0,691;0,755;0,182;0,769
0,952;0,007;1;;0,952;0,007;0,659;0,781;0,176;0,799
0,975;0,03;1;;0,975;0,03;0,619;0,748;0,175;0,77
0,981;0,091;1;;0,981;0,091;0,58;0,665;0,167;0,69
0,974;0,127;1;;0,974;0,127;0,541;0,531;0,15;0,556
0,944;0,185;1;;0,944;0,185;0,497;0,349;0,148;0,372
0,906;0,249;1;;0,906;0,249;0,418;0,144;0,166;0,159
0,926;0,159;1;;0,926;0,159;0,385;0,007;0,186;0,008
0,909;0,365;1;;0,909;0,365;0,357;0;0,188;0
0,915;0,482;1;;0,915;0,482;0,309;0;0,182;0
0,945;0,297;1;;0,945;0,297;0,261;0;0,174;0
0,986;0,083;1;;0,986;0,083;0,229;0;0,185;0
0,984;0;1;;0,984;0;0,217;0;0,227;0
0,986;0;1;;0,986;0;0,209;0;0,278;0
0,981;0;1;;0,981;0;0,19;0;0,301;0
0,95;0;1;;0,95;0;0,178;0;0,294;0
0,898;0;1;;0,898;0;0,21;0;0,276;0
0,884;0;1;;0,884;0;0,263;0;0,247;0
0,92;0;1;;0,92;0;0,317;0;0,214;0
0,951;0;1;;0,951;0;0,356;0,011;0,192;0,015
0,949;0;1;;0,949;0;0,317;0,08;0,123;0,189
0,918;0;1;;0,918;0;0,261;0,203;0,067;0,406
0,9;0;1;;0,9;0;0,25;0,434;0,075;0,581
0,909;0;1;;0,909;0;0,277;0,599;0,133;0,702
0,904;0;1;;0,904;0;0,407;0,721;0,166;0,769
0,923;0,006;1;;0,923;0,006;0,529;0,744;0,205;0,786
0,944;0,064;1;;0,944;0,064;0,616;0,682;0,237;0,751
0,955;0,142;1;;0,955;0,142;0,668;0,596;0,247;0,669
0,934;0,207;1;;0,934;0,207;0,694;0,463;0,24;0,535
0,93;0,3;1;;0,93;0,3;0,661;0,288;0,213;0,356
0,926;0,352;1;;0,926;0,352;0,573;0,11;0,186;0,15
0,918;0,381;1;;0,918;0,381;0,567;0,006;0,154;0,008
0,915;0,248;1;;0,915;0,248;0,613;0;0,125;0
0,928;0,141;1;;0,928;0,141;0,62;0;0,105;0
0,958;0,05;1;;0,958;0,05;0,599;0;0,088;0
0,975;0,019;1;;0,975;0,019;0,574;0;0,087;0
0,984;0;1;;0,984;0;0,565;0;0,093;0
0,987;0;1;;0,987;0;0,594;0;0,095;0
0,986;0;1;;0,986;0;0,61;0;0,088;0
0,984;0;1;;0,984;0;0,661;0;0,076;0
0,982;0;1;;0,982;0;0,713;0;0,065;0
0,981;0;1;;0,981;0;0,734;0;0,06;0
0,98;0;1;;0,98;0;0,752;0;0,059;0
0,981;0;1;;0,981;0;0,765;0,016;0,064;0,016
0,979;0;1;;0,979;0;0,737;0,157;0,066;0,181
0,976;0;1;;0,976;0;0,783;0,37;0,046;0,391
0,974;0;1;;0,974;0;0,75;0,541;0,069;0,56
0,97;0;1;;0,97;0;0,704;0,686;0,1;0,677
0,973;0;1;;0,973;0;0,661;0,786;0,117;0,708
0,965;0,01;1;;0,965;0,01;0,643;0,817;0,148;0,634
0,951;0,068;1;;0,951;0,068;0,656;0,785;0,191;0,534
0,962;0,237;1;;0,962;0,237;0,676;0,699;0,247;0,449
0,979;0,473;1;;0,979;0,473;0,68;0,558;0,323;0,351
0,985;0,569;1;;0,985;0,569;0,675;0,373;0,418;0,229
0,985;0,489;1;;0,985;0,489;0,662;0,159;0,483;0,096
0,982;0,356;1;;0,982;0,356;0,688;0,01;0,602;0,006
0,956;0,138;1;;0,956;0,138;0,713;0;0,632;0
0,888;0,106;1;;0,888;0,106;0,695;0;0,594;0
0,791;0,029;1;;0,791;0,029;0,653;0;0,555;0
0,709;0,004;1;;0,709;0,004;0,61;0;0,508;0
0,609;0;1;;0,609;0;0,575;0;0,489;0
0,578;0;1;;0,578;0;0,532;0;0,486;0
0,618;0;1;;0,618;0;0,489;0;0,489;0
0,629;0;1;;0,629;0;0,446;0;0,494;0
0,64;0;1;;0,64;0;0,401;0;0,502;0
0,68;0;1;;0,68;0;0,35;0;0,515;0
0,682;0;1;;0,682;0;0,309;0;0,509;0
0,72;0;1;;0,72;0;0,288;0,022;0,449;0,017
0,695;0;1;;0,695;0;0,254;0,18;0,268;0,182
0,659;0;1;;0,659;0;0,259;0,419;0,297;0,398
0,643;0;1;;0,643;0;0,292;0,602;0,29;0,576
0,607;0;1;;0,607;0;0,29;0,73;0,241;0,699
0,619;0;1;;0,619;0;0,292;0,802;0,221;0,767
0,595;0,001;1;;0,595;0,001;0,327;0,822;0,205;0,785
0,528;0,018;1;;0,528;0,018;0,388;0,79;0,184;0,753
0,577;0,054;1;;0,577;0,054;0,46;0,706;0,169;0,664
0,6;0,059;1;;0,6;0,059;0,542;0,568;0,168;0,527
0,626;0,048;1;;0,626;0,048;0,632;0,381;0,194;0,35
0,571;0,059;1;;0,571;0,059;0,7;0,167;0,254;0,151
0,581;0,075;1;;0,581;0,075;0,81;0,011;0,391;0,01
0,579;0,07;1;;0,579;0,07;0,875;0;0,532;0
0,649;0,042;1;;0,649;0,042;0,886;0;0,598;0
0,782;0,02;1;;0,782;0,02;0,876;0;0,616;0
0,865;0,002;1;;0,865;0,002;0,864;0;0,629;0
0,872;0;1;;0,872;0;0,87;0;0,62;0
0,819;0;1;;0,819;0;0,874;0;0,587;0
0,704;0;1;;0,704;0;0,86;0;0,553;0
0,543;0;1;;0,543;0;0,869;0;0,526;0
0,515;0;1;;0,515;0;0,872;0;0,495;0
0,674;0;1;;0,674;0;0,861;0;0,447;0
0,962;0;1;;0,962;0;0,841;0;0,403;0
0,979;0;1;;0,979;0;0,807;0,026;0,361;0,017
0,98;0;1;;0,98;0;0,75;0,198;0,242;0,123
0,982;0;1;;0,982;0;0,782;0,407;0,195;0,234
0,958;0;1;;0,958;0;0,788;0,581;0,205;0,325
0,939;0;1;;0,939;0;0,813;0,698;0,228;0,46
0,945;0;1;;0,945;0;0,851;0,723;0,281;0,565
0,952;0,034;1;;0,952;0,034;0,893;0,618;0,353;0,545
0,953;0,174;1;;0,953;0,174;0,919;0,478;0,43;0,408
0,888;0,297;1;;0,888;0,297;0,925;0,332;0,491;0,273
0,827;0,522;1;;0,827;0,522;0,916;0,171;0,517;0,185
0,833;0,692;1;;0,833;0,692;0,926;0,074;0,462;0,101
0,834;0,723;1;;0,834;0,723;0,942;0,025;0,392;0,031
0,802;0,694;1;;0,802;0,694;0,937;0,001;0,39;0,001
0,779;0,609;1;;0,779;0,609;0,94;0;0,443;0
0,803;0,439;1;;0,803;0,439;0,927;0;0,557;0
0,873;0,249;1;;0,873;0,249;0,894;0;0,565;0
0,963;0,033;1;;0,963;0,033;0,855;0;0,457;0
0,987;0;1;;0,987;0;0,796;0;0,377;0
0,981;0;1;;0,981;0;0,749;0;0,355;0
0,964;0;1;;0,964;0;0,726;0;0,333;0
0,948;0;1;;0,948;0;0,687;0;0,333;0
0,948;0;1;;0,948;0;0,629;0;0,33;0
0,962;0;1;;0,962;0;0,616;0;0,316;0
0,973;0;1;;0,973;0;0,558;0;0,298;0
0,979;0;1;;0,979;0;0,421;0,005;0,272;0,003
0,982;0;1;;0,982;0;0,259;0,049;0,218;0,034
0,981;0;1;;0,981;0;0,122;0,126;0,21;0,081
0,98;0;1;;0,98;0;0,07;0,188;0,253;0,15
0,982;0;1;;0,982;0;0,08;0,24;0,246;0,252
0,986;0;1;;0,986;0;0,101;0,24;0,184;0,312
0,987;0,021;1;;0,987;0,021;0,114;0,186;0,135;0,443
0,984;0,132;1;;0,984;0,132;0,142;0,138;0,13;0,422
0,945;0,299;1;;0,945;0,299;0,21;0,098;0,109;0,295
0,9;0,471;1;;0,9;0,471;0,287;0,082;0,071;0,17
0,889;0,568;1;;0,889;0,568;0,343;0,066;0,064;0,085
0,883;0,594;1;;0,883;0,594;0,437;0,036;0,103;0,023
0,875;0,561;1;;0,875;0,561;0,575;0,004;0,179;0
0,861;0,496;1;;0,861;0,496;0,616;0;0,273;0
0,847;0,379;1;;0,847;0,379;0,584;0;0,27;0
0,867;0,187;1;;0,867;0,187;0,515;0;0,211;0
0,928;0,033;1;;0,928;0,033;0,396;0;0,156;0
0,97;0;1;;0,97;0;0,295;0;0,104;0
0,984;0;1;;0,984;0;0,202;0;0,066;0
0,987;0;1;;0,987;0;0,109;0;0,043;0
0,987;0;1;;0,987;0;0,062;0;0,037;0
0,987;0;1;;0,987;0;0,074;0;0,03;0
0,986;0;1;;0,986;0;0,08;0;0,026;0
0,968;0;1;;0,968;0;0,108;0;0,027;0
0,916;0;1;;0,916;0;0,15;0,01;0,032;0,011
0,849;0;1;;0,849;0;0,154;0,058;0,037;0,057
0,791;0;1;;0,791;0;0,15;0,135;0,065;0,117
0,734;0;1;;0,734;0;0,14;0,201;0,098;0,195
0,788;0;1;;0,788;0;0,142;0,232;0,119;0,233
0,838;0;1;;0,838;0;0,157;0,282;0,112;0,217
0,884;0,037;1;;0,884;0,037;0,148;0,335;0,108;0,234
0,898;0,201;1;;0,898;0,201;0,119;0,323;0,119;0,252
0,875;0,373;1;;0,875;0,373;0,113;0,25;0,147;0,231
0,837;0,503;1;;0,837;0,503;0,101;0,179;0,201;0,172
0,823;0,546;1;;0,823;0,546;0,101;0,084;0,202;0,153
0,796;0,565;1;;0,796;0,565;0,166;0,03;0,221;0,053
0,753;0,549;1;;0,753;0,549;0,302;0,003;0,213;0,006
0,75;0,549;1;;0,75;0,549;0,389;0;0,235;0
0,836;0,376;1;;0,836;0,376;0,396;0;0,204;0
0,947;0,12;1;;0,947;0,12;0,397;0;0,142;0
0,984;0,019;1;;0,984;0,019;0,385;0;0,108;0
0,986;0;1;;0,986;0;0,374;0;0,086;0
0,977;0;1;;0,977;0;0,41;0;0,067;0
0,95;0;1;;0,95;0;0,478;0;0,059;0
0,882;0;1;;0,882;0;0,493;0;0,069;0
0,773;0;1;;0,773;0;0,483;0;0,069;0
0,682;0;1;;0,682;0;0,494;0;0,055;0
0,706;0;1;;0,706;0;0,517;0;0,05;0
0,81;0;1;;0,81;0;0,545;0,007;0,052;0,009
0,859;0;1;;0,859;0;0,558;0,042;0,059;0,07
0,878;0;1;;0,878;0;0,503;0,101;0,078;0,182
0,89;0;1;;0,89;0;0,391;0,171;0,092;0,327
0,89;0;1;;0,89;0;0,254;0,252;0,088;0,371
0,893;0;1;;0,893;0;0,151;0,332;0,087;0,262
0,929;0;1;;0,929;0;0,106;0,381;0,094;0,241
0,96;0,004;1;;0,96;0,004;0,087;0,369;0,105;0,232
0,98;0,014;1;;0,98;0,014;0,073;0,267;0,121;0,227
0,985;0,031;1;;0,985;0,031;0,061;0,159;0,14;0,198
0,966;0,053;1;;0,966;0,053;0,043;0,077;0,149;0,13
0,907;0,085;1;;0,907;0,085;0,053;0,029;0,131;0,058
0,929;0,118;1;;0,929;0,118;0,072;0,003;0,121;0,006
0,935;0,076;1;;0,935;0,076;0,088;0;0,121;0
0,878;0,027;1;;0,878;0,027;0,092;0;0,11;0
0,892;0,018;1;;0,892;0,018;0,097;0;0,107;0
0,956;0,015;1;;0,956;0,015;0,106;0;0,113;0
0,97;0;1;;0,97;0;0,111;0;0,117;0
0,969;0;1;;0,969;0;0,098;0;0,101;0
0,946;0;1;;0,946;0;0,086;0;0,08;0
0,907;0;1;;0,907;0;0,109;0;0,064;0
0,917;0;1;;0,917;0;0,15;0;0,061;0
0,906;0;1;;0,906;0;0,174;0;0,075;0
0,866;0;1;;0,866;0;0,188;0;0,097;0
0,771;0;1;;0,771;0;0,228;0,021;0,101;0,014
0,725;0;1;;0,725;0;0,235;0,114;0,072;0,077
0,724;0;1;;0,724;0;0,276;0,281;0,086;0,19
0,72;0;1;;0,72;0;0,359;0,463;0,141;0,4
0,694;0;1;;0,694;0;0,418;0,594;0,203;0,524
0,643;0;1;;0,643;0;0,455;0,685;0,256;0,643
0,595;0,013;1;;0,595;0,013;0,469;0,716;0,28;0,718
0,509;0,104;1;;0,509;0,104;0,464;0,682;0,29;0,675
0,352;0,247;1;;0,352;0,247;0,454;0,6;0,296;0,547
0,242;0,46;1;;0,242;0,46;0,449;0,465;0,292;0,358
0,169;0,584;1;;0,169;0,584;0,465;0,298;0,245;0,206
0,132;0,629;1;;0,132;0,629;0,589;0,131;0,205;0,075
0,138;0,623;1;;0,138;0,623;0,771;0,018;0,267;0,009
0,169;0,527;1;;0,169;0,527;0,859;0;0,35;0
0,224;0,393;1;;0,224;0,393;0,849;0;0,411;0
0,305;0,17;1;;0,305;0,17;0,811;0;0,451;0
0,404;0,032;1;;0,404;0,032;0,77;0;0,48;0
0,565;0;1;;0,565;0;0,747;0;0,462;0
0,66;0;1;;0,66;0;0,665;0;0,431;0
0,696;0;1;;0,696;0;0,613;0;0,397;0
0,708;0;1;;0,708;0;0,579;0;0,368;0
0,717;0;1;;0,717;0;0,529;0;0,351;0
0,743;0;1;;0,743;0;0,479;0;0,332;0
0,801;0;1;;0,801;0;0,453;0;0,301;0
0,879;0;1;;0,879;0;0,401;0,029;0,244;0,027
0,934;0;1;;0,934;0;0,281;0,173;0,121;0,183
0,965;0;1;;0,965;0;0,215;0,385;0,127;0,422
0,982;0;1;;0,982;0;0,229;0,557;0,198;0,594
0,987;0;1;;0,987;0;0,35;0,679;0,21;0,714
0,98;0;1;;0,98;0;0,41;0,747;0,221;0,781
0,961;0,034;1;;0,961;0,034;0,396;0,765;0,224;0,796
0,919;0,215;1;;0,919;0,215;0,354;0,73;0,214;0,76
0,928;0,347;1;;0,928;0,347;0,31;0,65;0,197;0,645
0,902;0,399;1;;0,902;0,399;0,287;0,521;0,176;0,484
0,854;0,315;1;;0,854;0,315;0,287;0,349;0,153;0,316
0,784;0,267;1;;0,784;0,267;0,357;0,159;0,13;0,107
0,713;0,251;1;;0,713;0,251;0,509;0,021;0,108;0,014
0,647;0,215;1;;0,647;0,215;0,645;0;0,098;0
0,593;0,177;1;;0,593;0,177;0,715;0;0,1;0
0,515;0,094;1;;0,515;0,094;0,732;0;0,099;0
0,485;0,026;1;;0,485;0,026;0,72;0;0,097;0
0,555;0;1;;0,555;0;0,688;0;0,102;0
0,556;0;1;;0,556;0;0,642;0;0,107;0
0,518;0;1;;0,518;0;0,599;0;0,104;0
0,489;0;1;;0,489;0;0,576;0;0,093;0
0,472;0;1;;0,472;0;0,579;0;0,087;0
0,439;0;1;;0,439;0;0,588;0;0,075;0
0,368;0;1;;0,368;0;0,588;0;0,051;0
0,28;0;1;;0,28;0;0,568;0,027;0,033;0,028
0,203;0;1;;0,203;0;0,591;0,176;0,018;0,152
0,14;0;1;;0,14;0;0,686;0,378;0,016;0,282
0,106;0;1;;0,106;0;0,767;0,556;0,025;0,351
0,08;0;1;;0,08;0;0,811;0,684;0,033;0,392
0,085;0;1;;0,085;0;0,818;0,76;0,035;0,406
0,124;0,015;1;;0,124;0,015;0,81;0,785;0,031;0,407
0,177;0,128;1;;0,177;0,128;0,8;0,758;0,024;0,418
0,237;0,253;1;;0,237;0,253;0,79;0,684;0,018;0,346
0,419;0,309;1;;0,419;0,309;0,785;0,558;0,014;0,249
0,604;0,291;1;;0,604;0,291;0,798;0,385;0,009;0,116
0,745;0,246;1;;0,745;0,246;0,814;0,184;0,011;0,06
0,838;0,173;1;;0,838;0,173;0,82;0,024;0,02;0,008
0,868;0,094;1;;0,868;0,094;0,828;0;0,038;0
0,854;0,042;1;;0,854;0,042;0,827;0;0,053;0
0,852;0,021;1;;0,852;0,021;0,838;0;0,062;0
0,865;0,003;1;;0,865;0,003;0,828;0;0,062;0
0,878;0;1;;0,878;0;0,82;0;0,057;0
0,893;0;1;;0,893;0;0,813;0;0,055;0
0,907;0;1;;0,907;0;0,813;0;0,06;0
0,925;0;1;;0,925;0;0,793;0;0,064;0
0,94;0;1;;0,94;0;0,765;0;0,064;0
0,946;0;1;;0,946;0;0,749;0;0,059;0
0,948;0;1;;0,948;0;0,72;0;0,059;0
0,941;0;1;;0,941;0;0,646;0,034;0,067;0,024
0,938;0;1;;0,938;0;0,618;0,19;0,051;0,112
0,898;0;1;;0,898;0;0,653;0,422;0,05;0,236
0,798;0;1;;0,798;0;0,68;0,597;0,066;0,364
0,674;0;1;;0,674;0;0,685;0,697;0,084;0,422
0,575;0;1;;0,575;0;0,66;0,77;0,097;0,416
0,472;0;1;;0,472;0;0,632;0,805;0,114;0,348
0,383;0,013;1;;0,383;0,013;0,62;0,787;0,134;0,271
0,32;0,033;1;;0,32;0,033;0,639;0,716;0,169;0,21
0,35;0,056;1;;0,35;0,056;0,68;0,588;0,206;0,141
0,465;0,068;1;;0,465;0,068;0,723;0,411;0,227;0,085
0,592;0,1;1;;0,592;0,1;0,757;0,201;0,287;0,037
0,688;0,117;1;;0,688;0,117;0,773;0,027;0,401;0,005
0,764;0,134;1;;0,764;0,134;0,802;0;0,508;0
0,81;0,13;1;;0,81;0,13;0,793;0;0,512;0
0,777;0,084;1;;0,777;0,084;0,764;0;0,51;0
0,73;0,016;1;;0,73;0,016;0,738;0;0,502;0
0,775;0;1;;0,775;0;0,713;0;0,485;0
0,81;0;1;;0,81;0;0,689;0;0,461;0
0,81;0;1;;0,81;0;0,675;0;0,429;0
0,792;0;1;;0,792;0;0,667;0;0,412;0
0,717;0;1;;0,717;0;0,664;0;0,372;0
0,54;0;1;;0,54;0;0,673;0;0,358;0
0,389;0;1;;0,389;0;0,7;0;0,354;0
0,297;0;1;;0,297;0;0,707;0,048;0,343;0,015
0,228;0;1;;0,228;0;0,666;0,247;0,349;0,077
0,188;0;1;;0,188;0;0,721;0,463;0,392;0,173
0,165;0;1;;0,165;0;0,738;0,635;0,405;0,305
0,116;0;1;;0,116;0;0,716;0,747;0,394;0,437
0,105;0;1;;0,105;0;0,674;0,804;0,365;0,541
0,134;0,002;1;;0,134;0,002;0,649;0,809;0,343;0,573
0,126;0,064;1;;0,126;0,064;0,639;0,765;0,34;0,561
0,186;0,189;1;;0,186;0,189;0,635;0,682;0,365;0,538
0,403;0,312;1;;0,403;0,312;0,639;0,547;0,418;0,474
0,626;0,41;1;;0,626;0,41;0,667;0,363;0,497;0,346
0,782;0,507;1;;0,782;0,507;0,708;0,172;0,572;0,171
0,87;0,627;1;;0,87;0,627;0,757;0,027;0,615;0,028
0,914;0,554;1;;0,914;0,554;0,807;0;0,649;0
0,926;0,331;1;;0,926;0,331;0,813;0;0,629;0
0,89;0,126;1;;0,89;0,126;0,805;0;0,595;0
0,884;0,025;1;;0,884;0,025;0,789;0;0,573;0
0,931;0;1;;0,931;0;0,76;0;0,566;0
0,925;0;1;;0,925;0;0,722;0;0,564;0
0,925;0;1;;0,925;0;0,68;0;0,558;0
0,935;0;1;;0,935;0;0,632;0;0,561;0
0,908;0;1;;0,908;0;0,575;0;0,577;0
0,904;0;1;;0,904;0;0,519;0;0,584;0
0,922;0;1;;0,922;0;0,489;0;0,57;0
0,95;0;1;;0,95;0;0,439;0,045;0,468;0,042
0,942;0;1;;0,942;0;0,368;0,188;0,324;0,244
0,897;0;1;;0,897;0;0,34;0,361;0,534;0,466
0,853;0;1;;0,853;0;0,305;0,49;0,549;0,647
0,887;0;1;;0,887;0;0,27;0,6;0,51;0,772
0,932;0;1;;0,932;0;0,246;0,618;0,474;0,842
0,932;0,01;1;;0,932;0,01;0,25;0,579;0,458;0,86
0,894;0,234;1;;0,894;0,234;0,261;0,528;0,457;0,829
0,912;0,462;1;;0,912;0,462;0,275;0,444;0,461;0,746
0,925;0,622;1;;0,925;0,622;0,3;0,361;0,469;0,611
0,899;0,707;1;;0,899;0,707;0,351;0,241;0,476;0,426
0,852;0,738;1;;0,852;0,738;0,432;0,122;0,477;0,208
0,798;0,713;1;;0,798;0,713;0,537;0,023;0,492;0,028
0,748;0,631;1;;0,748;0,631;0,644;0;0,586;0
0,692;0,489;1;;0,692;0,489;0,667;0;0,623;0
0,592;0,284;1;;0,592;0,284;0,642;0;0,615;0
0,567;0,06;1;;0,567;0,06;0,636;0;0,608;0
0,594;0;1;;0,594;0;0,625;0;0,574;0
0,639;0;1;;0,639;0;0,619;0;0,54;0
0,642;0;1;;0,642;0;0,626;0;0,525;0
0,622;0;1;;0,622;0;0,636;0;0,511;0
0,7;0;1;;0,7;0;0,642;0;0,497;0
0,791;0;1;;0,791;0;0,641;0;0,483;0
0,868;0;1;;0,868;0;0,626;0;0,475;0
0,917;0;1;;0,917;0;0,582;0,034;0,374;0,046
0,907;0;1;;0,907;0;0,516;0,119;0,312;0,236
0,89;0;1;;0,89;0;0,488;0,204;0,346;0,45
0,9;0;1;;0,9;0;0,45;0,278;0,293;0,596
0,914;0;1;;0,914;0;0,413;0,328;0,242;0,659
0,929;0;1;;0,929;0;0,407;0,372;0,205;0,632
0,973;0;1;;0,973;0;0,432;0,367;0,192;0,547
0,986;0,019;1;;0,986;0,019;0,468;0,336;0,192;0,571
0,981;0,018;1;;0,981;0,018;0,499;0,316;0,197;0,518
0,94;0,019;1;;0,94;0,019;0,519;0,265;0,215;0,42
0,89;0,026;1;;0,89;0,026;0,554;0,179;0,241;0,25
0,838;0,034;1;;0,838;0,034;0,59;0,093;0,281;0,134
0,785;0,038;1;;0,785;0,038;0,615;0,021;0,35;0,027
0,72;0,029;1;;0,72;0,029;0,644;0;0,468;0
0,673;0,04;1;;0,673;0,04;0,643;0;0,508;0
0,801;0,073;1;;0,801;0,073;0,629;0;0,489;0
0,736;0,006;1;;0,736;0,006;0,617;0;0,473;0
0,494;0;1;;0,494;0;0,618;0;0,46;0
0,501;0;1;;0,501;0;0,636;0;0,432;0
0,561;0;1;;0,561;0;0,664;0;0,41;0
0,793;0;1;;0,793;0;0,7;0;0,4;0
0,943;0;1;;0,943;0;0,731;0;0,401;0
0,97;0;1;;0,97;0;0,765;0;0,407;0
0,965;0;1;;0,965;0;0,782;0;0,407;0
0,953;0;1;;0,953;0;0,774;0,037;0,313;0,048
0,97;0;1;;0,97;0;0,76;0,132;0,252;0,218
0,987;0;1;;0,987;0;0,803;0,262;0,265;0,402
0,968;0;1;;0,968;0;0,817;0,36;0,22;0,451
0,915;0;1;;0,915;0;0,819;0,435;0,176;0,458
0,894;0;1;;0,894;0;0,81;0,473;0,148;0,496
0,865;0,003;1;;0,865;0,003;0,801;0,466;0,128;0,513
0,815;0,047;1;;0,815;0,047;0,802;0,432;0,12;0,502
0,825;0,134;1;;0,825;0,134;0,815;0,395;0,12;0,45
0,796;0,194;1;;0,796;0,194;0,827;0,268;0,134;0,35
0,728;0,259;1;;0,728;0,259;0,837;0,188;0,157;0,228
0,708;0,292;1;;0,708;0,292;0,844;0,11;0,19;0,104
0,743;0,296;1;;0,743;0,296;0,848;0,028;0,242;0,022
0,771;0,262;1;;0,771;0,262;0,865;0;0,315;0
0,779;0,179;1;;0,779;0,179;0,873;0;0,354;0
0,76;0,104;1;;0,76;0,104;0,867;0;0,354;0
0,693;0,012;1;;0,693;0,012;0,857;0;0,334;0
0,666;0;1;;0,666;0;0,844;0;0,315;0
0,609;0;1;;0,609;0;0,815;0;0,31;0
0,547;0;1;;0,547;0;0,793;0;0,294;0
0,486;0;1;;0,486;0;0,777;0;0,296;0
0,464;0;1;;0,464;0;0,78;0;0,316;0
0,486;0;1;;0,486;0;0,773;0;0,332;0
0,526;0;1;;0,526;0;0,764;0;0,339;0
0,573;0;1;;0,573;0;0,72;0,051;0,327;0,026
0,639;0;1;;0,639;0;0,686;0,187;0,371;0,14
0,728;0;1;;0,728;0;0,713;0,337;0,457;0,319
0,816;0;1;;0,816;0;0,706;0,479;0,481;0,454
0,851;0;1;;0,851;0;0,715;0,583;0,422;0,58
0,857;0;1;;0,857;0;0,745;0,594;0,36;0,71
0,839;0,004;1;;0,839;0,004;0,782;0,517;0,354;0,733
0,757;0,114;1;;0,757;0,114;0,811;0,387;0,389;0,675
0,728;0,271;1;;0,728;0,271;0,827;0,264;0,443;0,606
0,76;0,341;1;;0,76;0,341;0,84;0,205;0,5;0,529
0,81;0,326;1;;0,81;0,326;0,85;0,145;0,54;0,372
0,872;0,288;1;;0,872;0,288;0,851;0,095;0,537;0,178
0,911;0,301;1;;0,911;0,301;0,843;0,029;0,469;0,029
0,921;0,29;1;;0,921;0,29;0,826;0;0,446;0
0,901;0,262;1;;0,901;0,262;0,802;0;0,429;0
0,784;0,136;1;;0,784;0,136;0,789;0;0,424;0
0,704;0,012;1;;0,704;0,012;0,8;0;0,409;0
0,736;0;1;;0,736;0;0,807;0;0,372;0
0,801;0;1;;0,801;0;0,813;0;0,336;0
0,835;0;1;;0,835;0;0,825;0;0,304;0
0,814;0;1;;0,814;0;0,826;0;0,281;0
0,86;0;1;;0,86;0;0,826;0;0,262;0
0,91;0;1;;0,91;0;0,797;0;0,261;0
0,977;0;1;;0,977;0;0,8;0;0,271;0
0,979;0;1;;0,979;0;0,776;0,056;0,233;0,032
0,973;0;1;;0,973;0;0,806;0,228;0,206;0,111
0,965;0;1;;0,965;0;0,821;0,44;0,184;0,31
0,951;0;1;;0,951;0;0,819;0,613;0,21;0,557
0,919;0;1;;0,919;0;0,796;0,733;0,279;0,729
0,9;0;1;;0,9;0;0,759;0,801;0,357;0,794
0,93;0;1;;0,93;0;0,728;0,819;0,392;0,81
0,965;0,035;1;;0,965;0,035;0,709;0,786;0,41;0,775
0,98;0,157;1;;0,98;0,157;0,71;0,707;0,429;0,698
0,985;0,238;1;;0,985;0,238;0,728;0,577;0,452;0,572
0,979;0,266;1;;0,979;0,266;0,777;0,404;0,477;0,398
0,976;0,145;1;;0,976;0,145;0,829;0,203;0,5;0,199
0,98;0,114;1;;0,98;0,114;0,869;0,037;0,589;0,035
0,987;0,09;1;;0,987;0,09;0,903;0;0,702;0
0,983;0,066;1;;0,983;0,066;0,912;0;0,739;0
0,97;0,058;1;;0,97;0,058;0,926;0;0,724;0
0,966;0,014;1;;0,966;0,014;0,92;0;0,674;0
0,968;0;1;;0,968;0;0,908;0;0,636;0
0,968;0;1;;0,968;0;0,889;0;0,61;0
0,947;0;1;;0,947;0;0,873;0;0,586;0
0,941;0;1;;0,941;0;0,864;0;0,554;0
0,943;0;1;;0,943;0;0,859;0;0,523;0
0,939;0;1;;0,939;0;0,856;0;0,477;0
0,931;0;1;;0,931;0;0,851;0,001;0,432;0
0,92;0;1;;0,92;0;0,84;0,061;0,318;0,054
0,898;0;1;;0,898;0;0,85;0,263;0,15;0,241
0,888;0;1;;0,888;0;0,845;0,473;0,172;0,45
0,842;0;1;;0,842;0;0,822;0,642;0,242;0,615
0,847;0;1;;0,847;0;0,806;0,759;0,261;0,728
0,859;0;1;;0,859;0;0,807;0,823;0,266;0,79
0,873;0;1;;0,873;0;0,815;0,838;0,241;0,804
0,905;0,032;1;;0,905;0,032;0,813;0,803;0,204;0,758
0,915;0,153;1;;0,915;0,153;0,813;0,72;0,177;0,638
0,931;0,368;1;;0,931;0,368;0,821;0,589;0,165;0,454
0,936;0,343;1;;0,936;0,343;0,837;0,412;0,168;0,259
0,948;0,216;1;;0,948;0,216;0,872;0,208;0,181;0,089
0,955;0,207;1;;0,955;0,207;0,921;0,038;0,207;0,013
0,966;0,218;1;;0,966;0,218;0,94;0;0,203;0
0,982;0,132;1;;0,982;0,132;0,927;0;0,177;0
0,987;0,035;1;;0,987;0,035;0,917;0;0,15;0
0,985;0;1;;0,985;0;0,91;0;0,1;0
0,973;0;1;;0,973;0;0,901;0;0,046;0
0,928;0;1;;0,928;0;0,884;0;0,025;0
0,868;0;1;;0,868;0;0,879;0;0,044;0
0,776;0;1;;0,776;0;0,864;0;0,093;0
0,636;0;1;;0,636;0;0,853;0;0,148;0
0,57;0;1;;0,57;0;0,827;0;0,195;0
0,602;0;1;;0,602;0;0,831;0,001;0,223;0
0,786;0;1;;0,786;0;0,798;0,064;0,208;0,02
0,909;0;1;;0,909;0;0,731;0,253;0,129;0,087
0,951;0;1;;0,951;0;0,753;0,456;0,113;0,206
0,967;0;1;;0,967;0;0,846;0,621;0,133;0,33
0,961;0;1;;0,961;0;0,905;0,736;0,148;0,452
0,962;0;1;;0,962;0;0,923;0,803;0,164;0,473
0,964;0,003;1;;0,964;0,003;0,918;0,821;0,171;0,459
0,975;0,123;1;;0,975;0,123;0,9;0,79;0,168;0,368
0,981;0,238;1;;0,981;0,238;0,878;0,71;0,154;0,346
0,987;0,303;1;;0,987;0,303;0,857;0,578;0,137;0,318
0,983;0,369;1;;0,983;0,369;0,845;0,402;0,133;0,247
0,97;0,315;1;;0,97;0,315;0,852;0,199;0,14;0,14
0,949;0,293;1;;0,949;0,293;0,887;0,04;0,232;0,035
0,948;0,267;1;;0,948;0,267;0,916;0;0,452;0
0,972;0,135;1;;0,972;0,135;0,905;0;0,655;0
0,984;0,056;1;;0,984;0,056;0,88;0;0,747;0
0,987;0,003;1;;0,987;0,003;0,854;0;0,768;0
0,986;0;1;;0,986;0;0,832;0;0,737;0
0,979;0;1;;0,979;0;0,817;0;0,688;0
0,965;0;1;;0,965;0;0,816;0;0,625;0
0,951;0;1;;0,951;0;0,815;0;0,566;0
0,934;0;1;;0,934;0;0,811;0;0,531;0
0,907;0;1;;0,907;0;0,79;0;0,501;0
0,87;0;1;;0,87;0;0,754;0,002;0,468;0
0,847;0;1;;0,847;0;0,671;0,062;0,385;0,046
0,84;0;1;;0,84;0;0,581;0,248;0,239;0,194
0,835;0;1;;0,835;0;0,652;0,444;0,337;0,421
0,852;0;1;;0,852;0;0,735;0,604;0,577;0,604
0,903;0;1;;0,903;0;0,808;0,718;0,609;0,724
0,963;0;1;;0,963;0;0,859;0,782;0,607;0,79
0,986;0;1;;0,986;0;0,88;0,799;0,603;0,806
0,984;0,069;1;;0,984;0,069;0,884;0,769;0,599;0,776
0,977;0,266;1;;0,977;0,266;0,879;0,692;0,59;0,699
0,974;0,381;1;;0,974;0,381;0,871;0,568;0,575;0,574
0,964;0,474;1;;0,964;0,474;0,874;0,4;0,581;0,405
0,939;0,45;1;;0,939;0,45;0,898;0,205;0,608;0,207
0,909;0,338;1;;0,909;0,338;0,921;0,042;0,712;0,038
0,874;0,206;1;;0,874;0,206;0,929;0;0,81;0
0,815;0,105;1;;0,815;0,105;0,911;0;0,827;0
0,726;0,036;1;;0,726;0,036;0,874;0;0,799;0
0,654;0,001;1;;0,654;0,001;0,844;0;0,76;0
0,534;0;1;;0,534;0;0,816;0;0,729;0
0,421;0;1;;0,421;0;0,79;0;0,667;0
0,323;0;1;;0,323;0;0,77;0;0,632;0
0,289;0;1;;0,289;0;0,756;0;0,623;0
0,314;0;1;;0,314;0;0,747;0;0,632;0
0,365;0;1;;0,365;0;0,731;0;0,616;0
0,468;0;1;;0,468;0;0,694;0,002;0,61;0
0,613;0;1;;0,613;0;0,602;0,065;0,504;0,058
0,726;0;1;;0,726;0;0,508;0,254;0,303;0,249
0,793;0;1;;0,793;0;0,513;0,452;0,356;0,453
0,861;0;1;;0,861;0;0,594;0,612;0,461;0,618
0,923;0;1;;0,923;0;0,65;0,718;0,471;0,735
0,948;0;1;;0,948;0;0,703;0,779;0,44;0,799
0,963;0;1;;0,963;0;0,731;0,793;0,398;0,814
0,963;0,039;1;;0,963;0,039;0,72;0,76;0,354;0,784
0,976;0,141;1;;0,976;0,141;0,714;0,682;0,32;0,707
0,987;0,216;1;;0,987;0,216;0,72;0,558;0,301;0,583
0,986;0,312;1;;0,986;0,312;0,765;0,391;0,295;0,414
0,986;0,274;1;;0,986;0,274;0,848;0,202;0,279;0,214
0,987;0,22;1;;0,987;0,22;0,894;0,044;0,335;0,037
0,986;0,171;1;;0,986;0,171;0,906;0;0,407;0
0,984;0,074;1;;0,984;0,074;0,884;0;0,453;0
0,98;0,028;1;;0,98;0,028;0,845;0;0,466;0
0,977;0;1;;0,977;0;0,802;0;0,493;0
0,975;0;1;;0,975;0;0,764;0;0,504;0
0,976;0;1;;0,976;0;0,731;0;0,497;0
0,981;0;1;;0,981;0;0,7;0;0,484;0
0,985;0;1;;0,985;0;0,671;0;0,472;0
0,987;0;1;;0,987;0;0,644;0;0,453;0
0,986;0;1;;0,986;0;0,617;0;0,398;0
0,986;0;1;;0,986;0;0,592;0,003;0,338;0
0,987;0;1;;0,987;0;0,5;0,071;0,243;0,06
0,987;0;1;;0,987;0;0,317;0,26;0,114;0,25
0,979;0;1;;0,979;0;0,248;0,461;0,074;0,452
0,943;0;1;;0,943;0;0,287;0,625;0,101;0,611
0,925;0;1;;0,925;0;0,308;0,741;0,154;0,721
0,918;0;1;;0,918;0;0,323;0,806;0,183;0,784
0,891;0;1;;0,891;0;0,327;0,823;0,195;0,801
0,879;0,02;1;;0,879;0,02;0,324;0,794;0,194;0,773
0,883;0,067;1;;0,883;0,067;0,327;0,717;0,187;0,698
0,849;0,113;1;;0,849;0,113;0,337;0,593;0,19;0,576
0,829;0,156;1;;0,829;0,156;0,357;0,423;0,209;0,409
0,873;0,228;1;;0,873;0,228;0,385;0,222;0,242;0,212
0,917;0,178;1;;0,917;0,178;0,453;0,044;0,33;0,039
0,948;0,127;1;;0,948;0,127;0,529;0;0,483;0
0,974;0,087;1;;0,974;0,087;0,558;0;0,626;0
0,985;0,027;1;;0,985;0,027;0,537;0;0,678;0
0,986;0;1;;0,986;0;0,504;0;0,676;0
0,98;0;1;;0,98;0;0,471;0;0,661;0
0,971;0;1;;0,971;0;0,438;0;0,633;0
0,965;0;1;;0,965;0;0,421;0;0,589;0
0,958;0;1;;0,958;0;0,414;0;0,538;0
0,954;0;1;;0,954;0;0,421;0;0,486;0
0,944;0;1;;0,944;0;0,424;0;0,438;0
0,944;0;1;;0,944;0;0,422;0,003;0,407;0,001
0,945;0;1;;0,945;0;0,365;0,076;0,313;0,062
0,942;0;1;;0,942;0;0,208;0,279;0,164;0,253
0,942;0;1;;0,942;0;0,125;0,482;0,121;0,454
0,956;0;1;;0,956;0;0,137;0,642;0,142;0,615
0,967;0;1;;0,967;0;0,155;0,75;0,193;0,726
0,973;0;1;;0,973;0;0,14;0,812;0,186;0,788
0,979;0;1;;0,979;0;0,111;0,825;0,171;0,805
0,98;0,018;1;;0,98;0,018;0,092;0,792;0,162;0,777
0,981;0,088;1;;0,981;0,088;0,087;0,713;0,16;0,702
0,986;0,131;1;;0,986;0,131;0,104;0,588;0,168;0,58
0,986;0,131;1;;0,986;0,131;0,148;0,418;0,186;0,413
0,986;0,151;1;;0,986;0,151;0,26;0,22;0,215;0,215
0,984;0,168;1;;0,984;0,168;0,504;0,045;0,279;0,04
0,979;0,165;1;;0,979;0,165;0,761;0,001;0,373;0
0,967;0,129;1;;0,967;0,129;0,869;0;0,457;0
0,939;0,064;1;;0,939;0,064;0,882;0;0,508;0
0,897;0,001;1;;0,897;0,001;0,867;0;0,558;0
0,765;0;1;;0,765;0;0,853;0;0,578;0
0,636;0;1;;0,636;0;0,837;0;0,567;0
0,561;0;1;;0,561;0;0,819;0;0,542;0
0,519;0;1;;0,519;0;0,811;0;0,515;0
0,495;0;1;;0,495;0;0,809;0;0,489;0
0,505;0;1;;0,505;0;0,808;0;0,466;0
0,546;0;1;;0,546;0;0,806;0,004;0,456;0,001
0,596;0;1;;0,596;0;0,704;0,076;0,363;0,064
0,641;0;1;;0,641;0;0,589;0,268;0,242;0,25
0,665;0;1;;0,665;0;0,584;0,464;0,196;0,448
0,654;0;1;;0,654;0;0,783;0,62;0,354;0,607
0,674;0;1;;0,674;0;0,872;0,729;0,562;0,72
0,654;0;1;;0,654;0;0,915;0,791;0,629;0,781
0,603;0;1;;0,603;0;0,937;0,808;0,649;0,794
0,551;0,017;1;;0,551;0,017;0,947;0,783;0,655;0,765
0,495;0,062;1;;0,495;0,062;0,953;0,709;0,667;0,692
0,378;0,098;1;;0,378;0,098;0,958;0,587;0,686;0,574
0,397;0,095;1;;0,397;0,095;0,958;0,419;0,705;0,408
0,54;0,09;1;;0,54;0,09;0,959;0,222;0,726;0,212
0,687;0,07;1;;0,687;0,07;0,961;0,047;0,783;0,042
0,743;0,046;1;;0,743;0,046;0,965;0,001;0,838;0
0,726;0,024;1;;0,726;0,024;0,972;0;0,825;0
0,784;0,009;1;;0,784;0,009;0,974;0;0,787;0
0,883;0;1;;0,883;0;0,954;0;0,76;0
0,93;0;1;;0,93;0;0,937;0;0,742;0
0,943;0;1;;0,943;0;0,938;0;0,731;0
0,934;0;1;;0,934;0;0,965;0;0,723;0
0,91;0;1;;0,91;0;0,966;0;0,716;0
0,901;0;1;;0,901;0;0,965;0;0,755;0
0,893;0;1;;0,893;0;0,959;0;0,734;0
0,895;0;1;;0,895;0;0,946;0,005;0,71;0,002
0,887;0;1;;0,887;0;0,937;0,079;0,586;0,067
0,867;0;1;;0,867;0;0,949;0,269;0,642;0,242
0,835;0;1;;0,835;0;0,975;0,467;0,672;0,433
0,791;0;1;;0,791;0;0,984;0,627;0,639;0,588
0,737;0;1;;0,737;0;0,986;0,741;0,586;0,696
0,741;0;1;;0,741;0;0,987;0,804;0,508;0,748
0,783;0;1;;0,783;0;0,987;0,819;0,421;0,753
0,745;0,014;1;;0,745;0,014;0,986;0,788;0,346;0,722
0,652;0,065;1;;0,652;0,065;0,985;0,707;0,293;0,621
0,711;0,143;1;;0,711;0,143;0,986;0,578;0,257;0,462
0,727;0,207;1;;0,727;0,207;0,987;0,405;0,229;0,287
0,701;0,374;1;;0,701;0,374;0,986;0,193;0,177;0,13
0,703;0,319;1;;0,703;0,319;0,986;0,046;0,166;0,032
0,686;0,216;1;;0,686;0,216;0,984;0;0,201;0
0,618;0,138;1;;0,618;0,138;0,983;0;0,247;0
0,572;0,041;1;;0,572;0,041;0,979;0;0,296;0
0,668;0;1;;0,668;0;0,975;0;0,378;0
0,697;0;1;;0,697;0;0,974;0;0,449;0
0,72;0;1;;0,72;0;0,971;0;0,426;0
0,768;0;1;;0,768;0;0,959;0;0,385;0
0,786;0;1;;0,786;0;0,95;0;0,358;0
0,792;0;1;;0,792;0;0,943;0;0,343;0
0,83;0;1;;0,83;0;0,942;0;0,281;0
0,864;0;1;;0,864;0;0,932;0,001;0,211;0
0,878;0;1;;0,878;0;0,915;0,026;0,127;0,044
0,885;0;1;;0,885;0;0,901;0,078;0,075;0,189
0,91;0;1;;0,91;0;0,901;0,131;0,065;0,387
0,928;0;1;;0,928;0;0,885;0,208;0,098;0,55
0,876;0;1;;0,876;0;0,866;0,369;0,122;0,673
0,842;0;1;;0,842;0;0,853;0,54;0,078;0,733
0,833;0;1;;0,833;0;0,845;0,631;0,025;0,65
0,746;0,048;1;;0,746;0,048;0,84;0,661;0,015;0,488
0,605;0,176;1;;0,605;0,176;0,836;0,609;0,038;0,405
0,638;0,322;1;;0,638;0,322;0,84;0,504;0,075;0,389
0,712;0,522;1;;0,712;0,522;0,842;0,339;0,109;0,276
0,704;0,561;1;;0,704;0,561;0,874;0,17;0,194;0,119
0,699;0,576;1;;0,699;0,576;0,912;0,045;0,565;0,022
0,681;0,488;1;;0,681;0,488;0,94;0,001;0,862;0
0,65;0,356;1;;0,65;0,356;0,95;0;0,831;0
0,602;0,124;1;;0,602;0,124;0,965;0;0,557;0
0,61;0;1;;0,61;0;0,949;0;0,34;0
0,557;0;1;;0,557;0;0,874;0;0,382;0
0,472;0;1;;0,472;0;0,851;0;0,455;0
0,41;0;1;;0,41;0;0,804;0;0,468;0
0,385;0;1;;0,385;0;0,661;0;0,443;0
0,351;0;1;;0,351;0;0,518;0;0,435;0
0,291;0;1;;0,291;0;0,508;0;0,393;0
0,227;0;1;;0,227;0;0,564;0,006;0,34;0,002
0,149;0;1;;0,149;0;0,522;0,08;0,274;0,064
0,1;0;1;;0,1;0;0,489;0,269;0,326;0,244
0,077;0;1;;0,077;0;0,551;0,461;0,532;0,44
0,091;0;1;;0,091;0;0,677;0,617;0,659;0,549
0,169;0;1;;0,169;0;0,757;0,726;0,67;0,618
0,317;0;1;;0,317;0;0,796;0,785;0,622;0,71
0,452;0;1;;0,452;0;0,802;0,797;0,554;0,749
0,5;0,014;1;;0,5;0,014;0,785;0,761;0,493;0,709
0,464;0,06;1;;0,464;0,06;0,718;0,679;0,424;0,612
0,573;0,179;1;;0,573;0,179;0,567;0,557;0,332;0,462
0,697;0,395;1;;0,697;0,395;0,393;0,377;0,242;0,27
0,775;0,571;1;;0,775;0,571;0,299;0,158;0,191;0,129
0,782;0,574;1;;0,782;0,574;0,331;0,034;0,23;0,045
0,745;0,499;1;;0,745;0,499;0,537;0;0,368;0
0,613;0,361;1;;0,613;0,361;0,751;0;0,414;0
0,52;0,157;1;;0,52;0,157;0,84;0;0,435;0
0,592;0,002;1;;0,592;0,002;0,876;0;0,472;0
0,589;0;1;;0,589;0;0,907;0;0,407;0
0,518;0;1;;0,518;0;0,889;0;0,312;0
0,452;0;1;;0,452;0;0,763;0;0,266;0
0,421;0;1;;0,421;0;0,464;0;0,263;0
0,396;0;1;;0,396;0;0,273;0;0,277;0
0,351;0;1;;0,351;0;0,257;0;0,308;0
0,372;0;1;;0,372;0;0,301;0,003;0,306;0
0,485;0;1;;0,485;0;0,324;0,044;0,3;0,022
0,59;0;1;;0,59;0;0,375;0,112;0,314;0,07
0,684;0;1;;0,684;0;0,446;0,153;0,293;0,127
0,724;0;1;;0,724;0;0,493;0,186;0,282;0,185
0,78;0;1;;0,78;0;0,561;0,28;0,287;0,234
0,858;0;1;;0,858;0;0,641;0,392;0,257;0,327
0,877;0;1;;0,877;0;0,704;0,489;0,228;0,414
0,861;0,006;1;;0,861;0,006;0,76;0,436;0,207;0,426
0,83;0,044;1;;0,83;0,044;0,77;0,342;0,183;0,354
0,89;0,207;1;;0,89;0,207;0,739;0,287;0,169;0,163
0,953;0,482;1;;0,953;0,482;0,667;0,204;0,157;0,126
0,95;0,595;1;;0,95;0,595;0,54;0,119;0,131;0,096
0,916;0,624;1;;0,916;0,624;0,384;0,04;0,093;0,049
0,864;0,552;1;;0,864;0,552;0,304;0,001;0,153;0,001
0,791;0,406;1;;0,791;0,406;0,313;0;0,288;0
0,707;0,187;1;;0,707;0,187;0,277;0;0,396;0
0,726;0,001;1;;0,726;0,001;0,267;0;0,429;0
0,739;0;1;;0,739;0;0,298;0;0,425;0
0,753;0;1;;0,753;0;0,32;0;0,415;0
0,761;0;1;;0,761;0;0,317;0;0,4;0
0,75;0;1;;0,75;0;0,377;0;0,378;0
0,738;0;1;;0,738;0;0,473;0;0,371;0
0,754;0;1;;0,754;0;0,514;0;0,354;0
0,765;0;1;;0,765;0;0,54;0,009;0,33;0,005
0,749;0;1;;0,749;0;0,495;0,08;0,241;0,075
0,688;0;1;;0,688;0;0,372;0,214;0,262;0,254
0,524;0;1;;0,524;0;0,395;0,377;0,453;0,413
0,332;0;1;;0,332;0;0,46;0,554;0,589;0,489
0,221;0;1;;0,221;0;0,526;0,694;0,671;0,34
0,16;0;1;;0,16;0;0,562;0,721;0,7;0,217
0,122;0;1;;0,122;0;0,575;0,581;0,683;0,225
0,07;0,018;1;;0,07;0,018;0,569;0,353;0,67;0,225
0,028;0,082;1;;0,028;0,082;0,533;0,213;0,671;0,239
0,014;0,202;1;;0,014;0,202;0,449;0,172;0,632;0,253
0,021;0,463;1;;0,021;0,463;0,345;0,146;0,605;0,275
0,047;0,494;1;;0,047;0,494;0,274;0,079;0,593;0,151
0,091;0,472;1;;0,091;0,472;0,212;0,03;0,492;0,039
0,141;0,365;1;;0,141;0,365;0,176;0,001;0,438;0
0,194;0,179;1;;0,194;0,179;0,187;0;0,414;0
0,29;0,049;1;;0,29;0,049;0,233;0;0,383;0
0,375;0;1;;0,375;0;0,298;0;0,374;0
0,356;0;1;;0,356;0;0,35;0;0,359;0
0,313;0;1;;0,313;0;0,394;0;0,335;0
0,304;0;1;;0,304;0;0,399;0;0,319;0
0,354;0;1;;0,354;0;0,371;0;0,295;0
0,411;0;1;;0,411;0;0,311;0;0,271;0
0,427;0;1;;0,427;0;0,259;0;0,262;0
0,468;0;1;;0,468;0;0,227;0,002;0,227;0,003
0,516;0;1;;0,516;0;0,183;0,031;0,2;0,058
0,533;0;1;;0,533;0;0,152;0,085;0,184;0,137
0,514;0;1;;0,514;0;0,142;0,148;0,163;0,336
0,491;0;1;;0,491;0;0,157;0,19;0,156;0,425
0,478;0;1;;0,478;0;0,186;0,218;0,137;0,496
0,432;0;1;;0,432;0;0,203;0,242;0,105;0,568
0,368;0;1;;0,368;0;0,205;0,244;0,085;0,606
0,333;0,001;1;;0,333;0,001;0,201;0,281;0,076;0,564
0,278;0,01;1;;0,278;0,01;0,191;0,276;0,07;0,492
0,231;0,024;1;;0,231;0,024;0,19;0,252;0,062;0,397
0,211;0,036;1;;0,211;0,036;0,207;0,206;0,054;0,28
0,224;0,041;1;;0,224;0,041;0,234;0,141;0,045;0,174
0,226;0,038;1;;0,226;0,038;0,258;0,054;0,037;0,055
0,204;0,03;1;;0,204;0,03;0,297;0,004;0,036;0,002
0,184;0,016;1;;0,184;0,016;0,337;0;0,043;0
0,169;0,003;1;;0,169;0,003;0,346;0;0,066;0
0,155;0;1;;0,155;0;0,357;0;0,106;0
0,123;0;1;;0,123;0;0,389;0;0,141;0
0,075;0;1;;0,075;0;0,424;0;0,165;0
0,023;0;1;;0,023;0;0,463;0;0,183;0
0,002;0;1;;0,002;0;0,522;0;0,2;0
0,007;0;1;;0,007;0;0,575;0;0,209;0
0,063;0;1;;0,063;0;0,606;0;0,198;0
0,18;0;1;;0,18;0;0,607;0,002;0,178;0,004
0,352;0;1;;0,352;0;0,583;0,038;0,124;0,053
0,617;0;1;;0,617;0;0,603;0,144;0,062;0,132
0,867;0;1;;0,867;0;0,643;0,214;0,075;0,229
0,978;0;1;;0,978;0;0,674;0,241;0,125;0,315
0,945;0;1;;0,945;0;0,697;0,302;0,179;0,432
0,856;0;1;;0,856;0;0,671;0,41;0,225;0,502
0,853;0;1;;0,853;0;0,614;0,563;0,259;0,36
0,928;0,014;1;;0,928;0,014;0,534;0,661;0,301;0,236
0,96;0,089;1;;0,96;0,089;0,476;0,629;0,353;0,187
0,97;0,217;1;;0,97;0,217;0,462;0,551;0,393;0,152
0,977;0,439;1;;0,977;0,439;0,474;0,406;0,419;0,122
0,982;0,506;1;;0,982;0,506;0,448;0,227;0,42;0,106
0,981;0,457;1;;0,981;0,457;0,408;0,067;0,415;0,042
0,977;0,279;1;;0,977;0,279;0,4;0,007;0,472;0
0,981;0,169;1;;0,981;0,169;0,354;0;0,508;0
0,987;0,067;1;;0,987;0,067;0,274;0;0,5;0
0,98;0;1;;0,98;0;0,194;0;0,502;0
0,968;0;1;;0,968;0;0,147;0;0,457;0
0,97;0;1;;0,97;0;0,135;0;0,443;0
0,959;0;1;;0,959;0;0,161;0;0,439;0
0,938;0;1;;0,938;0;0,199;0;0,433;0
0,9;0;1;;0,9;0;0,243;0;0,421;0
0,869;0;1;;0,869;0;0,275;0;0,41;0
0,844;0;1;;0,844;0;0,301;0,014;0,385;0,004
0,77;0;1;;0,77;0;0,275;0,094;0,342;0,058
0,719;0;1;;0,719;0;0,222;0,27;0,313;0,247
0,671;0;1;;0,671;0;0,286;0,443;0,306;0,483
0,629;0;1;;0,629;0;0,378;0,552;0,32;0,649
0,62;0;1;;0,62;0;0,474;0,583;0,323;0,764
0,635;0;1;;0,635;0;0,542;0,685;0,324;0,827
0,627;0;1;;0,627;0;0,589;0,74;0,324;0,841
0,582;0,009;1;;0,582;0,009;0,631;0,685;0,323;0,808
0,464;0,088;1;;0,464;0,088;0,67;0,6;0,314;0,726
0,449;0,226;1;;0,449;0,226;0,693;0,509;0,31;0,59
0,519;0,358;1;;0,519;0,358;0,706;0,379;0,317;0,403
0,544;0,325;1;;0,544;0,325;0,703;0,207;0,329;0,212
0,525;0,149;1;;0,525;0,149;0,677;0,065;0,335;0,057
0,535;0,097;1;;0,535;0,097;0,671;0,007;0,389;0,002
0,549;0,1;1;;0,549;0,1;0,683;0;0,403;0
0,644;0,042;1;;0,644;0,042;0,673;0;0,371;0
0,686;0;1;;0,686;0;0,664;0;0,33;0
0,659;0;1;;0,659;0;0,645;0;0,295;0
0,654;0;1;;0,654;0;0,65;0;0,27;0
0,704;0;1;;0,704;0;0,681;0;0,256;0
0,755;0;1;;0,755;0;0,702;0;0,233;0
0,806;0;1;;0,806;0;0,736;0;0,198;0
0,829;0;1;;0,829;0;0,749;0;0,15;0
0,81;0;1;;0,81;0;0,741;0,003;0,1;0,007
0,755;0;1;;0,755;0;0,745;0,043;0,046;0,077
0,777;0;1;;0,777;0;0,745;0,1;0,018;0,236
0,808;0;1;;0,808;0;0,753;0,18;0,015;0,442
0,802;0;1;;0,802;0;0,762;0,24;0,02;0,577
0,823;0;1;;0,823;0;0,782;0,322;0,021;0,621
0,853;0;1;;0,853;0;0,809;0,334;0,02;0,644
0,844;0;1;;0,844;0;0,834;0,311;0,021;0,672
0,796;0,004;1;;0,796;0,004;0,85;0,351;0,024;0,676
0,775;0,031;1;;0,775;0,031;0,864;0,319;0,03;0,63
0,809;0,06;1;;0,809;0,06;0,873;0,253;0,036;0,517
0,811;0,073;1;;0,811;0,073;0,873;0,173;0,04;0,373
0,906;0,096;1;;0,906;0,096;0,868;0,11;0,049;0,189
0,958;0,149;1;;0,958;0,149;0,862;0,042;0,064;0,056
0,973;0,204;1;;0,973;0,204;0,843;0,003;0,085;0,003
0,975;0,195;1;;0,975;0,195;0,832;0;0,117;0
0,965;0,064;1;;0,965;0,064;0,849;0;0,155;0
0,954;0;1;;0,954;0;0,869;0;0,19;0
0,942;0;1;;0,942;0;0,887;0;0,21;0
0,932;0;1;;0,932;0;0,898;0;0,217;0
0,91;0;1;;0,91;0;0,897;0;0,223;0
0,876;0;1;;0,876;0;0,895;0;0,227;0
0,852;0;1;;0,852;0;0,908;0;0,242;0
0,84;0;1;;0,84;0;0,909;0;0,249;0
0,843;0;1;;0,843;0;0,9;0,003;0,238;0,008
0,84;0;1;;0,84;0;0,9;0,036;0,134;0,082
0,846;0;1;;0,846;0;0,919;0,106;0,104;0,232
0,835;0;1;;0,835;0;0,925;0,152;0,097;0,383
0,842;0;1;;0,842;0;0,925;0,153;0,097;0,49
0,878;0;1;;0,878;0;0,923;0,16;0,128;0,541
0,862;0;1;;0,862;0;0,931;0,217;0,173;0,558
0,854;0;1;;0,854;0;0,942;0,23;0,202;0,621
0,839;0,051;1;;0,839;0,051;0,951;0,286;0,206;0,703
0,715;0,225;1;;0,715;0,225;0,954;0,3;0,21;0,684
0,75;0,374;1;;0,75;0,374;0,954;0,294;0,224;0,559
0,8;0,458;1;;0,8;0,458;0,954;0,261;0,254;0,337
0,793;0,437;1;;0,793;0,437;0,95;0,176;0,295;0,131
0,806;0,352;1;;0,806;0,352;0,942;0,078;0,369;0,031
0,827;0,28;1;;0,827;0,28;0,935;0,01;0,472;0,001
0,81;0,221;1;;0,81;0,221;0,932;0;0,511;0
0,802;0,082;1;;0,802;0,082;0,934;0;0,46;0
0,867;0;1;;0,867;0;0,937;0;0,38;0
0,876;0;1;;0,876;0;0,936;0;0,348;0
0,862;0;1;;0,862;0;0,937;0;0,333;0
0,847;0;1;;0,847;0;0,937;0;0,3;0
0,836;0;1;;0,836;0;0,937;0;0,303;0
0,823;0;1;;0,823;0;0,934;0;0,262;0
0,783;0;1;;0,783;0;0,925;0;0,231;0
0,734;0;1;;0,734;0;0,893;0,019;0,209;0,004
0,686;0;1;;0,686;0;0,867;0,104;0,238;0,054
0,642;0;1;;0,642;0;0,889;0,236;0,232;0,167
0,596;0;1;;0,596;0;0,884;0,308;0,229;0,421
0,533;0;1;;0,533;0;0,889;0,377;0,232;0,58
0,436;0;1;;0,436;0;0,899;0,481;0,233;0,652
0,33;0;1;;0,33;0;0,915;0,592;0,246;0,735
0,224;0;1;;0,224;0;0,931;0,64;0,283;0,755
0,134;0,098;1;;0,134;0,098;0,944;0,618;0,327;0,698
0,063;0,285;1;;0,063;0,285;0,951;0,499;0,362;0,615
0,043;0,384;1;;0,043;0,384;0,95;0,343;0,373;0,487
0,06;0,521;1;;0,06;0,521;0,952;0,224;0,359;0,323
0,099;0,542;1;;0,099;0,542;0,953;0,129;0,326;0,168
0,171;0,5;1;;0,171;0,5;0,942;0,051;0,255;0,053
0,241;0,452;1;;0,241;0,452;0,927;0,007;0,201;0,003
0,278;0,304;1;;0,278;0,304;0,923;0;0,163;0
0,361;0,088;1;;0,361;0,088;0,918;0;0,135;0
0,412;0;1;;0,412;0;0,917;0;0,128;0
0,432;0;1;;0,432;0;0,919;0;0,135;0
0,464;0;1;;0,464;0;0,914;0;0,149;0
0,526;0;1;;0,526;0;0,908;0;0,157;0
0,589;0;1;;0,589;0;0,896;0;0,162;0
0,628;0;1;;0,628;0;0,89;0;0,159;0
0,634;0;1;;0,634;0;0,869;0;0,136;0
0,631;0;1;;0,631;0;0,823;0,012;0,162;0
0,623;0;1;;0,623;0;0,746;0,075;0,28;0,011
0,575;0;1;;0,575;0;0,708;0,176;0,385;0,043
0,493;0;1;;0,493;0;0,656;0,275;0,442;0,096
0,404;0;1;;0,404;0;0,636;0,387;0,399;0,158
0,3;0;1;;0,3;0;0,659;0,42;0,32;0,209
0,21;0;1;;0,21;0;0,7;0,453;0,241;0,251
0,165;0;1;;0,165;0;0,743;0,483;0,205;0,277
0,139;0,019;1;;0,139;0,019;0,777;0,439;0,21;0,291
0,118;0,126;1;;0,118;0,126;0,802;0,397;0,227;0,261
0,17;0,35;1;;0,17;0,35;0,811;0,34;0,243;0,238
0,278;0,559;1;;0,278;0,559;0,809;0,289;0,259;0,198
0,367;0,603;1;;0,367;0,603;0,798;0,202;0,287;0,129
0,42;0,592;1;;0,42;0,592;0,755;0,08;0,29;0,056
0,454;0,521;1;;0,454;0,521;0,743;0,013;0,356;0,004
0,455;0,363;1;;0,455;0,363;0,728;0;0,395;0
0,513;0,137;1;;0,513;0,137;0,679;0;0,385;0
0,547;0;1;;0,547;0;0,62;0;0,421;0
0,561;0;1;;0,561;0;0,546;0;0,418;0
0,61;0;1;;0,61;0;0,464;0;0,424;0
0,689;0;1;;0,689;0;0,387;0;0,407;0
0,767;0;1;;0,767;0;0,339;0;0,364;0
0,817;0;1;;0,817;0;0,33;0;0,3;0
0,821;0;1;;0,821;0;0,343;0;0,236;0
0,82;0;1;;0,82;0;0,387;0,021;0,205;0,011
0,836;0;1;;0,836;0;0,414;0,104;0,165;0,095
0,866;0;1;;0,866;0;0,478;0,255;0,198;0,296
0,92;0;1;;0,92;0;0,54;0,402;0,216;0,486
0,964;0;1;;0,964;0;0,593;0,515;0,21;0,582
0,971;0;1;;0,971;0;0,649;0,6;0,226;0,661
0,97;0;1;;0,97;0;0,715;0,668;0,246;0,694
0,981;0;1;;0,981;0;0,775;0,69;0,256;0,678
0,985;0,037;1;;0,985;0,037;0,808;0,69;0,262;0,637
0,978;0,242;1;;0,978;0,242;0,817;0,657;0,275;0,567
0,966;0,417;1;;0,966;0,417;0,825;0,552;0,287;0,463
0,948;0,283;1;;0,948;0,283;0,828;0,405;0,286;0,332
0,961;0,384;1;;0,961;0,384;0,819;0,224;0,268;0,184
0,95;0,339;1;;0,95;0,339;0,788;0,076;0,227;0,062
0,908;0,164;1;;0,908;0,164;0,746;0,013;0,242;0,006
0,861;0,036;1;;0,861;0,036;0,746;0;0,291;0
0,845;0,008;1;;0,845;0,008;0,766;0;0,33;0
0,886;0;1;;0,886;0;0,805;0;0,354;0
0,882;0;1;;0,882;0;0,846;0;0,374;0
0,903;0;1;;0,903;0;0,864;0;0,371;0
0,906;0;1;;0,906;0;0,885;0;0,358;0
0,898;0;1;;0,898;0;0,895;0;0,327;0
0,882;0;1;;0,882;0;0,9;0;0,285;0
0,873;0;1;;0,873;0;0,901;0;0,242;0
0,857;0;1;;0,857;0;0,9;0,011;0,2;0,012
0,856;0;1;;0,856;0;0,879;0,061;0,106;0,095
0,854;0;1;;0,854;0;0,884;0,158;0,111;0,273
0,813;0;1;;0,813;0;0,906;0,262;0,128;0,413
0,765;0;1;;0,765;0;0,916;0,334;0,136;0,511
0,731;0;1;;0,731;0;0,914;0,389;0,151;0,619
0,737;0;1;;0,737;0;0,905;0,434;0,168;0,693
0,804;0;1;;0,804;0;0,899;0,504;0,189;0,692
0,832;0,011;1;;0,832;0,011;0,901;0,542;0,21;0,66
0,799;0,086;1;;0,799;0,086;0,906;0,503;0,22;0,602
0,746;0,272;1;;0,746;0,272;0,905;0,433;0,217;0,489
0,695;0,44;1;;0,695;0,44;0,897;0,32;0,212;0,356
0,845;0,422;1;;0,845;0,422;0,877;0,193;0,205;0,184
0,864;0,337;1;;0,864;0,337;0,842;0,081;0,178;0,066
0,842;0,209;1;;0,842;0,209;0,814;0,014;0,173;0,006
0,813;0,107;1;;0,813;0,107;0,806;0;0,204;0
0,843;0,031;1;;0,843;0,031;0,793;0;0,27;0
0,892;0;1;;0,892;0;0,798;0;0,312;0
0,91;0;1;;0,91;0;0,807;0;0,293;0
0,917;0;1;;0,917;0;0,812;0;0,235;0
0,909;0;1;;0,909;0;0,81;0;0,168;0
0,891;0;1;;0,891;0;0,806;0;0,12;0
0,863;0;1;;0,863;0;0,803;0;0,088;0
0,859;0;1;;0,859;0;0,777;0;0,062;0
0,892;0;1;;0,892;0;0,723;0,022;0,035;0,012
0,898;0;1;;0,898;0;0,616;0,099;0,016;0,073
0,915;0;1;;0,915;0;0,553;0,232;0,015;0,187
0,917;0;1;;0,917;0;0,498;0,425;0,02;0,269
0,916;0;1;;0,916;0;0,5;0,525;0,031;0,379
0,919;0;1;;0,919;0;0,513;0,599;0,044;0,531
0,911;0;1;;0,911;0;0,526;0,657;0,06;0,672
0,922;0;1;;0,922;0;0,538;0,658;0,076;0,69
0,932;0,008;1;;0,932;0,008;0,533;0,626;0,078;0,652
0,95;0,067;1;;0,95;0,067;0,486;0,585;0,072;0,66
0,974;0,285;1;;0,974;0,285;0,401;0,51;0,065;0,565
0,983;0,441;1;;0,983;0,441;0,293;0,386;0,064;0,404
0,974;0,5;1;;0,974;0,5;0,196;0,219;0,052;0,224
0,98;0,514;1;;0,98;0,514;0,12;0,077;0,038;0,07
0,987;0,438;1;;0,987;0,438;0,062;0,01;0,013;0,007
0,981;0,271;1;;0,981;0,271;0,034;0;0,036;0
0,959;0,038;1;;0,959;0,038;0,046;0;0,146;0
0,943;0;1;;0,943;0;0,074;0;0,248;0
0,932;0;1;;0,932;0;0,114;0;0,351;0
0,919;0;1;;0,919;0;0,156;0;0,422;0
0,903;0;1;;0,903;0;0,198;0;0,468;0
0,882;0;1;;0,882;0;0,231;0;0,473;0
0,873;0;1;;0,873;0;0,25;0;0,425;0
0,885;0;1;;0,885;0;0,265;0;0,344;0
0,891;0;1;;0,891;0;0,252;0,022;0,279;0,005
0,892;0;1;;0,892;0;0,188;0,103;0,212;0,026
0,867;0;1;;0,867;0;0,173;0,204;0,155;0,058
0,827;0;1;;0,827;0;0,231;0,334;0,194;0,232
0,835;0;1;;0,835;0;0,327;0,339;0,317;0,453
0,802;0;1;;0,802;0;0,418;0,236;0,407;0,461
0,807;0;1;;0,807;0;0,54;0,213;0,515;0,288
0,788;0;1;;0,788;0;0,667;0,25;0,649;0,277
0,761;0,013;1;;0,761;0,013;0,774;0,337;0,733;0,24
0,709;0,107;1;;0,709;0,107;0,83;0,437;0,773;0,2
0,616;0,353;1;;0,616;0,353;0,837;0,266;0,775;0,146
0,733;0,498;1;;0,733;0,498;0,832;0,1;0,704;0,079
0,755;0,544;1;;0,755;0,544;0,838;0,044;0,613;0,049
0,692;0,517;1;;0,692;0,517;0,846;0,014;0,537;0,016
0,626;0,413;1;;0,626;0,413;0,826;0;0,488;0
0,526;0,256;1;;0,526;0,256;0,796;0;0,464;0
0,615;0,082;1;;0,615;0,082;0,776;0;0,502;0
0,78;0;1;;0,78;0;0,731;0;0,48;0
0,836;0;1;;0,836;0;0,659;0;0,46;0
0,854;0;1;;0,854;0;0,615;0;0,483;0
0,863;0;1;;0,863;0;0,613;0;0,475;0
0,871;0;1;;0,871;0;0,617;0;0,457;0
0,873;0;1;;0,873;0;0,614;0;0,433;0
0,877;0;1;;0,877;0;0,629;0;0,391;0
0,892;0;1;;0,892;0;0,602;0,02;0,313;0,012
0,89;0;1;;0,89;0;0,527;0,103;0,247;0,081
0,884;0;1;;0,884;0;0,515;0,271;0,287;0,26
0,872;0;1;;0,872;0;0,565;0,453;0,34;0,404
0,85;0;1;;0,85;0;0,582;0,606;0,435;0,458
0,848;0;1;;0,848;0;0,568;0,702;0,537;0,428
0,9;0;1;;0,9;0;0,54;0,74;0,575;0,292
0,936;0;1;;0,936;0;0,508;0,739;0,5;0,199
0,952;0,01;1;;0,952;0,01;0,472;0,677;0,362;0,186
0,953;0,124;1;;0,953;0,124;0,443;0,623;0,275;0,197
0,961;0,275;1;;0,961;0,275;0,425;0,515;0,279;0,218
0,972;0,473;1;;0,972;0,473;0,4;0,373;0,321;0,14
0,971;0,519;1;;0,971;0,519;0,358;0,193;0,34;0,128
0,961;0,496;1;;0,961;0,496;0,321;0,074;0,351;0,076
0,933;0,396;1;;0,933;0,396;0,339;0,012;0,412;0,011
0,861;0,251;1;;0,861;0,251;0,365;0;0,484;0
0,807;0,082;1;;0,807;0,082;0,388;0;0,515;0
0,805;0;1;;0,805;0;0,422;0;0,497;0
0,71;0;1;;0,71;0;0,457;0;0,514;0
0,537;0;1;;0,537;0;0,475;0;0,479;0
0,601;0;1;;0,601;0;0,483;0;0,449;0
0,677;0;1;;0,677;0;0,465;0;0,432;0
0,785;0;1;;0,785;0;0,412;0;0,389;0
0,831;0;1;;0,831;0;0,343;0;0,341;0
0,868;0;1;;0,868;0;0,325;0,014;0,299;0,011
0,921;0;1;;0,921;0;0,33;0,048;0,286;0,071
0,961;0;1;;0,961;0;0,396;0,089;0,39;0,248
0,98;0;1;;0,98;0;0,497;0,163;0,474;0,438
0,986;0;1;;0,986;0;0,576;0,3;0,492;0,574
0,987;0;1;;0,987;0;0,652;0,535;0,452;0,665
0,987;0;1;;0,987;0;0,732;0,685;0,417;0,744
0,987;0;1;;0,987;0;0,785;0,739;0,406;0,756
0,986;0,006;1;;0,986;0,006;0,806;0,672;0,382;0,73
0,976;0,017;1;;0,976;0,017;0,798;0,632;0,335;0,648
0,986;0,022;1;;0,986;0,022;0,755;0,548;0,279;0,527
0,98;0,016;1;;0,98;0,016;0,682;0,419;0,231;0,378
0,984;0,015;1;;0,984;0,015;0,594;0,231;0,195;0,217
0,986;0,019;1;;0,986;0,019;0,5;0,085;0,132;0,069
0,987;0,023;1;;0,987;0,023;0,432;0,02;0,087;0,009
0,987;0,017;1;;0,987;0,017;0,388;0;0,031;0
0,986;0,006;1;;0,986;0,006;0,337;0;0,016;0
0,985;0;1;;0,985;0;0,285;0;0,052;0
0,977;0;1;;0,977;0;0,236;0;0,118;0
0,977;0;1;;0,977;0;0,211;0;0,166;0
0,977;0;1;;0,977;0;0,195;0;0,195;0
0,975;0;1;;0,975;0;0,172;0;0,228;0
0,972;0;1;;0,972;0;0,174;0;0,3;0
0,963;0;1;;0,963;0;0,224;0;0,359;0
0,962;0;1;;0,962;0;0,274;0,024;0,351;0
0,958;0;1;;0,958;0;0,242;0,117;0,274;0,01
0,96;0;1;;0,96;0;0,225;0,311;0,192;0,035
0,967;0;1;;0,967;0;0,211;0,503;0,133;0,09
0,976;0;1;;0,976;0;0,223;0,662;0,093;0,157
0,984;0;1;;0,984;0;0,252;0,772;0,199;0,224
0,987;0;1;;0,987;0;0,312;0,834;0,289;0,231
0,978;0;1;;0,978;0;0,432;0,849;0,332;0,242
0,943;0,014;1;;0,943;0,014;0,584;0,818;0,396;0,191
0,815;0,083;1;;0,815;0,083;0,709;0,742;0,511;0,155
0,694;0,128;1;;0,694;0,128;0,793;0,621;0,636;0,164
0,705;0,149;1;;0,705;0,149;0,848;0,457;0,713;0,15
0,641;0,141;1;;0,641;0,141;0,88;0,261;0,713;0,074
0,554;0,122;1;;0,554;0,122;0,887;0,077;0,667;0,031
0,432;0,076;1;;0,432;0,076;0,882;0,019;0,598;0,005
0,403;0,034;1;;0,403;0,034;0,883;0;0,508;0
0,486;0,004;1;;0,486;0,004;0,882;0;0,438;0
0,568;0;1;;0,568;0;0,879;0;0,493;0
0,601;0;1;;0,601;0;0,876;0;0,557;0
0,703;0;1;;0,703;0;0,872;0;0,571;0
0,829;0;1;;0,829;0;0,871;0;0,548;0
0,929;0;1;;0,929;0;0,871;0;0,498;0
0,964;0;1;;0,964;0;0,869;0;0,452;0
0,972;0;1;;0,972;0;0,862;0;0,41;0
0,983;0;1;;0,983;0;0,826;0,024;0,349;0,019
0,986;0;1;;0,986;0;0,8;0,119;0,359;0,096
0,983;0;1;;0,983;0;0,85;0,31;0,414;0,288
0,971;0;1;;0,971;0;0,85;0,501;0,41;0,497
0,94;0;1;;0,94;0;0,849;0,66;0,371;0,655
0,864;0;1;;0,864;0;0,861;0,767;0,343;0,764
0,842;0;1;;0,842;0;0,867;0,827;0,341;0,831
0,983;0;1;;0,983;0;0,867;0,844;0,36;0,849
0,866;0,003;1;;0,866;0,003;0,874;0,82;0,359;0,818
0,831;0,097;1;;0,831;0,097;0,885;0,748;0,358;0,737
0,969;0,279;1;;0,969;0,279;0,898;0,629;0,389;0,601
0,98;0,42;1;;0,98;0,42;0,906;0,466;0,446;0,43
0,926;0,493;1;;0,926;0,493;0,901;0,269;0,503;0,243
0,888;0,221;1;;0,888;0,221;0,883;0,077;0,526;0,073
0,93;0,068;1;;0,93;0,068;0,874;0,019;0,531;0,014
0,968;0,036;1;;0,968;0,036;0,869;0;0,567;0
0,984;0,008;1;;0,984;0,008;0,859;0;0,58;0
0,978;0;1;;0,978;0;0,855;0;0,565;0
0,965;0;1;;0,965;0;0,85;0;0,573;0
0,957;0;1;;0,957;0;0,851;0;0,593;0
0,829;0;1;;0,829;0;0,853;0;0,594;0
0,268;0;1;;0,268;0;0,858;0;0,573;0
0,128;0;1;;0,128;0;0,856;0;0,543;0
0,346;0;1;;0,346;0;0,843;0;0,494;0
0,719;0;1;;0,719;0;0,805;0,025;0,392;0,018
0,9;0;1;;0,9;0;0,734;0,12;0,228;0,103
0,972;0;1;;0,972;0;0,743;0,322;0,351;0,298
0,987;0;1;;0,987;0;0,676;0,514;0,351;0,49
0,984;0;1;;0,984;0;0,642;0,668;0,343;0,65
0,971;0;1;;0,971;0;0,655;0,775;0,369;0,779
0,973;0;1;;0,973;0;0,696;0,836;0,4;0,841
0,986;0;1;;0,986;0;0,735;0,851;0,44;0,856
0,981;0,007;1;;0,981;0,007;0,773;0,818;0,494;0,825
0,967;0,09;1;;0,967;0,09;0,811;0,741;0,543;0,749
0,951;0,128;1;;0,951;0,128;0,831;0,618;0,568;0,626
0,939;0,113;1;;0,939;0,113;0,834;0,454;0,566;0,456
0,842;0,121;1;;0,842;0,121;0,824;0,262;0,548;0,259
0,78;0,108;1;;0,78;0,108;0,808;0,08;0,493;0,067
0,763;0,061;1;;0,763;0,061;0,783;0,021;0,468;0,014
0,808;0,02;1;;0,808;0,02;0,808;0;0,512;0
0,886;0,001;1;;0,886;0,001;0,828;0;0,554;0
0,944;0;1;;0,944;0;0,827;0;0,582;0
0,976;0;1;;0,976;0;0,812;0;0,606;0
0,986;0;1;;0,986;0;0,785;0;0,614;0
0,987;0;1;;0,987;0;0,737;0;0,599;0
0,985;0;1;;0,985;0;0,667;0;0,569;0
0,982;0;1;;0,982;0;0,586;0;0,532;0
0,978;0;1;;0,978;0;0,505;0;0,496;0
0,971;0;1;;0,971;0;0,415;0,03;0,395;0,021
0,964;0;1;;0,964;0;0,276;0,116;0,236;0,106
0,961;0;1;;0,961;0;0,208;0,305;0,298;0,306
0,949;0;1;;0,949;0;0,161;0,499;0,375;0,493
0,954;0;1;;0,954;0;0,152;0,647;0,417;0,646
0,965;0;1;;0,965;0;0,157;0,746;0,449;0,751
0,967;0;1;;0,967;0;0,143;0,809;0,479;0,808
0,972;0;1;;0,972;0;0,124;0,75;0,511;0,821
0,969;0,003;1;;0,969;0,003;0,134;0,599;0,533;0,784
0,957;0,048;1;;0,957;0,048;0,194;0,64;0,536;0,7
0,948;0,118;1;;0,948;0,118;0,262;0,602;0,52;0,582
0,951;0,224;1;;0,951;0,224;0,343;0,435;0,518;0,422
0,951;0,295;1;;0,951;0,295;0,395;0,236;0,534;0,221
0,954;0,283;1;;0,954;0,283;0,424;0,086;0,519;0,077
0,931;0,202;1;;0,931;0,202;0,449;0,023;0,537;0,016
0,894;0,116;1;;0,894;0,116;0,449;0;0,543;0
0,874;0,019;1;;0,874;0,019;0,396;0;0,515;0
0,886;0;1;;0,886;0;0,317;0;0,464;0
0,873;0;1;;0,873;0;0,256;0;0,409;0
0,865;0;1;;0,865;0;0,193;0;0,361;0
0,81;0;1;;0,81;0;0,126;0;0,352;0
0,756;0;1;;0,756;0;0,072;0;0,392;0
0,742;0;1;;0,742;0;0,036;0;0,432;0
0,731;0;1;;0,731;0;0,019;0;0,452;0
0,663;0;1;;0,663;0;0,019;0,028;0,415;0,019
0,613;0;1;;0,613;0;0,023;0,125;0,229;0,107
0,582;0;1;;0,582;0;0,035;0,313;0,35;0,313
0,534;0;1;;0,534;0;0,06;0,496;0,426;0,513
0,472;0;1;;0,472;0;0,087;0,645;0,438;0,672
0,384;0;1;;0,384;0;0,117;0,749;0,434;0,783
0,313;0;1;;0,313;0;0,156;0,806;0,428;0,843
0,284;0;1;;0,284;0;0,205;0,818;0,427;0,855
0,248;0;1;;0,248;0;0,259;0,777;0,425;0,823
0,219;0,016;1;;0,219;0,016;0,319;0,629;0,416;0,745
0,251;0,039;1;;0,251;0,039;0,378;0,505;0,398;0,621
0,365;0,09;1;;0,365;0,09;0,449;0,361;0,391;0,445
0,592;0,278;1;;0,592;0,278;0,508;0,187;0,396;0,233
0,679;0,344;1;;0,679;0,344;0,551;0,077;0,373;0,076
0,665;0,144;1;;0,665;0,144;0,613;0,019;0,373;0,017
0,683;0,058;1;;0,683;0,058;0,649;0;0,383;0
0,819;0,005;1;;0,819;0,005;0,569;0;0,346;0
0,872;0;1;;0,872;0;0,472;0;0,315;0
0,886;0;1;;0,886;0;0,424;0;0,303;0
0,891;0;1;;0,891;0;0,418;0;0,313;0
0,915;0;1;;0,915;0;0,434;0;0,33;0
0,956;0;1;;0,956;0;0,489;0;0,324;0
0,964;0;1;;0,964;0;0,586;0;0,292;0
0,968;0;1;;0,968;0;0,661;0;0,266;0
0,948;0;1;;0,948;0;0,649;0,034;0,248;0,021
0,932;0;1;;0,932;0;0,58;0,117;0,161;0,093
0,892;0;1;;0,892;0;0,665;0,246;0,192;0,226
0,857;0;1;;0,857;0;0,76;0,382;0,201;0,399
0,816;0;1;;0,816;0;0,835;0,541;0,188;0,562
0,78;0;1;;0,78;0;0,876;0,636;0,174;0,692
0,771;0;1;;0,771;0;0,899;0,574;0,17;0,727
0,682;0;1;;0,682;0;0,914;0,438;0,179;0,661
0,627;0,001;1;;0,627;0,001;0,916;0,313;0,206;0,505
0,554;0,048;1;;0,554;0,048;0,908;0,301;0,253;0,364
0,445;0,105;1;;0,445;0,105;0,935;0,275;0,29;0,268
0,33;0,136;1;;0,33;0,136;0,958;0,207;0,305;0,185
0,182;0,236;1;;0,182;0,236;0,975;0,131;0,294;0,102
0,136;0,353;1;;0,136;0,353;0,974;0,07;0,264;0,045
0,091;0,354;1;;0,091;0,354;0,969;0,024;0,213;0,007
0,095;0,213;1;;0,095;0,213;0,954;0;0,166;0
0,144;0,03;1;;0,144;0,03;0,932;0;0,144;0
0,204;0;1;;0,204;0;0,929;0;0,127;0
0,286;0;1;;0,286;0;0,921;0;0,125;0
0,299;0;1;;0,299;0;0,902;0;0,134;0
0,186;0;1;;0,186;0;0,872;0;0,152;0
0,112;0;1;;0,112;0;0,857;0;0,17;0
0,112;0;1;;0,112;0;0,829;0;0,18;0
0,211;0;1;;0,211;0;0,786;0;0,181;0
0,397;0;1;;0,397;0;0,724;0,01;0,159;0,01
0,677;0;1;;0,677;0;0,664;0,045;0,135;0,053
0,663;0;1;;0,663;0;0,614;0,112;0,151;0,134
0,385;0;1;;0,385;0;0,572;0,215;0,178;0,253
0,137;0;1;;0,137;0;0,529;0,341;0,2;0,396
0,522;0;1;;0,522;0;0,489;0,455;0,202;0,518
0,618;0;1;;0,618;0;0,453;0,566;0,197;0,587
0,4;0;1;;0,4;0;0,403;0,602;0,184;0,608
0,253;0,004;1;;0,253;0,004;0,387;0,552;0,156;0,605
0,387;0,074;1;;0,387;0,074;0,399;0,469;0,126;0,563
0,493;0,138;1;;0,493;0,138;0,418;0,356;0,105;0,473
0,396;0,25;1;;0,396;0,25;0,446;0,249;0,098;0,302
0,414;0,299;1;;0,414;0,299;0,468;0,127;0,095;0,158
0,472;0,314;1;;0,472;0,314;0,494;0,058;0,121;0,073
0,692;0,239;1;;0,692;0,239;0,551;0,015;0,225;0,015
0,831;0,06;1;;0,831;0,06;0,608;0;0,359;0
0,929;0,002;1;;0,929;0,002;0,623;0;0,432;0
0,94;0;1;;0,94;0;0,608;0;0,427;0
0,923;0;1;;0,923;0;0,597;0;0,374;0
0,887;0;1;;0,887;0;0,594;0;0,313;0
0,902;0;1;;0,902;0;0,608;0;0,241;0
0,923;0;1;;0,923;0;0,622;0;0,165;0
0,904;0;1;;0,904;0;0,629;0;0,107;0
0,814;0;1;;0,814;0;0,634;0;0,072;0
0,791;0;1;;0,791;0;0,58;0,032;0,071;0,023
0,906;0;1;;0,906;0;0,495;0,113;0,048;0,106
0,977;0;1;;0,977;0;0,489;0,25;0,042;0,245
0,987;0;1;;0,987;0;0,554;0,436;0,059;0,41
0,963;0;1;;0,963;0;0,64;0,603;0,081;0,512
0,944;0;1;;0,944;0;0,663;0,71;0,083;0,553
0,946;0;1;;0,946;0;0,637;0,765;0,076;0,563
0,961;0;1;;0,961;0;0,586;0,773;0,062;0,517
0,975;0;1;;0,975;0;0,532;0,735;0,047;0,451
0,984;0,051;1;;0,984;0,051;0,481;0,65;0,035;0,361
0,986;0,156;1;;0,986;0,156;0,433;0,534;0,026;0,279
0,986;0,226;1;;0,986;0,226;0,396;0,342;0,022;0,201
0,987;0,216;1;;0,987;0,216;0,424;0,205;0,021;0,12
0,987;0,176;1;;0,987;0,176;0,552;0,089;0,02;0,05
0,986;0,133;1;;0,986;0,133;0,719;0,026;0,022;0,007
0,983;0,068;1;;0,983;0,068;0,825;0;0,031;0
0,983;0,006;1;;0,983;0,006;0,825;0;0,04;0
0,986;0;1;;0,986;0;0,768;0;0,055;0
0,987;0;1;;0,987;0;0,726;0;0,078;0
0,982;0;1;;0,982;0;0,688;0;0,106;0
0,976;0;1;;0,976;0;0,658;0;0,127;0
0,969;0;1;;0,969;0;0,636;0;0,136;0
0,972;0;1;;0,972;0;0,632;0;0,14;0
0,978;0;1;;0,978;0;0,619;0,001;0,137;0
0,985;0;1;;0,985;0;0,53;0,037;0,128;0,015
0,987;0;1;;0,987;0;0,464;0,116;0,08;0,065
0,985;0;1;;0,985;0;0,461;0,25;0,045;0,141
0,98;0;1;;0,98;0;0,476;0,435;0,04;0,23
0,975;0;1;;0,975;0;0,489;0,589;0,036;0,345
0,972;0;1;;0,972;0;0,483;0,692;0,027;0,435
0,967;0;1;;0,967;0;0,46;0,739;0,018;0,413
0,961;0;1;;0,961;0;0,452;0,69;0,018;0,345
0,956;0,003;1;;0,956;0,003;0,486;0,604;0,036;0,298
0,946;0,115;1;;0,946;0,115;0,541;0,524;0,07;0,288
0,938;0,283;1;;0,938;0,283;0,594;0,419;0,107;0,24
0,963;0,393;1;;0,963;0,393;0,646;0,305;0,137;0,184
0,969;0,43;1;;0,969;0,43;0,69;0,199;0,165;0,145
0,968;0,392;1;;0,968;0,392;0,739;0,091;0,214;0,074
0,965;0,272;1;;0,965;0,272;0,798;0,027;0,325;0,018
0,962;0,144;1;;0,962;0,144;0,807;0;0,428;0
0,968;0,012;1;;0,968;0,012;0,784;0;0,489;0
0,971;0;1;;0,971;0;0,742;0;0,497;0
0,981;0;1;;0,981;0;0,713;0;0,477;0
0,983;0;1;;0,983;0;0,686;0;0,449;0
0,953;0;1;;0,953;0;0,671;0;0,424;0
0,932;0;1;;0,932;0;0,652;0;0,41;0
0,892;0;1;;0,892;0;0,632;0;0,395;0
0,823;0;1;;0,823;0;0,602;0;0,374;0
0,782;0;1;;0,782;0;0,494;0,037;0,317;0,028
0,793;0;1;;0,793;0;0,327;0,121;0,29;0,111
0,788;0;1;;0,788;0;0,316;0,251;0,358;0,222
0,776;0;1;;0,776;0;0,362;0,381;0,389;0,312
0,741;0;1;;0,741;0;0,387;0,485;0,385;0,341
0,675;0;1;;0,675;0;0,393;0,646;0,371;0,375
0,573;0;1;;0,573;0;0,378;0,736;0,359;0,395
0,531;0;1;;0,531;0;0,361;0,744;0,367;0,401
0,518;0;1;;0,518;0;0,358;0,688;0,391;0,302
0,492;0,037;1;;0,492;0,037;0,377;0,601;0,435;0,18
0,414;0,11;1;;0,414;0,11;0,396;0,496;0,475;0,122
0,372;0,138;1;;0,372;0,138;0,411;0,358;0,48;0,084
0,382;0,124;1;;0,382;0,124;0,421;0,21;0,489;0,053
0,443;0,121;1;;0,443;0,121;0,432;0,09;0,557;0,023
0,518;0,098;1;;0,518;0,098;0,492;0,024;0,639;0,003
0,616;0,057;1;;0,616;0,057;0,544;0;0,713;0
0,732;0,002;1;;0,732;0,002;0,599;0;0,767;0
0,84;0;1;;0,84;0;0,661;0;0,821;0
0,908;0;1;;0,908;0;0,721;0;0,856;0
0,935;0;1;;0,935;0;0,761;0;0,874;0
0,963;0;1;;0,963;0;0,762;0;0,873;0
0,984;0;1;;0,984;0;0,753;0;0,865;0
0,986;0;1;;0,986;0;0,753;0;0,857;0
0,978;0;1;;0,978;0;0,75;0;0,859;0
0,963;0;1;;0,963;0;0,739;0,014;0,873;0,003
0,95;0;1;;0,95;0;0,695;0,077;0,879;0,016
0,957;0;1;;0,957;0;0,691;0,14;0,866;0,037
0,946;0;1;;0,946;0;0,709;0,193;0,833;0,067
0,925;0;1;;0,925;0;0,716;0,229;0,807;0,103
0,857;0;1;;0,857;0;0,734;0,23;0,798;0,147
0,882;0;1;;0,882;0;0,75;0,212;0,814;0,18
0,926;0;1;;0,926;0;0,762;0,184;0,832;0,222
0,97;0;1;;0,97;0;0,782;0,168;0,823;0,226
0,987;0,002;1;;0,987;0,002;0,8;0,159;0,805;0,226
0,985;0,007;1;;0,985;0,007;0,815;0,144;0,768;0,206
0,983;0,007;1;;0,983;0,007;0,823;0,114;0,713;0,165
0,987;0,016;1;;0,987;0,016;0,836;0,065;0,644;0,123
0,986;0,024;1;;0,986;0,024;0,856;0,027;0,594;0,074
0,985;0,032;1;;0,985;0,032;0,871;0,005;0,581;0,018
0,983;0,021;1;;0,983;0,021;0,883;0;0,548;0
0,982;0;1;;0,982;0;0,88;0;0,498;0
0,982;0;1;;0,982;0;0,889;0;0,494;0
0,982;0;1;;0,982;0;0,881;0;0,494;0
0,983;0;1;;0,983;0;0,868;0;0,44;0
0,983;0;1;;0,983;0;0,874;0;0,388;0
0,982;0;1;;0,982;0;0,885;0;0,36;0
0,984;0;1;;0,984;0;0,898;0;0,359;0
0,987;0;1;;0,987;0;0,898;0;0,343;0
0,984;0;1;;0,984;0;0,892;0,029;0,281;0,023
0,973;0;1;;0,973;0;0,914;0,102;0,276;0,088
0,939;0;1;;0,939;0;0,916;0,177;0,303;0,159
0,895;0;1;;0,895;0;0,909;0,303;0,274;0,236
0,832;0;1;;0,832;0;0,904;0,486;0,248;0,322
0,782;0;1;;0,782;0;0,896;0,59;0,236;0,385
0,7;0;1;;0,7;0;0,889;0,723;0,227;0,486
0,59;0;1;;0,59;0;0,883;0,777;0,216;0,598
0,464;0;1;;0,464;0;0,874;0,779;0,211;0,688
0,265;0,006;1;;0,265;0,006;0,865;0,718;0,215;0,699
0,081;0,012;1;;0,081;0,012;0,85;0,611;0,225;0,593
0,014;0,016;1;;0,014;0,016;0,819;0,455;0,235;0,442
0,012;0,02;1;;0,012;0,02;0,771;0,273;0,233;0,254
0,091;0,016;1;;0,091;0,016;0,691;0,096;0,201;0,088
0,266;0,012;1;;0,266;0,012;0,572;0,031;0,167;0,025
0,557;0,005;1;;0,557;0,005;0,505;0;0,121;0
0,742;0;1;;0,742;0;0,48;0;0,071;0
0,779;0;1;;0,779;0;0,468;0;0,04;0
0,779;0;1;;0,779;0;0,451;0;0,024;0
0,799;0;1;;0,799;0;0,446;0;0,024;0
0,84;0;1;;0,84;0;0,433;0;0,036;0
0,846;0;1;;0,846;0;0,421;0;0,055;0
0,849;0;1;;0,849;0;0,41;0;0,075;0
0,842;0;1;;0,842;0;0,445;0,002;0,087;0
0,787;0;1;;0,787;0;0,515;0,039;0,089;0,03
0,745;0;1;;0,745;0;0,494;0,128;0,054;0,112
0,697;0;1;;0,697;0;0,515;0,291;0,048;0,273
0,626;0;1;;0,626;0;0,599;0,461;0,052;0,452
0,506;0;1;;0,506;0;0,686;0,615;0,044;0,597
0,418;0;1;;0,418;0;0,747;0,719;0,039;0,687
0,39;0;1;;0,39;0;0,784;0,777;0,036;0,753
0,425;0;1;;0,425;0;0,797;0,79;0,033;0,766
0,483;0;1;;0,483;0;0,786;0,754;0,03;0,709
0,529;0,001;1;;0,529;0,001;0,749;0,676;0,027;0,642
0,575;0,007;1;;0,575;0,007;0,677;0,533;0,023;0,522
0,589;0,013;1;;0,589;0,013;0,58;0,374;0,02;0,377
0,529;0,023;1;;0,529;0,023;0,456;0,233;0,015;0,218
0,53;0,028;1;;0,53;0,028;0,331;0,096;0,012;0,086
0,521;0,018;1;;0,521;0,018;0,275;0,032;0,012;0,021
0,537;0,005;1;;0,537;0,005;0,243;0;0,018;0
0,619;0;1;;0,619;0;0,215;0;0,028;0
0,713;0;1;;0,713;0;0,206;0;0,036;0
0,757;0;1;;0,757;0;0,21;0;0,041;0
0,79;0;1;;0,79;0;0,231;0;0,046;0
0,802;0;1;;0,802;0;0,287;0;0,051;0
0,785;0;1;;0,785;0;0,387;0;0,061;0
0,76;0;1;;0,76;0;0,515;0;0,066;0
0,697;0;1;;0,697;0;0,623;0,002;0,061;0
0,683;0;1;;0,683;0;0,649;0,036;0,05;0,027
0,663;0;1;;0,663;0;0,562;0,129;0,029;0,1
0,688;0;1;;0,688;0;0,572;0,282;0,016;0,196
0,695;0;1;;0,695;0;0,683;0,447;0,012;0,29
0,7;0;1;;0,7;0;0,774;0,612;0,013;0,396
0,796;0;1;;0,796;0;0,821;0,719;0,012;0,49
0,902;0;1;;0,902;0;0,829;0,784;0,009;0,535
0,946;0;1;;0,946;0;0,836;0,804;0,007;0,54
0,974;0;1;;0,974;0;0,847;0,778;0,011;0,517
0,977;0,097;1;;0,977;0,097;0,855;0,709;0,021;0,439
0,961;0,314;1;;0,961;0,314;0,857;0,594;0,033;0,309
0,972;0,458;1;;0,972;0,458;0,857;0,43;0,044;0,223
0,979;0,489;1;;0,979;0,489;0,856;0,246;0,054;0,174
0,974;0,436;1;;0,974;0,436;0,848;0,098;0,066;0,094
0,953;0,338;1;;0,953;0,338;0,825;0,032;0,081;0,025
0,936;0,164;1;;0,936;0,164;0,788;0;0,097;0
0,91;0,009;1;;0,91;0,009;0,782;0;0,128;0
0,894;0;1;;0,894;0;0,776;0;0,195;0
0,865;0;1;;0,865;0;0,76;0;0,3;0
0,84;0;1;;0,84;0;0,745;0;0,379;0
0,816;0;1;;0,816;0;0,726;0;0,413;0
0,781;0;1;;0,781;0;0,705;0;0,421;0
0,753;0;1;;0,753;0;0,71;0;0,407;0
0,728;0;1;;0,728;0;0,706;0;0,385;0
0,72;0;1;;0,72;0;0,674;0,025;0,297;0,03
0,718;0;1;;0,718;0;0,65;0,094;0,157;0,1
0,731;0;1;;0,731;0;0,648;0,193;0,135;0,199
0,753;0;1;;0,753;0;0,655;0,348;0,144;0,325
0,75;0;1;;0,75;0;0,671;0,506;0,12;0,491
0,729;0;1;;0,729;0;0,671;0,652;0,117;0,668
0,707;0;1;;0,707;0;0,661;0,779;0,143;0,764
0,654;0;1;;0,654;0;0,664;0,813;0,164;0,786
0,568;0;1;;0,568;0;0,687;0,793;0,167;0,76
0,472;0,011;1;;0,472;0,011;0,722;0,725;0,163;0,68
0,452;0,043;1;;0,452;0,043;0,734;0,613;0,162;0,561
0,467;0,091;1;;0,467;0,091;0,728;0,46;0,166;0,41
0,494;0,16;1;;0,494;0,16;0,695;0,278;0,174;0,241
0,532;0,235;1;;0,532;0,235;0,641;0,101;0,21;0,088
0,522;0,171;1;;0,522;0,171;0,599;0,035;0,305;0,026
0,588;0,077;1;;0,588;0,077;0,583;0;0,393;0
0,713;0,003;1;;0,713;0,003;0,572;0;0,371;0
0,764;0;1;;0,764;0;0,559;0;0,292;0
0,783;0;1;;0,783;0;0,584;0;0,211;0
0,782;0;1;;0,782;0;0,632;0;0,141;0
0,765;0;1;;0,765;0;0,674;0;0,092;0
0,746;0;1;;0,746;0;0,737;0;0,063;0
0,737;0;1;;0,737;0;0,783;0;0,049;0
0,713;0;1;;0,713;0;0,802;0;0,04;0
0,676;0;1;;0,676;0;0,811;0,014;0,042;0,029
0,649;0;1;;0,649;0;0,83;0,043;0,038;0,113
0,629;0;1;;0,629;0;0,872;0,075;0,068;0,292
0,596;0;1;;0,596;0;0,927;0,077;0,12;0,465
0,556;0;1;;0,556;0;0,95;0,091;0,175;0,598
0,533;0;1;;0,533;0;0,956;0,134;0,206;0,699
0,515;0;1;;0,515;0;0,949;0,163;0,214;0,756
0,552;0;1;;0,552;0;0,933;0,156;0,219;0,767
0,602;0;1;;0,602;0;0,916;0,138;0,225;0,747
0,632;0,009;1;;0,632;0,009;0,904;0,117;0,237;0,686
0,634;0,034;1;;0,634;0,034;0,902;0,108;0,253;0,576
0,636;0,08;1;;0,636;0,08;0,909;0,071;0,276;0,424
0,679;0,113;1;;0,679;0,113;0,929;0,052;0,311;0,241
0,714;0,254;1;;0,714;0,254;0,95;0,028;0,33;0,086
0,687;0,184;1;;0,687;0,184;0,964;0,009;0,397;0,025
0,712;0,08;1;;0,712;0,08;0,94;0;0,458;0
0,823;0,002;1;;0,823;0,002;0,943;0;0,468;0
0,869;0;1;;0,869;0;0,938;0;0,449;0
0,849;0;1;;0,849;0;0,889;0;0,433;0
0,797;0;1;;0,797;0;0,864;0;0,432;0
0,749;0;1;;0,749;0;0,885;0;0,424;0
0,694;0;1;;0,694;0;0,901;0;0,395;0
0,67;0;1;;0,67;0;0,901;0;0,371;0
0,659;0;1;;0,659;0;0,883;0,004;0,371;0
0,654;0;1;;0,654;0;0,855;0,04;0,292;0,037
0,654;0;1;;0,654;0;0,815;0,134;0,228;0,114
0,688;0;1;;0,688;0;0,849;0,302;0,296;0,213
0,704;0;1;;0,704;0;0,9;0,488;0,324;0,318
0,705;0;1;;0,705;0;0,919;0,638;0,323;0,394
0,696;0;1;;0,696;0;0,929;0,717;0,29;0,461
0,695;0;1;;0,695;0;0,933;0,675;0,253;0,389
0,704;0;1;;0,704;0;0,939;0,639;0,21;0,306
0,776;0;1;;0,776;0;0,944;0,626;0,17;0,355
0,819;0,034;1;;0,819;0,034;0,945;0,499;0,151;0,329
0,863;0,141;1;;0,863;0,141;0,94;0,356;0,137;0,296
0,913;0,215;1;;0,913;0,215;0,932;0,248;0,121;0,219
0,911;0,267;1;;0,911;0,267;0,923;0,171;0,117;0,148
0,893;0,246;1;;0,893;0,246;0,905;0,092;0,119;0,082
0,868;0,194;1;;0,868;0,194;0,879;0,032;0,145;0,025
0,819;0,095;1;;0,819;0,095;0,856;0;0,174;0
0,786;0,004;1;;0,786;0,004;0,828;0;0,166;0
0,762;0;1;;0,762;0;0,812;0;0,128;0
0,718;0;1;;0,718;0;0,788;0;0,087;0
0,653;0;1;;0,653;0;0,73;0;0,065;0
0,572;0;1;;0,572;0;0,646;0;0,07;0
0,481;0;1;;0,481;0;0,551;0;0,101;0
0,398;0;1;;0,398;0;0,472;0;0,129;0
0,346;0;1;;0,346;0;0,417;0,003;0,13;0
0,317;0;1;;0,317;0;0,363;0,042;0,106;0,016
0,293;0;1;;0,293;0;0,321;0,127;0,056;0,052
0,285;0;1;;0,285;0;0,313;0,249;0,031;0,095
0,311;0;1;;0,311;0;0,312;0,356;0,031;0,144
0,368;0;1;;0,368;0;0,33;0,46;0,045;0,2
0,424;0;1;;0,424;0;0,36;0,557;0,072;0,277
0,486;0;1;;0,486;0;0,405;0,649;0,115;0,372
0,551;0;1;;0,551;0;0,464;0,71;0,15;0,466
0,615;0;1;;0,615;0;0,518;0,757;0,176;0,521
0,636;0,084;1;;0,636;0,084;0,568;0,716;0,215;0,507
0,646;0,173;1;;0,646;0,173;0,609;0,615;0,272;0,324
0,753;0,186;1;;0,753;0,186;0,661;0,468;0,325;0,238
0,835;0,18;1;;0,835;0,18;0,728;0,283;0,358;0,151
0,873;0,111;1;;0,873;0,111;0,767;0,101;0,346;0,088
0,878;0,06;1;;0,878;0,06;0,78;0,032;0,343;0,025
0,869;0,017;1;;0,869;0,017;0,788;0,001;0,38;0
0,885;0;1;;0,885;0;0,787;0;0,413;0
0,91;0;1;;0,91;0;0,766;0;0,408;0
0,933;0;1;;0,933;0;0,735;0;0,392;0
0,943;0;1;;0,943;0;0,71;0;0,388;0
0,942;0;1;;0,942;0;0,698;0;0,399;0
0,948;0;1;;0,948;0;0,676;0;0,422;0
0,952;0;1;;0,952;0;0,636;0;0,39;0
0,951;0;1;;0,951;0;0,567;0,004;0,36;0
0,941;0;1;;0,941;0;0,462;0,032;0,287;0,031
0,935;0;1;;0,935;0;0,362;0,136;0,234;0,106
0,923;0;1;;0,923;0;0,287;0,316;0,211;0,238
0,914;0;1;;0,914;0;0,242;0,49;0,178;0,423
0,906;0;1;;0,906;0;0,239;0,641;0,145;0,62
0,906;0;1;;0,906;0;0,252;0,753;0,124;0,719
0,91;0;1;;0,91;0;0,254;0,816;0,112;0,764
0,917;0;1;;0,917;0;0,237;0,835;0,099;0,768
0,922;0;1;;0,922;0;0,211;0,807;0,084;0,725
0,918;0,043;1;;0,918;0,043;0,184;0,734;0,067;0,649
0,881;0,146;1;;0,881;0,146;0,151;0,62;0,051;0,539
0,844;0,278;1;;0,844;0,278;0,113;0,46;0,037;0,401
0,83;0,383;1;;0,83;0,383;0,076;0,28;0,029;0,243
0,78;0,407;1;;0,78;0,407;0,061;0,098;0,034;0,09
0,698;0,309;1;;0,698;0,309;0,13;0,031;0,071;0,028
0,729;0,148;1;;0,729;0,148;0,383;0,001;0,141;0
0,814;0,004;1;;0,814;0,004;0,702;0;0,238;0
0,846;0;1;;0,846;0;0,857;0;0,34;0
0,848;0;1;;0,848;0;0,907;0;0,429;0
0,845;0;1;;0,845;0;0,921;0;0,489;0
0,844;0;1;;0,844;0;0,927;0;0,512;0
0,841;0;1;;0,841;0;0,925;0;0,497;0
0,807;0;1;;0,807;0;0,925;0;0,457;0
0,753;0;1;;0,753;0;0,923;0,002;0,408;0
0,695;0;1;;0,695;0;0,906;0,038;0,289;0,033
0,653;0;1;;0,653;0;0,886;0,078;0,149;0,12
0,629;0;1;;0,629;0;0,884;0,093;0,187;0,298
0,605;0;1;;0,605;0;0,939;0,103;0,275;0,466
0,578;0;1;;0,578;0;0,963;0,101;0,305;0,587
0,546;0;1;;0,546;0;0,944;0,137;0,313;0,634
0,489;0;1;;0,489;0;0,927;0,298;0,301;0,701
0,412;0;1;;0,412;0;0,938;0,411;0,287;0,636
0,334;0;1;;0,334;0;0,947;0,417;0,273;0,524
0,26;0,074;1;;0,26;0,074;0,95;0,384;0,265;0,516
0,166;0,263;1;;0,166;0,263;0,935;0,279;0,263;0,476
0,092;0,467;1;;0,092;0,467;0,91;0,181;0,259;0,342
0,056;0,517;1;;0,056;0,517;0,878;0,116;0,243;0,195
0,032;0,494;1;;0,032;0,494;0,83;0,062;0,222;0,086
0,021;0,397;1;;0,021;0,397;0,812;0,017;0,23;0,024
0,018;0,215;1;;0,018;0,215;0,791;0;0,259;0
0,028;0,007;1;;0,028;0,007;0,827;0;0,277;0
0,06;0;1;;0,06;0;0,843;0;0,288;0
0,104;0;1;;0,104;0;0,85;0;0,296;0
0,138;0;1;;0,138;0;0,866;0;0,295;0
0,153;0;1;;0,153;0;0,868;0;0,283;0
0,165;0;1;;0,165;0;0,857;0;0,26;0
0,177;0;1;;0,177;0;0,85;0;0,232;0
0,187;0;1;;0,187;0;0,83;0,002;0,201;0
0,205;0;1;;0,205;0;0,775;0,042;0,151;0,035
0,238;0;1;;0,238;0;0,666;0,12;0,059;0,116
0,278;0;1;;0,278;0;0,616;0,23;0,055;0,276
0,311;0;1;;0,311;0;0,589;0,36;0,063;0,442
0,341;0;1;;0,341;0;0,614;0,476;0,089;0,583
0,416;0;1;;0,416;0;0,663;0,52;0,106;0,685
0,503;0;1;;0,503;0;0,722;0,529;0,106;0,738
0,586;0;1;;0,586;0;0,757;0,499;0,099;0,755
0,646;0;1;;0,646;0;0,756;0,504;0,094;0,716
0,646;0,013;1;;0,646;0,013;0,743;0,48;0,09;0,631
0,616;0,042;1;;0,616;0,042;0,713;0,376;0,085;0,515
0,633;0,058;1;;0,633;0,058;0,657;0,241;0,079;0,347
0,709;0,085;1;;0,709;0,085;0,557;0,151;0,076;0,209
0,72;0,081;1;;0,72;0,081;0,433;0,083;0,078;0,084
0,715;0,057;1;;0,715;0,057;0,304;0,031;0,088;0,026
0,786;0,02;1;;0,786;0,02;0,252;0,001;0,091;0
0,867;0;1;;0,867;0;0,257;0;0,086;0
0,91;0;1;;0,91;0;0,278;0;0,077;0
0,944;0;1;;0,944;0;0,322;0;0,063;0
0,957;0;1;;0,957;0;0,402;0;0,048;0
0,956;0;1;;0,956;0;0,532;0;0,034;0
0,96;0;1;;0,96;0;0,661;0;0,023;0
0,97;0;1;;0,97;0;0,757;0;0,016;0
0,977;0;1;;0,977;0;0,805;0,004;0,012;0
0,979;0;1;;0,979;0;0,804;0,044;0,01;0,033
0,974;0;1;;0,974;0;0,775;0,116;0,009;0,115
0,972;0;1;;0,972;0;0,842;0,257;0,013;0,281
0,971;0;1;;0,971;0;0,879;0,421;0,04;0,44
0,971;0;1;;0,971;0;0,892;0,587;0,048;0,574
0,971;0;1;;0,971;0;0,89;0,687;0,054;0,685
0,974;0;1;;0,974;0;0,873;0,754;0,061;0,749
0,975;0;1;;0,975;0;0,845;0,79;0,061;0,764
0,97;0;1;;0,97;0;0,8;0,75;0,055;0,732
0,966;0,018;1;;0,966;0,018;0,731;0,672;0,048;0,642
0,963;0,069;1;;0,963;0,069;0,661;0,555;0,039;0,504
0,966;0,137;1;;0,966;0,137;0,602;0,4;0,031;0,346
0,974;0,171;1;;0,974;0,171;0,489;0,206;0,025;0,199
0,981;0,177;1;;0,981;0,177;0,327;0,097;0,019;0,089
0,98;0,11;1;;0,98;0,11;0,195;0,039;0,022;0,029
0,979;0,036;1;;0,979;0,036;0,134;0,002;0,036;0
0,978;0;1;;0,978;0;0,08;0;0,053;0
0,973;0;1;;0,973;0;0,043;0;0,077;0
0,977;0;1;;0,977;0;0,032;0;0,117;0
0,979;0;1;;0,979;0;0,04;0;0,171;0
0,978;0;1;;0,978;0;0,071;0;0,229;0
0,976;0;1;;0,976;0;0,155;0;0,284;0
0,97;0;1;;0,97;0;0,297;0;0,332;0
0,966;0;1;;0,966;0;0,464;0,006;0,34;0
0,964;0;1;;0,964;0;0,512;0,046;0,296;0,029
0,959;0;1;;0,959;0;0,432;0,135;0,166;0,112
0,948;0;1;;0,948;0;0,492;0,275;0,119;0,29
0,936;0;1;;0,936;0;0,565;0,407;0,181;0,46
0,925;0;1;;0,925;0;0,6;0,537;0,248;0,596
0,923;0;1;;0,923;0;0,634;0,532;0,265;0,693
0,914;0;1;;0,914;0;0,659;0,479;0,274;0,749
0,883;0;1;;0,883;0;0,667;0,54;0,281;0,764
0,838;0;1;;0,838;0;0,686;0,665;0,293;0,739
0,745;0,002;1;;0,745;0,002;0,715;0,66;0,303;0,674
0,641;0,011;1;;0,641;0,011;0,722;0,547;0,311;0,568
0,449;0,02;1;;0,449;0,02;0,661;0,346;0,313;0,424
0,248;0,022;1;;0,248;0,022;0,541;0,19;0,313;0,252
0,116;0,018;1;;0,116;0,018;0,447;0,093;0,285;0,083
0,032;0,012;1;;0,032;0,012;0,456;0,036;0,284;0,026
0,003;0,003;1;;0,003;0,003;0,592;0,002;0,283;0
0,031;0;1;;0,031;0;0,76;0;0,278;0
0,159;0;1;;0,159;0;0,85;0;0,274;0
0,31;0;1;;0,31;0;0,864;0;0,264;0
0,358;0;1;;0,358;0;0,836;0;0,252;0
0,316;0;1;;0,316;0;0,773;0;0,234;0
0,246;0;1;;0,246;0;0,695;0;0,222;0
0,125;0;1;;0,125;0;0,635;0;0,215;0
0,051;0;1;;0,051;0;0,682;0,007;0,208;0
0,023;0;1;;0,023;0;0,763;0,044;0,183;0,038
0,025;0;1;;0,025;0;0,518;0,068;0,096;0,122
0,113;0;1;;0,113;0;0,18;0,096;0,063;0,277
0,21;0;1;;0,21;0;0,279;0,307;0,106;0,413
0,356;0;1;;0,356;0;0,529;0,449;0,172;0,504
0,567;0;1;;0,567;0;0,674;0,494;0,24;0,571
0,735;0;1;;0,735;0;0,686;0,449;0,323;0,616
0,847;0;1;;0,847;0;0,636;0,286;0,384;0,601
0,945;0;1;;0,945;0;0,511;0,297;0,43;0,494
0,961;0,001;1;;0,961;0,001;0,536;0,391;0,432;0,221
0,976;0,011;1;;0,976;0,011;0,661;0,266;0,371;0,15
0,982;0,01;1;;0,982;0,01;0,626;0,097;0,235;0,127
0,978;0,009;1;;0,978;0,009;0,394;0,074;0,126;0,082
0,922;0,022;1;;0,922;0,022;0,206;0,063;0,066;0,035
0,701;0,059;1;;0,701;0,059;0,147;0,029;0,039;0,009
0,532;0,055;1;;0,532;0,055;0,159;0,001;0,044;0
0,534;0;1;;0,534;0;0,161;0;0,073;0
0,508;0;1;;0,508;0;0,161;0;0,106;0
0,393;0;1;;0,393;0;0,151;0;0,12;0
0,265;0;1;;0,265;0;0,095;0;0,101;0
0,302;0;1;;0,302;0;0,036;0;0,066;0
0,385;0;1;;0,385;0;0,021;0;0,037;0
0,392;0;1;;0,392;0;0,049;0;0,021;0
0,46;0;1;;0,46;0;0,103;0,007;0,021;0
0,551;0;1;;0,551;0;0,166;0,05;0,036;0,036
0,625;0;1;;0,625;0;0,184;0,136;0,038;0,115
0,692;0;1;;0,692;0;0,18;0,273;0,054;0,268
0,685;0;1;;0,685;0;0,175;0,425;0,082;0,429
0,639;0;1;;0,639;0;0,169;0,532;0,126;0,564
0,528;0;1;;0,528;0;0,18;0,584;0,185;0,665
0,435;0;1;;0,435;0;0,219;0,601;0,253;0,718
0,403;0;1;;0,403;0;0,265;0,577;0,323;0,732
0,188;0;1;;0,188;0;0,313;0,537;0,396;0,704
0,041;0,003;1;;0,041;0,003;0,368;0,488;0,463;0,634
0,015;0,024;1;;0,015;0,024;0,462;0,411;0,504;0,528
0,046;0,039;1;;0,046;0,039;0,582;0,318;0,549;0,39
0,052;0,029;1;;0,052;0,029;0,678;0,216;0,605;0,234
0,134;0,018;1;;0,134;0,018;0,724;0,112;0,67;0,092
0,178;0,007;1;;0,178;0,007;0,802;0,041;0,746;0,03
0,105;0,001;1;;0,105;0,001;0,873;0,002;0,782;0
0,183;0;1;;0,183;0;0,894;0;0,775;0
0,23;0;1;;0,23;0;0,899;0;0,721;0
0,23;0;1;;0,23;0;0,925;0;0,628;0
0,163;0;1;;0,163;0;0,951;0;0,486;0
0,16;0;1;;0,16;0;0,972;0;0,318;0
0,195;0;1;;0,195;0;0,964;0;0,156;0
0,166;0;1;;0,166;0;0,926;0;0,072;0
0,165;0;1;;0,165;0;0,844;0,004;0,064;0
0,183;0;1;;0,183;0;0,734;0,05;0,079;0,035
0,186;0;1;;0,186;0;0,593;0,13;0,064;0,115
0,191;0;1;;0,191;0;0,589;0,248;0,051;0,276
0,21;0;1;;0,21;0;0,439;0,399;0,067;0,437
0,224;0;1;;0,224;0;0,237;0,533;0,118;0,544
0,206;0;1;;0,206;0;0,154;0,624;0,134;0,55
0,198;0;1;;0,198;0;0,133;0,669;0,106;0,545
0,233;0;1;;0,233;0;0,099;0,726;0,076;0,615
0,295;0;1;;0,295;0;0,08;0,703;0,072;0,644
0,363;0,01;1;;0,363;0,01;0,1;0,604;0,095;0,623
0,41;0,065;1;;0,41;0,065;0,164;0,47;0,135;0,543
0,39;0,237;1;;0,39;0,237;0,259;0,327;0,198;0,405
0,357;0,407;1;;0,357;0,407;0,41;0,168;0,287;0,242
0,368;0,406;1;;0,368;0,406;0,591;0,055;0,312;0,091
0,483;0,306;1;;0,483;0,306;0,728;0,014;0,344;0,03
0,692;0,136;1;;0,692;0,136;0,809;0;0,476;0
0,84;0;1;;0,84;0;0,827;0;0,588;0
0,896;0;1;;0,896;0;0,819;0;0,649;0
0,908;0;1;;0,908;0;0,815;0;0,647;0
0,906;0;1;;0,906;0;0,847;0;0,537;0
0,897;0;1;;0,897;0;0,889;0;0,428;0
0,876;0;1;;0,876;0;0,923;0;0,515;0
0,845;0;1;;0,845;0;0,929;0;0,624;0
0,821;0;1;;0,821;0;0,896;0,008;0,606;0
0,816;0;1;;0,816;0;0,807;0,047;0,501;0,039
0,81;0;1;;0,81;0;0,662;0,138;0,476;0,115
0,81;0;1;;0,81;0;0,582;0,294;0,452;0,183
0,813;0;1;;0,813;0;0,74;0,447;0,403;0,228
0,823;0;1;;0,823;0;0,891;0,53;0,331;0,268
0,839;0;1;;0,839;0;0,942;0,412;0,261;0,388
0,858;0;1;;0,858;0;0,952;0,375;0,213;0,5
0,878;0;1;;0,878;0;0,944;0,429;0,185;0,562
0,883;0;1;;0,883;0;0,92;0,548;0,187;0,441
0,858;0,027;1;;0,858;0,027;0,884;0,565;0,212;0,254
0,829;0,073;1;;0,829;0,073;0,837;0,494;0,19;0,18
0,805;0,12;1;;0,805;0,12;0,776;0,367;0,118;0,187
0,8;0,082;1;;0,8;0,082;0,715;0,245;0,061;0,203
0,807;0,09;1;;0,807;0,09;0,642;0,116;0,031;0,111
0,859;0,107;1;;0,859;0,107;0,565;0,044;0,017;0,037
0,907;0,035;1;;0,907;0,035;0,529;0,003;0,015;0
0,934;0;1;;0,934;0;0,508;0;0,05;0
0,94;0;1;;0,94;0;0,449;0;0,112;0
0,945;0;1;;0,945;0;0,317;0;0,157;0
0,955;0;1;;0,955;0;0,202;0;0,181;0
0,957;0;1;;0,957;0;0,165;0;0,194;0
0,957;0;1;;0,957;0;0,135;0;0,188;0
0,953;0;1;;0,953;0;0,108;0;0,186;0
0,95;0;1;;0,95;0;0,071;0,009;0,211;0,001
0,94;0;1;;0,94;0;0,023;0,036;0,186;0,039
0,922;0;1;;0,922;0;0,021;0,141;0,236;0,117
0,887;0;1;;0,887;0;0,046;0,323;0,374;0,281
0,836;0;1;;0,836;0;0,082;0,496;0,391;0,453
0,765;0;1;;0,765;0;0,131;0,602;0,374;0,579
0,661;0;1;;0,661;0;0,181;0,598;0,368;0,655
0,58;0;1;;0,58;0;0,248;0,642;0,37;0,718
0,515;0;1;;0,515;0;0,351;0,769;0,38;0,765
0,485;0;1;;0,485;0;0,478;0,768;0,412;0,743
0,452;0,013;1;;0,452;0,013;0,589;0,651;0,457;0,666
0,355;0,047;1;;0,355;0,047;0,686;0,536;0,465;0,552
0,325;0,071;1;;0,325;0,071;0,747;0,433;0,424;0,404
0,347;0,076;1;;0,347;0,076;0,764;0,274;0,33;0,238
0,411;0,049;1;;0,411;0,049;0,8;0,107;0,395;0,095
0,515;0,031;1;;0,515;0,031;0,867;0,038;0,672;0,015
0,599;0,011;1;;0,599;0,011;0,913;0,003;0,702;0
0,705;0;1;;0,705;0;0,925;0;0,457;0
0,683;0;1;;0,683;0;0,867;0;0,452;0
0,64;0;1;;0,64;0;0,785;0;0,582;0
0,625;0;1;;0,625;0;0,851;0;0,69;0
0,636;0;1;;0,636;0;0,857;0;0,759;0
0,686;0;1;;0,686;0;0,851;0;0,78;0
0,629;0;1;;0,629;0;0,91;0;0,773;0
0,608;0;1;;0,608;0;0,928;0,009;0,761;0,001
0,598;0;1;;0,598;0;0,941;0,05;0,735;0,032
0,613;0;1;;0,613;0;0,966;0,147;0,792;0,117
0,606;0;1;;0,606;0;0,986;0,303;0,862;0,305
0,551;0;1;;0,551;0;0,985;0,406;0,866;0,483
0,475;0;1;;0,475;0;0,981;0,3;0,868;0,625
0,398;0;1;;0,398;0;0,983;0,28;0,857;0,722
0,301;0;1;;0,301;0;0,985;0,307;0,838;0,777
0,21;0;1;;0,21;0;0,986;0,308;0,816;0,789
0,143;0;1;;0,143;0;0,987;0,354;0,794;0,757
0,116;0,001;1;;0,116;0,001;0,986;0,449;0,753;0,684
0,12;0,012;1;;0,12;0,012;0,986;0,311;0,697;0,575
0,148;0,024;1;;0,148;0,024;0,986;0,277;0,646;0,431
0,174;0,033;1;;0,174;0,033;0,987;0,21;0,592;0,262
0,196;0,041;1;;0,196;0,041;0,987;0,117;0,515;0,092
0,193;0,037;1;;0,193;0,037;0,985;0,046;0,425;0,029
0,196;0,009;1;;0,196;0,009;0,984;0,003;0,382;0
0,195;0;1;;0,195;0;0,985;0;0,288;0
0,157;0;1;;0,157;0;0,986;0;0,195;0
0,109;0;1;;0,109;0;0,986;0;0,12;0
0,066;0;1;;0,066;0;0,982;0;0,072;0
0,04;0;1;;0,04;0;0,97;0;0,041;0
0,048;0;1;;0,048;0;0,954;0;0,03;0
0,093;0;1;;0,093;0;0,935;0;0,04;0
0,175;0;1;;0,175;0;0,902;0,009;0,07;0,001
0,286;0;1;;0,286;0;0,848;0,045;0,099;0,045
0,435;0;1;;0,435;0;0,84;0,142;0,062;0,118
0,605;0;1;;0,605;0;0,831;0,306;0,06;0,282
0,755;0;1;;0,755;0;0,823;0,442;0,059;0,467
0,847;0;1;;0,847;0;0,805;0,459;0,051;0,603
0,868;0;1;;0,868;0;0,747;0,387;0,051;0,522
0,894;0;1;;0,894;0;0,667;0,608;0,055;0,387
0,911;0;1;;0,911;0;0,565;0,762;0,068;0,295
0,927;0;1;;0,927;0;0,438;0,766;0,09;0,273
0,948;0,012;1;;0,948;0,012;0,291;0,698;0,105;0,227
0,943;0,058;1;;0,943;0,058;0,165;0,587;0,078;0,274
0,933;0,094;1;;0,933;0,094;0,101;0,442;0,056;0,293
0,932;0,094;1;;0,932;0,094;0,088;0,261;0,054;0,103
0,929;0,092;1;;0,929;0,092;0,106;0,113;0,082;0,04
0,91;0,095;1;;0,91;0,095;0,19;0,04;0,127;0,012
0,878;0,042;1;;0,878;0,042;0,332;0,003;0,196;0
0,853;0;1;;0,853;0;0,468;0;0,257;0
0,814;0;1;;0,814;0;0,56;0;0,261;0
0,763;0;1;;0,763;0;0,636;0;0,252;0
0,753;0;1;;0,753;0;0,685;0;0,259;0
0,763;0;1;;0,763;0;0,698;0;0,267;0
0,795;0;1;;0,795;0;0,717;0;0,243;0
0,821;0;1;;0,821;0;0,735;0;0,265;0
0,844;0;1;;0,844;0;0,728;0,005;0,324;0
0,876;0;1;;0,876;0;0,702;0,038;0,323;0,012
0,895;0;1;;0,895;0;0,613;0,123;0,211;0,049
0,919;0;1;;0,919;0;0,626;0,186;0,123;0,172
0,931;0;1;;0,931;0;0,72;0,204;0,11;0,306
0,917;0;1;;0,917;0;0,797;0,274;0,092;0,41
0,899;0;1;;0,899;0;0,833;0,35;0,142;0,27
0,902;0;1;;0,902;0;0,87;0,494;0,172;0,203
0,901;0;1;;0,901;0;0,896;0,507;0,137;0,254
0,898;0;1;;0,898;0;0,906;0,384;0,131;0,394
0,908;0,004;1;;0,908;0,004;0,904;0,358;0,111;0,461
0,969;0,016;1;;0,969;0,016;0,903;0,267;0,081;0,389
0,987;0,022;1;;0,987;0,022;0,893;0,212;0,061;0,242
0,982;0,028;1;;0,982;0,028;0,893;0,165;0,126;0,092
0,97;0,034;1;;0,97;0,034;0,9;0,064;0,292;0,019
0,959;0,029;1;;0,959;0,029;0,867;0,048;0,262;0,004
0,962;0,011;1;;0,962;0,011;0,864;0,002;0,146;0
0,972;0;1;;0,972;0;0,884;0;0,165;0
0,973;0;1;;0,973;0;0,873;0;0,082;0
0,983;0;1;;0,983;0;0,848;0;0,151;0
0,986;0;1;;0,986;0;0,832;0;0,273;0
0,977;0;1;;0,977;0;0,808;0;0,323;0
0,959;0;1;;0,959;0;0,751;0;0,389;0
0,928;0;1;;0,928;0;0,711;0;0,343;0
0,866;0;1;;0,866;0;0,67;0,007;0,189;0
0,79;0;1;;0,79;0;0,557;0,044;0,082;0,029
0,743;0;1;;0,743;0;0,483;0,09;0,043;0,108
0,689;0;1;;0,689;0;0,418;0,184;0,025;0,188
0,614;0;1;;0,614;0;0,337;0,264;0,012;0,307
0,528;0;1;;0,528;0;0,243;0,231;0,008;0,515
0,5;0;1;;0,5;0;0,167;0,23;0,011;0,667
0,497;0;1;;0,497;0;0,156;0,262;0,013;0,677
0,497;0;1;;0,497;0;0,184;0,349;0,015;0,556
0,493;0;1;;0,493;0;0,225;0,501;0,015;0,408
0,461;0,017;1;;0,461;0,017;0,308;0,548;0,013;0,348
0,34;0,109;1;;0,34;0,109;0,398;0,464;0,008;0,36
0,223;0,304;1;;0,223;0,304;0,444;0,37;0,01;0,309
0,186;0,382;1;;0,186;0,382;0,413;0,228;0,017;0,165
0,148;0,389;1;;0,148;0,389;0,332;0,121;0,029;0,067
0,127;0,3;1;;0,127;0,3;0,262;0,049;0,048;0,016
0,148;0,125;1;;0,148;0,125;0,229;0,005;0,077;0
0,177;0;1;;0,177;0;0,225;0;0,097;0
0,289;0;1;;0,289;0;0,275;0;0,106;0
0,457;0;1;;0,457;0;0,327;0;0,119;0
0,593;0;1;;0,593;0;0,192;0;0,129;0
0,671;0;1;;0,671;0;0,371;0;0,105;0
0,704;0;1;;0,704;0;0,354;0;0,125;0
0,708;0;1;;0,708;0;0,394;0;0,133;0
0,689;0;1;;0,689;0;0,491;0;0,115;0,001
0,671;0;1;;0,671;0;0,542;0,027;0,087;0,039
0,676;0;1;;0,676;0;0,541;0,089;0,048;0,109
0,686;0;1;;0,686;0;0,541;0,151;0,018;0,114
0,7;0;1;;0,7;0;0,507;0,258;0,044;0,164
0,697;0;1;;0,697;0;0,412;0,472;0,149;0,305
0,68;0;1;;0,68;0;0,199;0,564;0,434;0,401
0,661;0;1;;0,661;0;0,094;0,516;0,58;0,446
0,632;0;1;;0,632;0;0,142;0,433;0,551;0,715
0,574;0;1;;0,574;0;0,263;0,338;0,554;0,747
0,479;0,103;1;;0,479;0,103;0,396;0,268;0,522;0,691
0,343;0,293;1;;0,343;0,293;0,457;0,236;0,446;0,591
0,257;0,42;1;;0,257;0,42;0,43;0,161;0,34;0,446
0,235;0,464;1;;0,235;0,464;0,396;0,083;0,249;0,27
0,189;0,431;1;;0,189;0,431;0,489;0,09;0,187;0,102
0,17;0,32;1;;0,17;0,32;0,629;0,044;0,151;0,035
0,224;0,135;1;;0,224;0,135;0,757;0,004;0,121;0
0,279;0;1;;0,279;0;0,809;0;0,142;0
0,279;0;1;;0,279;0;0,81;0;0,241;0
0,221;0;1;;0,221;0;0,829;0;0,384;0
0,14;0;1;;0,14;0;0,845;0;0,472;0
0,09;0;1;;0,09;0;0,815;0;0,502;0
0,07;0;1;;0,07;0;0,738;0;0,496;0
0,064;0;1;;0,064;0;0,661;0;0,522;0
0,057;0;1;;0,057;0;0,586;0,011;0,515;0,001
0,046;0;1;;0,046;0;0,466;0,048;0,365;0,039
0,035;0;1;;0,035;0;0,421;0,138;0,228;0,117
0,026;0;1;;0,026;0;0,557;0,311;0,318;0,276
0,018;0;1;;0,018;0;0,775;0,478;0,343;0,451
0,008;0;1;;0,008;0;0,874;0,617;0,368;0,603
0,009;0;1;;0,009;0;0,895;0,716;0,398;0,685
0,018;0;1;;0,018;0;0,882;0,769;0,42;0,737
0,021;0;1;;0,021;0;0,865;0,78;0,445;0,755
0,021;0;1;;0,021;0;0,842;0,748;0,46;0,73
0,038;0,034;1;;0,038;0,034;0,81;0,667;0,446;0,677
0,069;0,132;1;;0,069;0,132;0,764;0,501;0,407;0,577
0,097;0,213;1;;0,097;0,213;0,662;0,322;0,334;0,439
0,157;0,278;1;;0,157;0,278;0,472;0,222;0,275;0,266
0,243;0,278;1;;0,243;0,278;0,305;0,115;0,204;0,096
0,309;0,217;1;;0,309;0,217;0,303;0,044;0,093;0,032
0,389;0,106;1;;0,389;0,106;0,423;0,004;0,021;0
0,472;0;1;;0,472;0;0,561;0;0,07;0
0,516;0;1;;0,516;0;0,672;0;0,211;0
0,529;0;1;;0,529;0;0,724;0;0,395;0
0,57;0;1;;0,57;0;0,72;0;0,537;0
0,616;0;1;;0,616;0;0,671;0;0,613;0
0,68;0;1;;0,68;0;0,644;0;0,623;0
0,686;0;1;;0,686;0;0,632;0;0,629;0
0,643;0;1;;0,643;0;0,61;0,01;0,594;0,002
0,569;0;1;;0,569;0;0,515;0,052;0,449;0,045
0,555;0;1;;0,555;0;0,392;0,117;0,287;0,132
0,589;0;1;;0,589;0;0,341;0,255;0,206;0,249
0,625;0;1;;0,625;0;0,426;0,433;0,256;0,324
0,618;0;1;;0,618;0;0,515;0,583;0,382;0,511
0,631;0;1;;0,631;0;0,561;0,687;0,548;0,628
0,614;0;1;;0,614;0;0,543;0,689;0,592;0,288
0,632;0;1;;0,632;0;0,515;0,685;0,509;0,248
0,629;0;1;;0,629;0;0,446;0,623;0,489;0,228
0,632;0,006;1;;0,632;0,006;0,272;0,424;0,44;0,181
0,629;0,018;1;;0,629;0,018;0,094;0,355;0,335;0,145
0,67;0,031;1;;0,67;0,031;0,038;0,275;0,212;0,103
0,697;0,051;1;;0,697;0,051;0,048;0,14;0,083;0,07
0,746;0,07;1;;0,746;0,07;0,088;0,071;0,021;0,053
0,807;0,045;1;;0,807;0,045;0,201;0,039;0,04;0,023
0,879;0,013;1;;0,879;0,013;0,371;0,004;0,061;0
0,885;0;1;;0,885;0;0,511;0;0,049;0
0,849;0;1;;0,849;0;0,591;0;0,107;0
0,807;0;1;;0,807;0;0,652;0;0,153;0
0,753;0;1;;0,753;0;0,675;0;0,166;0
0,715;0;1;;0,715;0;0,647;0;0,237;0
0,674;0;1;;0,674;0;0,568;0;0,256;0
0,629;0;1;;0,629;0;0,493;0;0,174;0
0,626;0;1;;0,626;0;0,413;0;0,066;0,001
0,596;0;1;;0,596;0;0,343;0,01;0,089;0,04
0,591;0;1;;0,591;0;0,326;0,031;0,2;0,118
0,618;0;1;;0,618;0;0,41;0,06;0,467;0,252
0,671;0;1;;0,671;0;0,615;0,089;0,652;0,389
0,728;0;1;;0,728;0;0,774;0,141;0,706;0,524
0,769;0;1;;0,769;0;0,79;0,228;0,671;0,65
0,831;0;1;;0,831;0;0,724;0,308;0,589;0,719
0,884;0;1;;0,884;0;0,526;0,373;0,504;0,735
0,918;0;1;;0,918;0;0,58;0,371;0,438;0,711
0,927;0,005;1;;0,927;0,005;0,824;0,432;0,371;0,634
0,942;0,016;1;;0,942;0,016;0,899;0,444;0,316;0,52
0,965;0,047;1;;0,965;0,047;0,904;0,382;0,295;0,388
0,97;0,08;1;;0,97;0,08;0,898;0,258;0,312;0,238
0,97;0,091;1;;0,97;0,091;0,893;0,126;0,292;0,102
0,981;0,048;1;;0,981;0,048;0,872;0,05;0,234;0,035
0,987;0,024;1;;0,987;0,024;0,84;0,005;0,168;0
0,987;0;1;;0,987;0;0,81;0;0,131;0
0,985;0;1;;0,985;0;0,797;0;0,154;0
0,986;0;1;;0,986;0;0,751;0;0,179;0
0,983;0;1;;0,983;0;0,668;0;0,23;0
0,987;0;1;;0,987;0;0,588;0;0,266;0
0,982;0;1;;0,982;0;0,522;0;0,253;0
0,979;0;1;;0,979;0;0,453;0;0,218;0
0,981;0;1;;0,981;0;0,407;0,011;0,151;0
0,979;0;1;;0,979;0;0,371;0,05;0,092;0,029
0,982;0;1;;0,982;0;0,317;0,139;0,061;0,075
0,977;0;1;;0,977;0;0,32;0,292;0,069;0,14
0,974;0;1;;0,974;0;0,323;0,458;0,095;0,232
0,957;0;1;;0,957;0;0,305;0,608;0,104;0,36
0,958;0;1;;0,958;0;0,285;0,694;0,096;0,486
0,968;0;1;;0,968;0;0,284;0,737;0,086;0,59
0,971;0;1;;0,971;0;0,286;0,674;0,081;0,672
0,974;0;1;;0,974;0;0,275;0,519;0,079;0,685
0,981;0,015;1;;0,981;0,015;0,257;0,419;0,073;0,604
0,974;0,077;1;;0,974;0,077;0,229;0,355;0,065;0,505
0,959;0,109;1;;0,959;0,109;0,205;0,301;0,061;0,347
0,959;0,115;1;;0,959;0,115;0,202;0,232;0,057;0,24
0,963;0,131;1;;0,963;0,131;0,202;0,118;0,053;0,106
0,978;0,093;1;;0,978;0,093;0,196;0,045;0,046;0,034
0,98;0,028;1;;0,98;0,028;0,192;0,005;0,03;0
0,979;0;1;;0,979;0;0,143;0;0,026;0
0,972;0;1;;0,972;0;0,07;0;0,04;0
0,967;0;1;;0,967;0;0,021;0;0,063;0
0,951;0;1;;0,951;0;0,063;0;0,087;0
0,944;0;1;;0,944;0;0,148;0;0,098;0
0,948;0;1;;0,948;0;0,287;0;0,096;0
0,938;0;1;;0,938;0;0,438;0;0,082;0
0,933;0;1;;0,933;0;0,554;0,011;0,067;0,002
0,929;0;1;;0,929;0;0,536;0,039;0,063;0,035
0,926;0;1;;0,926;0;0,434;0,138;0,047;0,116
0,921;0;1;;0,921;0;0,458;0,312;0,075;0,287
0,915;0;1;;0,915;0;0,446;0,478;0,085;0,455
0,906;0;1;;0,906;0;0,418;0,614;0,08;0,594
0,898;0;1;;0,898;0;0,339;0,711;0,076;0,693
0,893;0;1;;0,893;0;0,236;0,768;0,078;0,747
0,883;0;1;;0,883;0;0,148;0,782;0,087;0,76
0,863;0;1;;0,863;0;0,092;0,754;0,095;0,73
0,817;0,018;1;;0,817;0,018;0,072;0,686;0,102;0,647
0,8;0,045;1;;0,8;0,045;0,08;0,58;0,111;0,554
0,715;0,15;1;;0,715;0,15;0,104;0,432;0,122;0,413
0,556;0,248;1;;0,556;0,248;0,139;0,263;0,132;0,249
0,533;0,27;1;;0,533;0,27;0,209;0,112;0,143;0,097
0,592;0,165;1;;0,592;0,165;0,317;0,039;0,145;0,032
0,694;0,07;1;;0,694;0,07;0,495;0,005;0,134;0
0,788;0;1;;0,788;0;0,671;0;0,122;0
0,813;0;1;;0,813;0;0,757;0;0,117;0
0,775;0;1;;0,775;0;0,803;0;0,129;0
0,725;0;1;;0,725;0;0,821;0;0,153;0
0,674;0;1;;0,674;0;0,819;0;0,171;0
0,634;0;1;;0,634;0;0,787;0;0,184;0
0,623;0;1;;0,623;0;0,737;0;0,195;0
0,648;0;1;;0,648;0;0,659;0,006;0,193;0,002
0,708;0;1;;0,708;0;0,543;0,037;0,166;0,041
0,743;0;1;;0,743;0;0,417;0,08;0,088;0,119
0,746;0;1;;0,746;0;0,312;0,159;0,071;0,269
0,744;0;1;;0,744;0;0,251;0,355;0,104;0,44
0,745;0;1;;0,745;0;0,256;0,55;0,12;0,574
0,801;0;1;;0,801;0;0,258;0,627;0,132;0,674
0,856;0;1;;0,856;0;0,242;0,685;0,137;0,724
0,885;0;1;;0,885;0;0,203;0,633;0,129;0,7
0,903;0;1;;0,903;0;0,158;0,679;0,109;0,634
0,89;0,011;1;;0,89;0,011;0,131;0,603;0,087;0,595
0,866;0,033;1;;0,866;0,033;0,154;0,318;0,067;0,524
0,84;0,051;1;;0,84;0,051;0,224;0,177;0,059;0,377
0,832;0,065;1;;0,832;0,065;0,279;0,144;0,052;0,205
0,854;0,05;1;;0,854;0,05;0,313;0,085;0,047;0,083
0,87;0,019;1;;0,87;0,019;0,399;0,031;0,056;0,016
0,877;0,004;1;;0,877;0,004;0,5;0,002;0,09;0
0,876;0;1;;0,876;0;0,561;0;0,134;0
0,897;0;1;;0,897;0;0,575;0;0,166;0
0,89;0;1;;0,89;0;0,569;0;0,183;0
0,876;0;1;;0,876;0;0,542;0;0,182;0
0,903;0;1;;0,903;0;0,498;0;0,156;0
0,934;0;1;;0,934;0;0,474;0;0,125;0
0,946;0;1;;0,946;0;0,492;0;0,112;0
0,967;0;1;;0,967;0;0,494;0,009;0,122;0,001
0,974;0;1;;0,974;0;0,437;0,053;0,136;0,042
0,97;0;1;;0,97;0;0,35;0,136;0,097;0,12
0,964;0;1;;0,964;0;0,313;0,289;0,113;0,283
0,969;0;1;;0,969;0;0,34;0,442;0,194;0,446
0,977;0;1;;0,977;0;0,365;0,566;0,255;0,578
0,972;0;1;;0,972;0;0,385;0,66;0,319;0,663
0,964;0;1;;0,964;0;0,42;0,716;0,344;0,696
0,954;0;1;;0,954;0;0,446;0,731;0,32;0,645
0,941;0;1;;0,941;0;0,442;0,702;0,296;0,499
0,928;0,014;1;;0,928;0,014;0,403;0,609;0,3;0,306
0,921;0,036;1;;0,921;0,036;0,32;0,481;0,275;0,208
0,94;0,053;1;;0,94;0,053;0,241;0,375;0,223;0,184
0,973;0,103;1;;0,973;0,103;0,222;0,223;0,187;0,16
0,986;0,127;1;;0,986;0,127;0,248;0,08;0,147;0,091
0,987;0,08;1;;0,987;0,08;0,258;0,013;0,1;0,031
0,986;0,028;1;;0,986;0,028;0,158;0;0,069;0
0,986;0;1;;0,986;0;0,079;0;0,072;0
0,981;0;1;;0,981;0;0,091;0;0,109;0
0,973;0;1;;0,973;0;0,158;0;0,167;0
0,981;0;1;;0,981;0;0,228;0;0,22;0
0,986;0;1;;0,986;0;0,313;0;0,271;0
0,985;0;1;;0,985;0;0,421;0;0,327;0
0,98;0;1;;0,98;0;0,522;0;0,3;0
0,98;0;1;;0,98;0;0,561;0,005;0,209;0
0,983;0;1;;0,983;0;0,547;0,046;0,161;0,021
0,986;0;1;;0,986;0;0,581;0,129;0,148;0,095
0,987;0;1;;0,987;0;0,651;0,256;0,151;0,233
0,983;0;1;;0,983;0;0,699;0,366;0,163;0,403
0,975;0;1;;0,975;0;0,704;0,506;0,209;0,537
0,966;0;1;;0,966;0;0,668;0,6;0,25;0,636
0,955;0;1;;0,955;0;0,632;0,717;0,287;0,65
0,93;0;1;;0,93;0;0,61;0,748;0,323;0,574
0,905;0;1;;0,905;0;0,587;0,721;0,343;0,393
0,892;0,043;1;;0,892;0,043;0,546;0,641;0,332;0,288
0,806;0,157;1;;0,806;0,157;0,458;0,517;0,292;0,252
0,605;0,356;1;;0,605;0,356;0,371;0,37;0,251;0,22
0,504;0,284;1;;0,504;0,284;0,313;0,234;0,219;0,195
0,533;0,174;1;;0,533;0,174;0,277;0,118;0,199;0,101
0,603;0,101;1;;0,603;0,101;0,266;0,046;0,184;0,036
0,678;0,032;1;;0,678;0,032;0,281;0,005;0,207;0
0,722;0;1;;0,722;0;0,295;0;0,252;0
0,661;0;1;;0,661;0;0,295;0;0,277;0
0,605;0;1;;0,605;0;0,287;0;0,273;0
0,637;0;1;;0,637;0;0,277;0;0,252;0
0,698;0;1;;0,698;0;0,277;0;0,224;0
0,747;0;1;;0,747;0;0,278;0;0,203;0
0,788;0;1;;0,788;0;0,274;0;0,186;0
0,715;0;1;;0,715;0;0,262;0,012;0,163;0,002
0,636;0;1;;0,636;0;0,264;0,041;0,105;0,04
0,515;0;1;;0,515;0;0,287;0,139;0,07;0,115
0,346;0;1;;0,346;0;0,357;0,304;0,065;0,279
0,224;0;1;;0,224;0;0,449;0,455;0,069;0,442
0,14;0;1;;0,14;0;0,522;0,569;0,072;0,587
0,124;0;1;;0,124;0;0,546;0,633;0,071;0,687
0,174;0;1;;0,174;0;0,533;0,661;0,07;0,746
0,227;0;1;;0,227;0;0,517;0,614;0,074;0,692
0,245;0;1;;0,245;0;0,498;0,593;0,081;0,738
0,323;0,003;1;;0,323;0,003;0,496;0,601;0,086;0,621
0,489;0,022;1;;0,489;0,022;0,527;0,525;0,085;0,499
0,533;0,042;1;;0,533;0,042;0,571;0,411;0,091;0,413
0,418;0,054;1;;0,418;0,054;0,592;0,267;0,113;0,251
0,334;0,054;1;;0,334;0,054;0,579;0,118;0,166;0,1
0,277;0,035;1;;0,277;0,035;0,537;0,04;0,295;0,032
0,304;0,01;1;;0,304;0,01;0,506;0,006;0,486;0
0,403;0;1;;0,403;0;0,464;0;0,558;0
0,533;0;1;;0,533;0;0,421;0;0,551;0
0,539;0;1;;0,539;0;0,372;0;0,532;0
0,517;0;1;;0,517;0;0,322;0;0,511;0
0,548;0;1;;0,548;0;0,277;0;0,508;0
0,574;0;1;;0,574;0;0,228;0;0,5;0
0,605;0;1;;0,605;0;0,179;0;0,482;0
0,588;0;1;;0,588;0;0,139;0,011;0,445;0,002
0,602;0;1;;0,602;0;0,109;0,033;0,292;0,046
0,629;0;1;;0,629;0;0,085;0,138;0,216;0,127
0,636;0;1;;0,636;0;0,075;0,325;0,339;0,285
0,708;0;1;;0,708;0;0,066;0,501;0,358;0,436
0,751;0;1;;0,751;0;0,056;0,642;0,313;0,529
0,823;0;1;;0,823;0;0,051;0,74;0,275;0,547
0,902;0;1;;0,902;0;0,053;0,796;0,264;0,493
0,935;0;1;;0,935;0;0,057;0,811;0,255;0,372
0,932;0;1;;0,932;0;0,066;0,782;0,222;0,29
0,922;0,097;1;;0,922;0,097;0,084;0,714;0,184;0,203
0,861;0,292;1;;0,861;0,292;0,115;0,607;0,165;0,154
0,732;0,42;1;;0,732;0,42;0,155;0,461;0,182;0,109
0,709;0,457;1;;0,709;0,457;0,206;0,283;0,212;0,07
0,5;0,411;1;;0,5;0,411;0,289;0,113;0,266;0,035
0,237;0,289;1;;0,237;0,289;0,438;0,035;0,33;0,009
0,106;0,104;1;;0,106;0,104;0,613;0,006;0,389;0
0,034;0;1;;0,034;0;0,697;0;0,389;0
0,026;0;1;;0,026;0;0,718;0;0,383;0
0,07;0;1;;0,07;0;0,713;0;0,372;0
0,194;0;1;;0,194;0;0,713;0;0,424;0
0,398;0;1;;0,398;0;0,732;0;0,432;0
0,602;0;1;;0,602;0;0,729;0;0,414;0
0,674;0;1;;0,674;0;0,7;0;0,413;0
0,684;0;1;;0,684;0;0,659;0,009;0,406;0,002
0,671;0;1;;0,671;0;0,586;0,05;0,287;0,038
0,618;0;1;;0,618;0;0,512;0,134;0,151;0,114
0,592;0;1;;0,592;0;0,512;0,287;0,207;0,278
0,6;0;1;;0,6;0;0,546;0,453;0,287;0,441
0,617;0;1;;0,617;0;0,575;0,605;0,35;0,577
0,651;0;1;;0,651;0;0,578;0,702;0,384;0,677
0,704;0;1;;0,704;0;0,579;0,756;0,389;0,733
0,745;0;1;;0,745;0;0,58;0,763;0,388;0,746
0,768;0;1;;0,768;0;0,575;0,742;0,382;0,719
0,777;0,003;1;;0,777;0,003;0,575;0,678;0,367;0,653
0,805;0,023;1;;0,805;0,023;0,591;0,574;0,357;0,542
0,812;0,056;1;;0,812;0,056;0,629;0,435;0,364;0,401
0,793;0,155;1;;0,793;0,155;0,674;0,269;0,366;0,238
0,782;0,189;1;;0,782;0,189;0,737;0,116;0,347;0,099
0,738;0,157;1;;0,738;0,157;0,821;0,044;0,324;0,033
0,75;0,028;1;;0,75;0,028;0,865;0,004;0,375;0
0,775;0;1;;0,775;0;0,868;0;0,412;0
0,775;0;1;;0,775;0;0,851;0;0,425;0
0,739;0;1;;0,739;0;0,837;0;0,432;0
0,75;0;1;;0,75;0;0,835;0;0,452;0
0,782;0;1;;0,782;0;0,855;0;0,465;0
0,792;0;1;;0,792;0;0,845;0;0,464;0
0,748;0;1;;0,748;0;0,819;0;0,443;0
0,792;0;1;;0,792;0;0,771;0,006;0,405;0,002
0,872;0;1;;0,872;0;0,736;0,042;0,257;0,036
0,954;0;1;;0,954;0;0,706;0,133;0,174;0,111
0,979;0;1;;0,979;0;0,763;0,29;0,341;0,279
0,984;0;1;;0,984;0;0,793;0,429;0,399;0,445
0,976;0;1;;0,976;0;0,807;0,584;0,446;0,58
0,957;0;1;;0,957;0;0,821;0,701;0,452;0,676
0,943;0;1;;0,943;0;0,826;0,757;0,424;0,73
0,932;0;1;;0,932;0;0,824;0,77;0,387;0,743
0,917;0;1;;0,917;0;0,801;0,743;0,356;0,719
0,9;0,024;1;;0,9;0,024;0,777;0,678;0,345;0,657
0,893;0,08;1;;0,893;0,08;0,786;0,566;0,353;0,556
0,912;0,155;1;;0,912;0,155;0,813;0,416;0,373;0,418
0,944;0,213;1;;0,944;0,213;0,844;0,256;0,382;0,253
0,954;0,075;1;;0,954;0,075;0,872;0,115;0,359;0,096
0,949;0,033;1;;0,949;0,033;0,881;0,044;0,313;0,031
0,922;0,012;1;;0,922;0,012;0,882;0,005;0,35;0
0,945;0;1;;0,945;0;0,885;0;0,433;0
0,97;0;1;;0,97;0;0,884;0;0,507;0
0,976;0;1;;0,976;0;0,874;0;0,514;0
0,974;0;1;;0,974;0;0,844;0;0,397;0
0,97;0;1;;0,97;0;0,81;0;0,248;0
0,959;0;1;;0,959;0;0,774;0;0,245;0
0,946;0;1;;0,946;0;0,76;0;0,446;0
0,929;0;1;;0,929;0;0,731;0,008;0,553;0,001
0,922;0;1;;0,922;0;0,629;0,037;0,389;0,039
0,93;0;1;;0,93;0;0,494;0,105;0,231;0,112
0,944;0;1;;0,944;0;0,428;0,206;0,291;0,251
0,961;0;1;;0,961;0;0,42;0,306;0,269;0,422
0,977;0;1;;0,977;0;0,457;0,408;0,233;0,564
0,983;0;1;;0,983;0;0,512;0,505;0,198;0,65
0,987;0;1;;0,987;0;0,589;0,598;0,158;0,694
0,979;0;1;;0,979;0;0,604;0,572;0,13;0,705
0,972;0;1;;0,972;0;0,575;0,614;0,115;0,688
0,961;0,016;1;;0,961;0,016;0,537;0,637;0,113;0,625
0,951;0,074;1;;0,951;0,074;0,503;0,547;0,117;0,524
0,944;0,131;1;;0,944;0,131;0,485;0,409;0,126;0,391
0,925;0,179;1;;0,925;0,179;0,493;0,25;0,136;0,24
0,861;0,161;1;;0,861;0,161;0,446;0,116;0,135;0,097
0,742;0,107;1;;0,742;0,107;0,432;0,045;0,146;0,032
0,687;0,028;1;;0,687;0,028;0,465;0,005;0,161;0
0,692;0;1;;0,692;0;0,508;0;0,162;0
0,646;0;1;;0,646;0;0,513;0;0,15;0
0,575;0;1;;0,575;0;0,483;0;0,122;0
0,485;0;1;;0,485;0;0,418;0;0,097;0
0,385;0;1;;0,385;0;0,343;0;0,076;0
0,238;0;1;;0,238;0;0,272;0;0,062;0
0,097;0;1;;0,097;0;0,277;0;0,052;0
0,012;0;1;;0,012;0;0,407;0,01;0,042;0,001
0;0;1;;0;0;0,496;0,05;0,04;0,034
0,012;0;1;;0,012;0;0,449;0,127;0,039;0,109
0,095;0;1;;0,095;0;0,478;0,232;0,039;0,261
0,202;0;1;;0,202;0;0,632;0,319;0,035;0,422
0,283;0;1;;0,283;0;0,739;0,504;0,029;0,551
0,359;0;1;;0,359;0;0,806;0,676;0,026;0,644
0,454;0;1;;0,454;0;0,852;0,738;0,023;0,696
0,544;0;1;;0,544;0;0,879;0,756;0,022;0,709
0,605;0;1;;0,605;0;0,897;0,738;0,025;0,685
0,613;0,011;1;;0,613;0,011;0,901;0,677;0,032;0,622
0,558;0,049;1;;0,558;0,049;0,9;0,578;0,043;0,523
0,493;0,083;1;;0,493;0,083;0,905;0,444;0,064;0,39
0,449;0,099;1;;0,449;0,099;0,908;0,281;0,105;0,238
0,464;0,093;1;;0,464;0,093;0,902;0,119;0,186;0,097
0,514;0,056;1;;0,514;0,056;0,898;0,041;0,372;0,033
0,59;0,013;1;;0,59;0,013;0,885;0,005;0,568;0
0,653;0;1;;0,653;0;0,876;0;0,618;0
0,689;0;1;;0,689;0;0,886;0;0,568;0
0,715;0;1;;0,715;0;0,9;0;0,518;0
0,755;0;1;;0,755;0;0,908;0;0,483;0
0,773;0;1;;0,773;0;0,914;0;0,43;0
0,772;0;1;;0,772;0;0,915;0;0,374;0
0,789;0;1;;0,789;0;0,916;0;0,344;0
0,8;0;1;;0,8;0;0,912;0,011;0,34;0,001
0,79;0;1;;0,79;0;0,905;0,049;0,376;0,037
0,794;0;1;;0,794;0;0,889;0,135;0,399;0,11
0,814;0;1;;0,814;0;0,879;0,289;0,36;0,272
0,836;0;1;;0,836;0;0,876;0,441;0,317;0,439
0,864;0;1;;0,864;0;0,876;0,577;0,282;0,578
0,883;0;1;;0,883;0;0,873;0,679;0,247;0,681
0,898;0;1;;0,898;0;0,868;0,73;0,222;0,738
0,862;0;1;;0,862;0;0,867;0,751;0,224;0,755
0,848;0;1;;0,848;0;0,865;0,724;0,249;0,734
0,824;0,052;1;;0,824;0,052;0,859;0,664;0,278;0,674
0,78;0,199;1;;0,78;0,199;0,843;0,564;0,307;0,575
0,793;0,321;1;;0,793;0,321;0,832;0,422;0,336;0,437
0,816;0,353;1;;0,816;0,353;0,827;0,268;0,368;0,268
0,771;0,299;1;;0,771;0,299;0,816;0,119;0,405;0,096
0,715;0,185;1;;0,715;0,185;0,791;0,044;0,435;0,027
0,71;0,054;1;;0,71;0,054;0,757;0,004;0,54;0
0,761;0;1;;0,761;0;0,734;0;0,573;0
0,771;0;1;;0,771;0;0,733;0;0,54;0
0,749;0;1;;0,749;0;0,718;0;0,489;0
0,73;0;1;;0,73;0;0,692;0;0,439;0
0,697;0;1;;0,697;0;0,674;0;0,398;0
0,663;0;1;;0,663;0;0,673;0;0,365;0
0,654;0;1;;0,654;0;0,632;0;0,33;0
0,649;0;1;;0,649;0;0,561;0,009;0,297;0,002
0,623;0;1;;0,623;0;0,429;0,05;0,186;0,031
0,605;0;1;;0,605;0;0,313;0,132;0,162;0,109
0,649;0;1;;0,649;0;0,229;0,267;0,129;0,291
0,7;0;1;;0,7;0;0,2;0,416;0,112;0,467
0,728;0;1;;0,728;0;0,224;0,567;0,103;0,608
0,728;0;1;;0,728;0;0,279;0,681;0,102;0,707
0,72;0;1;;0,72;0;0,331;0,758;0,103;0,762
0,682;0;1;;0,682;0;0,369;0,779;0,106;0,775
0,643;0;1;;0,643;0;0,372;0,76;0,117;0,75
0,631;0,005;1;;0,631;0,005;0,346;0,709;0,135;0,685
0,626;0,027;1;;0,626;0,027;0,311;0,603;0,162;0,58
0,633;0,093;1;;0,633;0,093;0,287;0,46;0,194;0,437
0,656;0,129;1;;0,656;0,129;0,281;0,289;0,228;0,266
0,705;0,101;1;;0,705;0,101;0,269;0,118;0,266;0,095
0,728;0,07;1;;0,728;0,07;0,275;0,036;0,34;0,027
0,784;0,025;1;;0,784;0,025;0,317;0,005;0,468;0
0,8;0;1;;0,8;0;0,323;0;0,523;0
0,828;0;1;;0,828;0;0,291;0;0,511;0
0,798;0;1;;0,798;0;0,245;0;0,483;0
0,736;0;1;;0,736;0;0,194;0;0,457;0
0,661;0;1;;0,661;0;0,141;0;0,436;0
0,575;0;1;;0,575;0;0,096;0;0,418;0
0,533;0;1;;0,533;0;0,065;0;0,394;0
0,501;0;1;;0,501;0;0,053;0,011;0,372;0,002
0,511;0;1;;0,511;0;0,055;0,035;0,25;0,028
0,531;0;1;;0,531;0;0,058;0,133;0,114;0,108
0,522;0;1;;0,522;0;0,064;0,314;0,128;0,293
0,554;0;1;;0,554;0;0,062;0,486;0,14;0,466
0,592;0;1;;0,592;0;0,055;0,624;0,14;0,602
0,602;0;1;;0,602;0;0,048;0,723;0,143;0,698
0,616;0;1;;0,616;0;0,045;0,777;0,136;0,751
0,649;0;1;;0,649;0;0,042;0,79;0,126;0,763
0,683;0;1;;0,683;0;0,04;0,766;0,118;0,737
0,708;0,036;1;;0,708;0,036;0,037;0,699;0,118;0,672
0,65;0,169;1;;0,65;0,169;0,033;0,593;0,125;0,569
0,564;0,307;1;;0,564;0,307;0,025;0,45;0,139;0,429
0,529;0,283;1;;0,529;0,283;0,014;0,281;0,161;0,261
0,566;0,207;1;;0,566;0,207;0,017;0,112;0,183;0,093
0,591;0,138;1;;0,591;0,138;0,034;0,033;0,21;0,025
0,688;0,062;1;;0,688;0,062;0,098;0,005;0,261;0
0,782;0;1;;0,782;0;0,21;0;0,343;0
0,813;0;1;;0,813;0;0,381;0;0,431;0
0,796;0;1;;0,796;0;0,576;0;0,47;0
0,742;0;1;;0,742;0;0,736;0;0,455;0
0,659;0;1;;0,659;0;0,829;0;0,416;0
0,565;0;1;;0,565;0;0,863;0;0,371;0
0,437;0;1;;0,437;0;0,864;0;0,34;0
0,343;0;1;;0,343;0;0,847;0,011;0,313;0,002
0,341;0;1;;0,341;0;0,784;0,037;0,195;0,031
0,41;0;1;;0,41;0;0,695;0,131;0,093;0,109
0,476;0;1;;0,476;0;0,653;0,295;0,071;0,289
0,574;0;1;;0,574;0;0,661;0,457;0,091;0,454
0,489;0;1;;0,489;0;0,799;0,592;0,141;0,582
0,446;0;1;;0,446;0;0,895;0,648;0,199;0,666
0,574;0;1;;0,574;0;0,914;0,704;0,219;0,711
0,54;0;1;;0,54;0;0,921;0,737;0,239;0,719
0,593;0;1;;0,593;0;0,927;0,723;0,275;0,69
0,554;0,013;1;;0,554;0,013;0,935;0,671;0,367;0,623
0,648;0,046;1;;0,648;0,046;0,943;0,572;0,503;0,513
0,674;0,054;1;;0,674;0,054;0,938;0,408;0,575;0,349
0,734;0,05;1;;0,734;0,05;0,911;0,259;0,477;0,179
0,835;0,027;1;;0,835;0,027;0,862;0,117;0,321;0,079
0,885;0,01;1;;0,885;0,01;0,798;0,041;0,325;0,028
0,913;0,001;1;;0,913;0,001;0,731;0,005;0,467;0
0,939;0;1;;0,939;0;0,721;0;0,504;0
0,955;0;1;;0,955;0;0,732;0;0,443;0
0,97;0;1;;0,97;0;0,75;0;0,372;0
0,977;0;1;;0,977;0;0,785;0;0,32;0
0,972;0;1;;0,972;0;0,815;0;0,278;0
0,961;0;1;;0,961;0;0,848;0;0,222;0
0,93;0;1;;0,93;0;0,866;0;0,167;0
0,861;0;1;;0,861;0;0,852;0,009;0,106;0
0,796;0;1;;0,796;0;0,796;0,048;0,074;0,037
0,758;0;1;;0,758;0;0,761;0,132;0,083;0,116
0,753;0;1;;0,753;0;0,773;0,298;0,183;0,247
0,773;0;1;;0,773;0;0,835;0,461;0,299;0,361
0,763;0;1;;0,763;0;0,903;0,594;0,375;0,476
0,743;0;1;;0,743;0;0,942;0,685;0,441;0,519
0,77;0;1;;0,77;0;0,961;0,73;0,274;0,301
0,743;0;1;;0,743;0;0,97;0,746;0,317;0,335
0,745;0;1;;0,745;0;0,976;0,698;0,351;0,513
0,714;0,01;1;;0,714;0,01;0,978;0,673;0,317;0,622
0,651;0,051;1;;0,651;0,051;0,977;0,581;0,3;0,538
0,563;0,097;1;;0,563;0,097;0,976;0,439;0,313;0,415
0,472;0,13;1;;0,472;0,13;0,974;0,274;0,336;0,256
0,456;0,127;1;;0,456;0,127;0,969;0,118;0,368;0,104
0,468;0,088;1;;0,468;0,088;0,956;0,041;0,403;0,035
0,54;0,032;1;;0,54;0,032;0,943;0,004;0,464;0
0,625;0;1;;0,625;0;0,939;0;0,496;0
0,685;0;1;;0,685;0;0,942;0;0,49;0
0,767;0;1;;0,767;0;0,943;0;0,486;0
0,825;0;1;;0,825;0;0,945;0;0,442;0
0,88;0;1;;0,88;0;0,954;0;0,396;0
0,899;0;1;;0,899;0;0,957;0;0,367;0
0,913;0;1;;0,913;0;0,953;0;0,336;0
0,921;0;1;;0,921;0;0,946;0,01;0,295;0,001
0,902;0;1;;0,902;0;0,942;0,041;0,165;0,03
0,886;0;1;;0,886;0;0,95;0,132;0,174;0,107
0,832;0;1;;0,832;0;0,953;0,306;0,148;0,293
0,821;0;1;;0,821;0;0,955;0,466;0,112;0,471
0,8;0;1;;0,8;0;0,957;0,601;0,097;0,613
0,778;0;1;;0,778;0;0,957;0,682;0,1;0,712
0,764;0;1;;0,764;0;0,954;0,753;0,113;0,767
0,734;0;1;;0,734;0;0,948;0,781;0,127;0,779
0,697;0;1;;0,697;0;0,938;0,753;0,135;0,754
0,685;0,026;1;;0,685;0,026;0,926;0,692;0,135;0,683
0,598;0,084;1;;0,598;0,084;0,914;0,587;0,137;0,571
0,461;0,142;1;;0,461;0,142;0,901;0,446;0,151;0,43
0,351;0,148;1;;0,351;0,148;0,884;0,281;0,173;0,261
0,312;0,129;1;;0,312;0,129;0,861;0,119;0,21;0,098
0,266;0,085;1;;0,266;0,085;0,827;0,039;0,277;0,03
0,272;0,027;1;;0,272;0,027;0,788;0,005;0,431;0
0,279;0;1;;0,279;0;0,76;0;0,515;0
0,265;0;1;;0,265;0;0,74;0;0,5;0
0,258;0;1;;0,258;0;0,728;0;0,46;0
0,263;0;1;;0,263;0;0,734;0;0,424;0
0,271;0;1;;0,271;0;0,755;0;0,388;0
0,276;0;1;;0,276;0;0,775;0;0,365;0
0,262;0;1;;0,262;0;0,787;0;0,335;0
0,241;0;1;;0,241;0;0,782;0,01;0,313;0,001
0,201;0;1;;0,201;0;0,744;0,048;0,189;0,029
0,14;0;1;;0,14;0;0,748;0,128;0,13;0,106
0,078;0;1;;0,078;0;0,773;0,286;0,13;0,292
0,033;0;1;;0,033;0;0,793;0,452;0,125;0,47
0,011;0;1;;0,011;0;0,814;0,593;0,122;0,613
0,004;0;1;;0,004;0;0,827;0,69;0,117;0,714
0,003;0;1;;0,003;0;0,835;0,763;0,111;0,771
0,004;0;1;;0,004;0;0,846;0,787;0,112;0,786
0,005;0;1;;0,005;0;0,848;0,757;0,123;0,76
0,005;0,038;1;;0,005;0,038;0,849;0,698;0,14;0,694
0,005;0,131;1;;0,005;0,131;0,849;0,593;0,163;0,587
0,008;0,205;1;;0,008;0,205;0,846;0,451;0,191;0,442
0,028;0,268;1;;0,028;0,268;0,837;0,284;0,233;0,269
0,062;0,251;1;;0,062;0,251;0,818;0,119;0,3;0,097
0,091;0,16;1;;0,091;0,16;0,796;0,037;0,385;0,027
0,122;0,066;1;;0,122;0,066;0,778;0,004;0,503;0
0,154;0;1;;0,154;0;0,748;0;0,542;0
0,21;0;1;;0,21;0;0,726;0;0,503;0
0,302;0;1;;0,302;0;0,73;0;0,457;0
0,421;0;1;;0,421;0;0,739;0;0,425;0
0,497;0;1;;0,497;0;0,766;0;0,403;0
0,525;0;1;;0,525;0;0,802;0;0,385;0
0,517;0;1;;0,517;0;0,827;0;0,365;0
0,466;0;1;;0,466;0;0,827;0,01;0,34;0,001
0,407;0;1;;0,407;0;0,796;0,056;0,198;0,029
0,371;0;1;;0,371;0;0,814;0,132;0,166;0,106
0,332;0;1;;0,332;0;0,845;0,249;0,151;0,293
0,315;0;1;;0,315;0;0,87;0,321;0,108;0,471
0,323;0;1;;0,323;0;0,889;0,462;0,079;0,614
0,363;0;1;;0,363;0;0,91;0,53;0,057;0,713
0,378;0;1;;0,378;0;0,929;0,532;0,042;0,769
0,389;0;1;;0,389;0;0,942;0,445;0,034;0,782
0,442;0;1;;0,442;0;0,954;0,395;0,031;0,755
0,464;0,019;1;;0,464;0,019;0,966;0,402;0,035;0,689
0,43;0,078;1;;0,43;0,078;0,975;0,362;0,042;0,582
0,327;0,137;1;;0,327;0,137;0,978;0,289;0,048;0,437
0,264;0,168;1;;0,264;0,168;0,98;0,179;0,051;0,259
0,288;0,148;1;;0,288;0,148;0,979;0,056;0,054;0,097
0,286;0,077;1;;0,286;0,077;0,977;0,013;0,072;0,028
0,345;0,022;1;;0,345;0,022;0,974;0;0,096;0
0,449;0;1;;0,449;0;0,969;0;0,119;0
0,571;0;1;;0,571;0;0,957;0;0,125;0
0,652;0;1;;0,652;0;0,944;0;0,11;0
0,688;0;1;;0,688;0;0,941;0;0,087;0
0,695;0;1;;0,695;0;0,942;0;0,068;0
0,715;0;1;;0,715;0;0,941;0;0,063;0
0,671;0;1;;0,671;0;0,937;0;0,074;0
0,652;0;1;;0,652;0;0,913;0,004;0,076;0
0,682;0;1;;0,682;0;0,875;0,042;0,061;0,033
0,692;0;1;;0,692;0;0,856;0,114;0,028;0,096
0,725;0;1;;0,725;0;0,848;0,22;0,046;0,192
0,763;0;1;;0,763;0;0,831;0,306;0,086;0,379
0,783;0;1;;0,783;0;0,821;0,378;0,122;0,553
0,805;0;1;;0,805;0;0,837;0,457;0,145;0,684
0,826;0;1;;0,826;0;0,858;0,475;0,161;0,744
0,821;0;1;;0,821;0;0,871;0,454;0,187;0,759
0,825;0;1;;0,825;0;0,878;0,464;0,22;0,735
0,872;0,012;1;;0,872;0,012;0,874;0,439;0,252;0,67
0,896;0,04;1;;0,896;0,04;0,859;0,358;0,276;0,566
0,903;0,06;1;;0,903;0,06;0,831;0,309;0,289;0,416
0,933;0,134;1;;0,933;0,134;0,792;0,21;0,287;0,253
0,963;0,159;1;;0,963;0,159;0,743;0,093;0,264;0,1
0,975;0,152;1;;0,975;0,152;0,665;0,026;0,24;0,031
0,964;0,079;1;;0,964;0,079;0,596;0;0,258;0
0,968;0;1;;0,968;0;0,587;0;0,276;0
0,964;0;1;;0,964;0;0,581;0;0,266;0
0,956;0;1;;0,956;0;0,574;0;0,224;0
0,941;0;1;;0,941;0;0,592;0;0,165;0
0,942;0;1;;0,942;0;0,642;0;0,101;0
0,927;0;1;;0,927;0;0,692;0;0,048;0
0,881;0;1;;0,881;0;0,692;0;0,022;0
0,83;0;1;;0,83;0;0,708;0,001;0,03;0,001
0,802;0;1;;0,802;0;0,773;0,021;0,054;0,03
0,717;0;1;;0,717;0;0,842;0,058;0,045;0,103
0,713;0;1;;0,713;0;0,901;0,079;0,116;0,286
0,685;0;1;;0,685;0;0,93;0,12;0,176;0,46
0,683;0;1;;0,683;0;0,937;0,163;0,224;0,598
0,745;0;1;;0,745;0;0,939;0,215;0,267;0,691
0,824;0;1;;0,824;0;0,933;0,191;0,328;0,743
0,871;0;1;;0,871;0;0,923;0,193;0,404;0,753
0,896;0;1;;0,896;0;0,917;0,236;0,479;0,723
0,911;0;1;;0,911;0;0,926;0,327;0,533;0,656
0,915;0,005;1;;0,915;0,005;0,94;0,408;0,551;0,551
0,929;0,023;1;;0,929;0,023;0,954;0,42;0,579;0,407
0,949;0,043;1;;0,949;0,043;0,963;0,293;0,617;0,251
0,968;0,052;1;;0,968;0,052;0,966;0,131;0,629;0,097
0,965;0,043;1;;0,965;0,043;0,964;0,048;0,591;0,03
0,965;0,021;1;;0,965;0,021;0,959;0,004;0,542;0
0,974;0;1;;0,974;0;0,953;0;0,442;0
0,969;0;1;;0,969;0;0,949;0;0,349;0
0,951;0;1;;0,951;0;0,947;0;0,275;0
0,929;0;1;;0,929;0;0,948;0;0,241;0
0,897;0;1;;0,897;0;0,945;0;0,178;0
0,862;0;1;;0,862;0;0,94;0;0,154;0
0,817;0;1;;0,817;0;0,934;0;0,154;0
0,731;0;1;;0,731;0;0,924;0,002;0,154;0
0,602;0;1;;0,602;0;0,921;0,039;0,15;0,012
0,473;0;1;;0,473;0;0,919;0,09;0,144;0,052
0,329;0;1;;0,329;0;0,918;0,176;0,148;0,126
0,194;0;1;;0,194;0;0,92;0,295;0,145;0,239
0,125;0;1;;0,125;0;0,92;0,539;0,144;0,428
0,077;0;1;;0,077;0;0,918;0,587;0,177;0,582
0,03;0;1;;0,03;0;0,915;0,652;0,242;0,685
0,005;0;1;;0,005;0;0,916;0,678;0,304;0,703
0,002;0;1;;0,002;0;0,919;0,678;0,343;0,687
0,005;0,015;1;;0,005;0,015;0,923;0,517;0,368;0,616
0,031;0,048;1;;0,031;0,048;0,916;0,51;0,38;0,524
0,073;0,061;1;;0,073;0,061;0,907;0,393;0,379;0,416
0,106;0,066;1;;0,106;0,066;0,895;0,252;0,378;0,26
0,166;0,046;1;;0,166;0,046;0,873;0,12;0,372;0,106
0,28;0,023;1;;0,28;0,023;0,833;0,045;0,371;0,033
0,392;0,003;1;;0,392;0,003;0,791;0,003;0,412;0
0,491;0;1;;0,491;0;0,759;0;0,428;0
0,554;0;1;;0,554;0;0,746;0;0,385;0
0,614;0;1;;0,614;0;0,756;0;0,317;0
0,646;0;1;;0,646;0;0,755;0;0,256;0
0,709;0;1;;0,709;0;0,736;0;0,21;0
0,738;0;1;;0,738;0;0,725;0;0,189;0
0,737;0;1;;0,737;0;0,716;0;0,18;0
0,712;0;1;;0,712;0;0,689;0,007;0,183;0,001
0,693;0;1;;0,693;0;0,61;0,048;0,128;0,034
0,69;0;1;;0,69;0;0,595;0,13;0,106;0,11
0,694;0;1;;0,694;0;0,627;0,289;0,11;0,292
0,696;0;1;;0,696;0;0,654;0,434;0,136;0,47
0,7;0;1;;0,7;0;0,672;0,576;0,169;0,621
0,705;0;1;;0,705;0;0,695;0,689;0,195;0,724
0,7;0;1;;0,7;0;0,731;0,743;0,21;0,784
0,68;0;1;;0,68;0;0,763;0,759;0,225;0,797
0,654;0;1;;0,654;0;0,777;0,729;0,243;0,727
0,619;0,003;1;;0,619;0,003;0,782;0,679;0,266;0,527
0,554;0,014;1;;0,554;0,014;0,783;0,575;0,291;0,288
0,475;0,024;1;;0,475;0,024;0,784;0,437;0,305;0,175
0,403;0,023;1;;0,403;0,023;0,784;0,274;0,292;0,169
0,326;0,019;1;;0,326;0,019;0,781;0,119;0,261;0,051
0,263;0,011;1;;0,263;0,011;0,765;0,041;0,221;0,01
0,23;0,003;1;;0,23;0,003;0,75;0,002;0,251;0
0,235;0;1;;0,235;0;0,75;0;0,303;0
0,261;0;1;;0,261;0;0,747;0;0,332;0
0,278;0;1;;0,278;0;0,745;0;0,325;0
0,275;0;1;;0,275;0;0,752;0;0,303;0
0,245;0;1;;0,245;0;0,763;0;0,284;0
0,198;0;1;;0,198;0;0,768;0;0,272;0
0,149;0;1;;0,149;0;0,779;0;0,246;0
0,106;0;1;;0,106;0;0,777;0,003;0,214;0,001
0,076;0;1;;0,076;0;0,756;0,026;0,139;0,035
0,058;0;1;;0,058;0;0,748;0,067;0,148;0,107
0,054;0;1;;0,054;0;0,732;0,127;0,148;0,277
0,068;0;1;;0,068;0;0,707;0,163;0,158;0,446
0,105;0;1;;0,105;0;0,687;0,206;0,175;0,577
0,148;0;1;;0,148;0;0,692;0,248;0,193;0,693
0,17;0;1;;0,17;0;0,726;0,295;0,211;0,748
0,173;0;1;;0,173;0;0,767;0,327;0,197;0,796
0,164;0;1;;0,164;0;0,784;0,415;0,179;0,763
0,151;0,005;1;;0,151;0,005;0,791;0,394;0,184;0,698
0,12;0,03;1;;0,12;0,03;0,793;0,376;0,207;0,591
0,088;0,058;1;;0,088;0,058;0,787;0,281;0,233;0,44
0,075;0,056;1;;0,075;0,056;0,768;0,18;0,261;0,266
0,078;0,047;1;;0,078;0,047;0,74;0,087;0,277;0,1
0,101;0,027;1;;0,101;0,027;0,704;0,023;0,276;0,029
0,133;0,007;1;;0,133;0,007;0,686;0;0,313;0
0,165;0;1;;0,165;0;0,677;0;0,305;0
0,163;0;1;;0,163;0;0,674;0;0,273;0
0,142;0;1;;0,142;0;0,683;0;0,234;0
0,127;0;1;;0,127;0;0,705;0;0,196;0
0,114;0;1;;0,114;0;0,703;0;0,167;0
0,105;0;1;;0,105;0;0,683;0;0,14;0
0,091;0;1;;0,091;0;0,649;0;0,109;0
0,082;0;1;;0,082;0;0,583;0,008;0,075;0
0,08;0;1;;0,08;0;0,476;0,051;0,038;0,032
0,09;0;1;;0,09;0;0,429;0,128;0,009;0,105
0,107;0;1;;0,107;0;0,401;0,239;0,018;0,277
0,119;0;1;;0,119;0;0,39;0,353;0,033;0,453
0,126;0;1;;0,126;0;0,389;0,447;0,039;0,609
0,124;0;1;;0,124;0;0,396;0,513;0,041;0,716
0,117;0;1;;0,117;0;0,416;0,551;0,044;0,773
0,115;0;1;;0,115;0;0,43;0,573;0,049;0,787
0,131;0;1;;0,131;0;0,41;0,58;0,051;0,759
0,145;0,005;1;;0,145;0,005;0,382;0,558;0,054;0,691
0,135;0,024;1;;0,135;0,024;0,349;0,468;0,059;0,583
0,128;0,044;1;;0,128;0,044;0,31;0,352;0,062;0,436
0,122;0,075;1;;0,122;0,075;0,265;0,201;0,063;0,265
0,108;0,074;1;;0,108;0,074;0,221;0,082;0,067;0,099
0,101;0,054;1;;0,101;0,054;0,178;0,02;0,087;0,025
0,127;0,018;1;;0,127;0,018;0,141;0;0,125;0
0,189;0;1;;0,189;0;0,12;0;0,194;0
0,287;0;1;;0,287;0;0,13;0;0,287;0
0,403;0;1;;0,403;0;0,17;0;0,333;0
0,483;0;1;;0,483;0;0,243;0;0,281;0
0,522;0;1;;0,522;0;0,333;0;0,197;0
0,559;0;1;;0,559;0;0,417;0;0,117;0
0,626;0;1;;0,626;0;0,457;0;0,075;0
0,636;0;1;;0,636;0;0,457;0;0,062;0
0,619;0;1;;0,619;0;0,418;0,02;0,041;0,024
0,605;0;1;;0,605;0;0,366;0,062;0,026;0,057
0,595;0;1;;0,595;0;0,376;0,117;0,031;0,07
0,592;0;1;;0,592;0;0,375;0,196;0,044;0,093
0,61;0;1;;0,61;0;0,348;0,278;0,076;0,116
0,664;0;1;;0,664;0;0,303;0,361;0,141;0,135
0,706;0;1;;0,706;0;0,259;0,456;0,209;0,144
0,732;0;1;;0,732;0;0,215;0,501;0,217;0,155
0,739;0;1;;0,739;0;0,178;0,508;0,195;0,162
0,76;0,001;1;;0,76;0,001;0,158;0,388;0,166;0,171
0,765;0,007;1;;0,765;0,007;0,148;0,263;0,133;0,178
0,772;0,013;1;;0,772;0,013;0,134;0,16;0,111;0,182
0,767;0,012;1;;0,767;0,012;0,112;0,085;0,099;0,166
0,766;0,01;1;;0,766;0,01;0,087;0,036;0,086;0,108
0,805;0,005;1;;0,805;0,005;0,08;0,009;0,113;0,034
0,81;0,001;1;;0,81;0,001;0,084;0;0,186;0
0,85;0;1;;0,85;0;0,1;0;0,253;0
0,846;0;1;;0,846;0;0,128;0;0,297;0
0,836;0;1;;0,836;0;0,153;0;0,336;0
0,835;0;1;;0,835;0;0,162;0;0,357;0
0,858;0;1;;0,858;0;0,157;0;0,343;0
0,87;0;1;;0,87;0;0,141;0;0,313;0
0,867;0;1;;0,867;0;0,14;0;0,277;0
0,855;0;1;;0,855;0;0,151;0,001;0,223;0
0,862;0;1;;0,862;0;0,159;0,029;0,14;0,036
0,853;0;1;;0,853;0;0,151;0,099;0,058;0,103
0,86;0;1;;0,86;0;0,149;0,21;0,043;0,235
0,857;0;1;;0,857;0;0,154;0,355;0,061;0,401
0,88;0;1;;0,88;0;0,162;0,489;0,075;0,508
0,881;0;1;;0,881;0;0,187;0,603;0,103;0,546
0,912;0;1;;0,912;0;0,227;0,644;0,147;0,538
0,91;0;1;;0,91;0;0,256;0,655;0,2;0,436
0,844;0;1;;0,844;0;0,266;0,624;0,233;0,307
0,797;0,003;1;;0,797;0,003;0,263;0,57;0,226;0,251
0,757;0,013;1;;0,757;0,013;0,249;0,487;0,19;0,221
0,691;0,023;1;;0,691;0,023;0,243;0,371;0,145;0,194
0,71;0,028;1;;0,71;0,028;0,256;0,218;0,128;0,138
0,701;0,029;1;;0,701;0,029;0,28;0,108;0,157;0,073
0,704;0,018;1;;0,704;0,018;0,313;0,039;0,264;0,014
0,724;0,005;1;;0,724;0,005;0,36;0,001;0,415;0
0,724;0;1;;0,724;0;0,368;0;0,5;0
0,686;0;1;;0,686;0;0,346;0;0,515;0
0,649;0;1;;0,649;0;0,347;0;0,515;0
0,602;0;1;;0,602;0;0,373;0;0,515;0
0,544;0;1;;0,544;0;0,412;0;0,497;0
0,505;0;1;;0,505;0;0,446;0;0,529;0
0,482;0;1;;0,482;0;0,482;0;0,472;0
0,469;0;1;;0,469;0;0,516;0,004;0,41;0
0,526;0;1;;0,526;0;0,499;0,046;0,311;0,034
0,575;0;1;;0,575;0;0,446;0,119;0,288;0,11
0,636;0;1;;0,636;0;0,457;0,241;0,3;0,25
0,689;0;1;;0,689;0;0,47;0,367;0,279;0,413
0,753;0;1;;0,753;0;0,5;0,467;0,287;0,57
0,798;0;1;;0,798;0;0,522;0,533;0,31;0,643
0,826;0;1;;0,826;0;0,554;0,545;0,333;0,632
0,831;0;1;;0,831;0;0,605;0,539;0,351;0,55
0,873;0;1;;0,873;0;0,649;0,53;0,355;0,465
0,884;0,001;1;;0,884;0,001;0,657;0,549;0,347;0,454
0,88;0,007;1;;0,88;0,007;0,653;0,505;0,332;0,377
0,838;0,017;1;;0,838;0,017;0,661;0,396;0,323;0,308
0,788;0,024;1;;0,788;0,024;0,659;0,262;0,302;0,174
0,748;0,022;1;;0,748;0,022;0,644;0,117;0,275;0,092
0,743;0,012;1;;0,743;0,012;0,615;0,038;0,236;0,025
0,737;0,001;1;;0,737;0,001;0,587;0;0,242;0
0,762;0;1;;0,762;0;0,568;0;0,233;0
0,749;0;1;;0,749;0;0,554;0;0,219;0
0,68;0;1;;0,68;0;0,546;0;0,211;0
0,589;0;1;;0,589;0;0,544;0;0,21;0
0,489;0;1;;0,489;0;0,559;0;0,2;0
0,373;0;1;;0,373;0;0,572;0;0,2;0
0,286;0;1;;0,286;0;0,574;0;0,204;0
0,217;0;1;;0,217;0;0,548;0,001;0,216;0
0,175;0;1;;0,175;0;0,486;0,029;0,166;0,034
0,198;0;1;;0,198;0;0,453;0,08;0,152;0,101
0,238;0;1;;0,238;0;0,414;0,141;0,143;0,205
0,258;0;1;;0,258;0;0,393;0,21;0,121;0,333
0,288;0;1;;0,288;0;0,389;0,307;0,12;0,467
0,296;0;1;;0,296;0;0,397;0,385;0,126;0,635
0,285;0;1;;0,285;0;0,429;0,482;0,134;0,711
0,261;0;1;;0,261;0;0,46;0,435;0,149;0,722
0,244;0;1;;0,244;0;0,481;0,513;0,166;0,671
0,207;0,008;1;;0,207;0,008;0,508;0,449;0,185;0,632
0,158;0,03;1;;0,158;0,03;0,537;0,385;0,21;0,504
0,121;0,049;1;;0,121;0,049;0,561;0,292;0,235;0,358
0,103;0,061;1;;0,103;0,061;0,6;0,224;0,262;0,225
0,1;0,059;1;;0,1;0,059;0,631;0,104;0,29;0,092
0,119;0,025;1;;0,119;0,025;0,644;0,031;0,31;0,028
0,155;0,007;1;;0,155;0,007;0,628;0;0,348;0
0,18;0;1;;0,18;0;0,632;0;0,371;0
0,174;0;1;;0,174;0;0,649;0;0,364;0
0,194;0;1;;0,194;0;0,666;0;0,365;0
0,268;0;1;;0,268;0;0,67;0;0,359;0
0,35;0;1;;0,35;0;0,669;0;0,336;0
0,361;0;1;;0,361;0;0,689;0;0,32;0
0,33;0;1;;0,33;0;0,72;0;0,309;0
0,31;0;1;;0,31;0;0,73;0,001;0,3;0
0,256;0;1;;0,256;0;0,715;0,034;0,203;0,031
0,174;0;1;;0,174;0;0,705;0,091;0,178;0,101
0,132;0;1;;0,132;0;0,715;0,157;0,127;0,273
0,125;0;1;;0,125;0;0,736;0,319;0,089;0,442
0,105;0;1;;0,105;0;0,769;0,419;0,087;0,584
0,107;0;1;;0,107;0;0,798;0,506;0,088;0,704
0,152;0;1;;0,152;0;0,825;0,559;0,093;0,764
0,267;0;1;;0,267;0;0,851;0,61;0,106;0,78
0,503;0;1;;0,503;0;0,87;0,649;0,124;0,755
0,705;0,002;1;;0,705;0,002;0,885;0,633;0,149;0,689
0,787;0,014;1;;0,787;0,014;0,898;0,524;0,177;0,578
0,84;0,021;1;;0,84;0,021;0,908;0,38;0,203;0,412
0,903;0,027;1;;0,903;0,027;0,916;0,226;0,225;0,229
0,933;0,082;1;;0,933;0,082;0,916;0,115;0,243;0,096
0,901;0,141;1;;0,901;0,141;0,905;0,037;0,256;0,027
0,869;0,08;1;;0,869;0,08;0,889;0;0,313;0
0,882;0,002;1;;0,882;0,002;0,876;0;0,324;0
0,878;0;1;;0,878;0;0,854;0;0,289;0
0,879;0;1;;0,879;0;0,844;0;0,243;0
0,915;0;1;;0,915;0;0,846;0;0,189;0
0,94;0;1;;0,94;0;0,844;0;0,139;0
0,972;0;1;;0,972;0;0,833;0;0,106;0
0,986;0;1;;0,986;0;0,838;0;0,094;0
0,981;0;1;;0,981;0;0,83;0,004;0,092;0
0,979;0;1;;0,979;0;0,827;0,043;0,075;0,029
0,987;0;1;;0,987;0;0,861;0,115;0,054;0,099
0,982;0;1;;0,982;0;0,879;0,255;0,053;0,276
0,972;0;1;;0,972;0;0,885;0,37;0,054;0,459
0,958;0;1;;0,958;0;0,881;0,548;0,056;0,605
0,894;0;1;;0,894;0;0,868;0,646;0,055;0,707
0,782;0;1;;0,782;0;0,851;0,75;0,054;0,763
0,717;0;1;;0,717;0;0,835;0,78;0,055;0,777
0,823;0;1;;0,823;0;0,821;0,758;0,059;0,748
0,902;0,06;1;;0,902;0,06;0,805;0,696;0,064;0,681
0,937;0,191;1;;0,937;0,191;0,783;0,58;0,069;0,573
0,959;0,268;1;;0,959;0,268;0,757;0,419;0,075;0,427
0,974;0,296;1;;0,974;0,296;0,728;0,255;0,083;0,256
0,984;0,262;1;;0,984;0,262;0,687;0,111;0,093;0,095
0,987;0,191;1;;0,987;0,191;0,641;0,035;0,148;0,025
0,986;0,084;1;;0,986;0,084;0,609;0,001;0,254;0
0,984;0,002;1;;0,984;0,002;0,605;0;0,335;0
0,973;0;1;;0,973;0;0,599;0;0,34;0
0,95;0;1;;0,95;0;0,596;0;0,313;0
0,905;0;1;;0,905;0;0,575;0;0,287;0
0,875;0;1;;0,875;0;0,544;0;0,257;0
0,864;0;1;;0,864;0;0,501;0;0,223;0
0,866;0;1;;0,866;0;0,449;0;0,194;0
0,827;0;1;;0,827;0;0,368;0,003;0,178;0
0,757;0;1;;0,757;0;0,243;0,043;0,112;0,03
0,743;0;1;;0,743;0;0,156;0,109;0,067;0,094
0,728;0;1;;0,728;0;0,103;0,21;0,042;0,222
0,717;0;1;;0,717;0;0,068;0,329;0,028;0,4
0,7;0;1;;0,7;0;0,051;0,432;0,024;0,548
0,684;0;1;;0,684;0;0,047;0,494;0,024;0,648
0,68;0;1;;0,68;0;0,047;0,53;0,034;0,719
0,715;0;1;;0,715;0;0,062;0,54;0,048;0,75
0,76;0;1;;0,76;0;0,08;0,542;0,062;0,728
0,805;0,08;1;;0,805;0,08;0,087;0,514;0,075;0,659
0,782;0,181;1;;0,782;0,181;0,085;0,482;0,084;0,551
0,724;0,215;1;;0,724;0,215;0,078;0,39;0,092;0,408
0,724;0,177;1;;0,724;0,177;0,071;0,258;0,099;0,244
0,746;0,122;1;;0,746;0,122;0,063;0,114;0,117;0,096
0,792;0,074;1;;0,792;0,074;0,069;0,036;0,205;0,026
0,824;0,029;1;;0,824;0,029;0,077;0,001;0,344;0
0,851;0;1;;0,851;0;0,063;0;0,398;0
0,859;0;1;;0,859;0;0,042;0;0,358;0
0,844;0;1;;0,844;0;0,026;0;0,293;0
0,795;0;1;;0,795;0;0,027;0;0,233;0
0,707;0;1;;0,707;0;0,057;0;0,19;0
0,587;0;1;;0,587;0;0,106;0;0,154;0
0,468;0;1;;0,468;0;0,164;0;0,117;0
0,357;0;1;;0,357;0;0,217;0,003;0,078;0
0,285;0;1;;0,285;0;0,239;0,045;0,043;0,027
0,24;0;1;;0,24;0;0,18;0,124;0,016;0,096
0,233;0;1;;0,233;0;0,168;0,279;0,012;0,199
0,277;0;1;;0,277;0;0,166;0,446;0,046;0,336
0,283;0;1;;0,283;0;0,173;0,583;0,08;0,513
0,232;0;1;;0,232;0;0,171;0,652;0,108;0,641
0,176;0;1;;0,176;0;0,163;0,643;0,135;0,692
0,139;0;1;;0,139;0;0,147;0,529;0,165;0,707
0,14;0;1;;0,14;0;0,122;0,403;0,181;0,681
0,174;0,107;1;;0,174;0,107;0,095;0,338;0,193;0,613
0,256;0,272;1;;0,256;0,272;0,068;0,297;0,203;0,477
0,483;0,401;1;;0,483;0,401;0,057;0,246;0,209;0,259
0,814;0,435;1;;0,814;0,435;0,072;0,141;0,221;0,08
0,929;0,329;1;;0,929;0,329;0,097;0,056;0,225;0,029
0,96;0,206;1;;0,96;0,206;0,109;0,011;0,24;0,011
0,98;0,071;1;;0,98;0,071;0,121;0;0,263;0
0,984;0,002;1;;0,984;0,002;0,141;0;0,256;0
0,98;0;1;;0,98;0;0,144;0;0,225;0
0,962;0;1;;0,962;0;0,133;0;0,181;0
0,889;0;1;;0,889;0;0,127;0;0,128;0
0,713;0;1;;0,713;0;0,148;0;0,089;0
0,557;0;1;;0,557;0;0,189;0;0,082;0
0,421;0;1;;0,421;0;0,224;0;0,092;0
0,438;0;1;;0,438;0;0,232;0,001;0,091;0
0,457;0;1;;0,457;0;0,197;0,028;0,075;0,015
0,449;0;1;;0,449;0;0,152;0,087;0,053;0,058
0,403;0;1;;0,403;0;0,159;0,191;0,078;0,117
0,403;0;1;;0,403;0;0,196;0,326;0,11;0,188
0,529;0;1;;0,529;0;0,26;0,483;0,157;0,271
0,627;0;1;;0,627;0;0,318;0,626;0,203;0,366
0,706;0;1;;0,706;0;0,37;0,705;0,247;0,595
0,784;0;1;;0,784;0;0,414;0,742;0,293;0,581
0,806;0;1;;0,806;0;0,434;0,734;0,319;0,522
0,801;0,031;1;;0,801;0,031;0,41;0,675;0,314;0,473
0,826;0,102;1;;0,826;0,102;0,323;0,575;0,277;0,419
0,775;0,217;1;;0,775;0,217;0,213;0,436;0,249;0,294
0,878;0,268;1;;0,878;0,268;0,128;0,264;0,224;0,164
0,884;0,199;1;;0,884;0,199;0,063;0,101;0,184;0,086
0,86;0,125;1;;0,86;0,125;0,035;0,032;0,151;0,025
0,857;0,051;1;;0,857;0,051;0,061;0;0,11;0
0,873;0;1;;0,873;0;0,158;0;0,082;0
0,857;0;1;;0,857;0;0,292;0;0,075;0
0,853;0;1;;0,853;0;0,421;0;0,086;0
0,849;0;1;;0,849;0;0,568;0;0,125;0
0,869;0;1;;0,869;0;0,686;0;0,181;0
0,887;0;1;;0,887;0;0,761;0;0,232;0
0,867;0;1;;0,867;0;0,784;0;0,268;0
0,842;0;1;;0,842;0;0,745;0,001;0,287;0
0,825;0;1;;0,825;0;0,672;0,014;0,24;0,031
0,755;0;1;;0,755;0;0,591;0,035;0,134;0,105
0,704;0;1;;0,704;0;0,592;0,118;0,256;0,256
0,655;0;1;;0,655;0;0,623;0,279;0,297;0,416
0,623;0;1;;0,623;0;0,785;0,358;0,313;0,551
0,636;0;1;;0,636;0;0,847;0,318;0,33;0,639
0,623;0;1;;0,623;0;0,849;0,324;0,365;0,595
0,599;0;1;;0,599;0;0,835;0,38;0,4;0,391
0,56;0;1;;0,56;0;0,786;0,428;0,385;0,448
0,585;0,038;1;;0,585;0,038;0,696;0,391;0,378;0,417
0,54;0,185;1;;0,54;0,185;0,629;0,189;0,418;0,322
0,511;0,314;1;;0,511;0,314;0,578;0,065;0,497;0,186
0,575;0,385;1;;0,575;0,385;0,357;0,04;0,576;0,077
0,62;0,237;1;;0,62;0,237;0,117;0,031;0,592;0,04
0,618;0,125;1;;0,618;0,125;0,037;0,014;0,557;0,008
0,652;0,065;1;;0,652;0,065;0,11;0;0,554;0
0,791;0,005;1;;0,791;0,005;0,274;0;0,51;0
0,836;0;1;;0,836;0;0,476;0;0,409;0
0,813;0;1;;0,813;0;0,652;0;0,312;0
0,777;0;1;;0,777;0;0,732;0;0,259;0
0,773;0;1;;0,773;0;0,753;0;0,222;0
0,7;0;1;;0,7;0;0,774;0;0,215;0
0,662;0;1;;0,662;0;0,775;0;0,21;0
0,674;0;1;;0,674;0;0,774;0,002;0,19;0
0,673;0;1;;0,673;0;0,761;0,037;0,138;0,022
0,703;0;1;;0,703;0;0,763;0,113;0,087;0,057
0,731;0;1;;0,731;0;0,859;0,278;0,108;0,179
0,762;0;1;;0,762;0;0,92;0,452;0,17;0,433
0,773;0;1;;0,773;0;0,949;0,588;0,242;0,576
0,8;0;1;;0,8;0;0,952;0,673;0,279;0,674
0,873;0;1;;0,873;0;0,946;0,736;0,297;0,733
0,943;0;1;;0,943;0;0,929;0,746;0,296;0,747
0,963;0;1;;0,963;0;0,909;0,717;0,267;0,684
0,961;0,023;1;;0,961;0,023;0,879;0,664;0,25;0,536
0,955;0,081;1;;0,955;0,081;0,832;0,56;0,242;0,44
0,95;0,153;1;;0,95;0,153;0,782;0,431;0,207;0,381
0,971;0,254;1;;0,971;0,254;0,721;0,262;0,169;0,221
0,974;0,267;1;;0,974;0,267;0,629;0,105;0,159;0,087
0,968;0,212;1;;0,968;0,212;0,48;0,031;0,196;0,023
0,963;0,078;1;;0,963;0,078;0,434;0;0,247;0
0,961;0,003;1;;0,961;0,003;0,358;0;0,293;0
0,944;0;1;;0,944;0;0,355;0;0,28;0
0,933;0;1;;0,933;0;0,343;0;0,211;0
0,925;0;1;;0,925;0;0,34;0;0,166;0
0,907;0;1;;0,907;0;0,312;0;0,115;0
0,897;0;1;;0,897;0;0,331;0;0,076;0
0,903;0;1;;0,903;0;0,374;0;0,057;0
0,92;0;1;;0,92;0;0,431;0;0,063;0
0,935;0;1;;0,935;0;0,489;0,033;0,054;0,027
0,929;0;1;;0,929;0;0,46;0,069;0,024;0,101
0,911;0;1;;0,911;0;0,449;0,072;0,036;0,185
0,903;0;1;;0,903;0;0,452;0,093;0,065;0,242
0,902;0;1;;0,902;0;0,503;0,135;0,079;0,424
0,941;0;1;;0,941;0;0,585;0,16;0,082;0,625
0,962;0;1;;0,962;0;0,671;0,194;0,089;0,672
0,967;0;1;;0,967;0;0,734;0,196;0,097;0,678
0,971;0;1;;0,971;0;0,754;0,172;0,098;0,673
0,97;0,034;1;;0,97;0,034;0,741;0,166;0,091;0,613
0,965;0,096;1;;0,965;0,096;0,704;0,192;0,078;0,508
0,969;0,183;1;;0,969;0,183;0,715;0,228;0,069;0,373
0,979;0,248;1;;0,979;0,248;0,755;0,216;0,063;0,231
0,982;0,239;1;;0,982;0,239;0,753;0,114;0,061;0,091
0,982;0,125;1;;0,982;0,125;0,678;0,037;0,08;0,022
0,983;0,029;1;;0,983;0,029;0,656;0;0,112;0
0,982;0;1;;0,982;0;0,664;0;0,152;0
0,98;0;1;;0,98;0;0,686;0;0,19;0
0,98;0;1;;0,98;0;0,7;0;0,218;0
0,98;0;1;;0,98;0;0,694;0;0,228;0
0,98;0;1;;0,98;0;0,665;0;0,224;0
0,98;0;1;;0,98;0;0,618;0;0,212;0
0,981;0;1;;0,981;0;0,567;0;0,201;0
0,985;0;1;;0,985;0;0,492;0,001;0,194;0
0,987;0;1;;0,987;0;0,382;0,031;0,175;0,025
0,984;0;1;;0,984;0;0,219;0,109;0,086;0,09
0,979;0;1;;0,979;0;0,143;0,284;0,069;0,26
0,978;0;1;;0,978;0;0,14;0,454;0,075;0,426
0,983;0;1;;0,983;0;0,167;0,593;0,067;0,563
0,986;0;1;;0,986;0;0,199;0,691;0,067;0,659
0,987;0;1;;0,987;0;0,21;0,745;0,069;0,713
0,986;0;1;;0,986;0;0,204;0,759;0,07;0,726
0,981;0,001;1;;0,981;0,001;0,192;0,736;0,069;0,701
0,971;0,104;1;;0,971;0,104;0,173;0,67;0,066;0,638
0,955;0,223;1;;0,955;0,223;0,155;0,566;0,063;0,535
0,945;0,278;1;;0,945;0,278;0,151;0,425;0,061;0,397
0,934;0,323;1;;0,934;0,323;0,167;0,26;0,062;0,238
0,898;0,335;1;;0,898;0,335;0,216;0,1;0,081;0,085
0,816;0,232;1;;0,816;0,232;0,312;0,027;0,142;0,02
0,743;0,109;1;;0,743;0,109;0,424;0;0,23;0
0,703;0,006;1;;0,703;0,006;0,494;0;0,309;0
0,613;0;1;;0,613;0;0,524;0;0,359;0
0,45;0;1;;0,45;0;0,541;0;0,39;0
0,296;0;1;;0,296;0;0,568;0;0,4;0
0,193;0;1;;0,193;0;0,606;0;0,374;0
0,091;0;1;;0,091;0;0,646;0;0,335;0
0,083;0;1;;0,083;0;0,667;0;0,302;0
0,185;0;1;;0,185;0;0,667;0,001;0,267;0
0,398;0;1;;0,398;0;0,592;0,035;0,21;0,025
0,579;0;1;;0,579;0;0,463;0,108;0,095;0,089
0,684;0;1;;0,684;0;0,437;0,272;0,056;0,259
0,772;0;1;;0,772;0;0,544;0,439;0,083;0,424
0,844;0;1;;0,844;0;0,551;0,576;0,085;0,556
0,887;0;1;;0,887;0;0,536;0,673;0,07;0,648
0,908;0;1;;0,908;0;0,54;0,727;0,055;0,697
0,916;0;1;;0,916;0;0,561;0,74;0,04;0,702
0,898;0;1;;0,898;0;0,586;0,712;0,029;0,67
0,856;0,003;1;;0,856;0,003;0,591;0,649;0,021;0,6
0,807;0,012;1;;0,807;0,012;0,602;0,545;0,015;0,508
0,769;0,024;1;;0,769;0,024;0,667;0,406;0,01;0,384
0,704;0,071;1;;0,704;0,071;0,722;0,246;0,011;0,232
0,584;0,106;1;;0,584;0,106;0,755;0,098;0,022;0,084
0,575;0,096;1;;0,575;0,096;0,805;0,027;0,061;0,019
0,632;0,031;1;;0,632;0,031;0,86;0;0,102;0
0,77;0;1;;0,77;0;0,88;0;0,128;0
0,843;0;1;;0,843;0;0,884;0;0,13;0
0,817;0;1;;0,817;0;0,875;0;0,116;0
0,84;0;1;;0,84;0;0,851;0;0,097;0
0,87;0;1;;0,87;0;0,817;0;0,078;0
0,876;0;1;;0,876;0;0,777;0;0,062;0
0,879;0;1;;0,879;0;0,74;0;0,048;0
0,876;0;1;;0,876;0;0,697;0;0,038;0
0,866;0;1;;0,866;0;0,632;0,014;0,048;0,025
0,836;0;1;;0,836;0;0,538;0,05;0,049;0,088
0,815;0;1;;0,815;0;0,461;0,109;0,036;0,248
0,795;0;1;;0,795;0;0,414;0,176;0,054;0,408
0,798;0;1;;0,798;0;0,399;0,221;0,072;0,539
0,745;0;1;;0,745;0;0,426;0,238;0,074;0,631
0,683;0;1;;0,683;0;0,504;0,27;0,075;0,686
0,647;0;1;;0,647;0;0,579;0,286;0,082;0,7
0,675;0;1;;0,675;0;0,629;0,281;0,095;0,673
0,734;0,011;1;;0,734;0,011;0,67;0,257;0,117;0,609
0,758;0,055;1;;0,758;0,055;0,72;0,214;0,141;0,506
0,793;0,153;1;;0,793;0,153;0,792;0,157;0,174;0,37
0,827;0,236;1;;0,827;0,236;0,859;0,1;0,212;0,218
0,917;0,232;1;;0,917;0,232;0,901;0,05;0,264;0,083
0,927;0,194;1;;0,927;0,194;0,92;0,014;0,372;0,018
0,929;0,085;1;;0,929;0,085;0,922;0;0,499;0
0,927;0,005;1;;0,927;0,005;0,911;0;0,58;0
0,903;0;1;;0,903;0;0,898;0;0,617;0
0,893;0;1;;0,893;0;0,88;0;0,617;0
0,887;0;1;;0,887;0;0,859;0;0,583;0
0,885;0;1;;0,885;0;0,835;0;0,525;0
0,892;0;1;;0,892;0;0,817;0;0,445;0
0,879;0;1;;0,879;0;0,81;0;0,36;0
0,874;0;1;;0,874;0;0,795;0;0,278;0
0,867;0;1;;0,867;0;0,751;0,035;0,211;0,025
0,892;0;1;;0,892;0;0,697;0,107;0,109;0,09
0,948;0;1;;0,948;0;0,743;0,234;0,07;0,248
0,984;0;1;;0,984;0;0,823;0,365;0,076;0,409
0,98;0;1;;0,98;0;0,876;0,475;0,065;0,538
0,978;0;1;;0,978;0;0,899;0,542;0,052;0,627
0,984;0;1;;0,984;0;0,905;0,551;0,044;0,682
0,985;0;1;;0,985;0;0,906;0,525;0,045;0,697
0,984;0,005;1;;0,984;0,005;0,914;0,512;0,039;0,671
0,982;0,11;1;;0,982;0,11;0,922;0,501;0,028;0,601
0,984;0,278;1;;0,984;0,278;0,933;0,457;0,024;0,476
0,983;0,401;1;;0,983;0,401;0,94;0,361;0,023;0,305
0,941;0,308;1;;0,941;0,308;0,94;0,226;0,024;0,174
0,87;0,275;1;;0,87;0,275;0,941;0,098;0,052;0,066
0,796;0,16;1;;0,796;0,16;0,949;0,028;0,121;0,009
0,847;0,035;1;;0,847;0,035;0,951;0;0,222;0
0,946;0,008;1;;0,946;0,008;0,94;0;0,312;0
0,975;0;1;;0,975;0;0,925;0;0,358;0
0,982;0;1;;0,982;0;0,907;0;0,346;0
0,987;0;1;;0,987;0;0,89;0;0,351;0
0,987;0;1;;0,987;0;0,876;0;0,317;0
0,987;0;1;;0,987;0;0,868;0;0,275;0
0,977;0;1;;0,977;0;0,872;0;0,275;0
0,925;0;1;;0,925;0;0,868;0;0,183;0
0,87;0;1;;0,87;0;0,852;0,032;0,095;0,007
0,866;0;1;;0,866;0;0,889;0,107;0,047;0,039
0,89;0;1;;0,89;0;0,903;0,274;0,028;0,079
0,901;0;1;;0,901;0;0,921;0,44;0,02;0,154
0,909;0;1;;0,909;0;0,942;0,575;0,017;0,251
0,923;0;1;;0,923;0;0,961;0,662;0,018;0,201
0,951;0;1;;0,951;0;0,971;0,732;0,022;0,181
0,972;0;1;;0,972;0;0,973;0,746;0,028;0,16
0,981;0,002;1;;0,981;0,002;0,974;0,629;0,032;0,155
0,986;0,091;1;;0,986;0,091;0,973;0,361;0,035;0,126
0,987;0,177;1;;0,987;0,177;0,972;0,339;0,039;0,089
0,986;0,131;1;;0,986;0,131;0,971;0,309;0,043;0,063
0,986;0,077;1;;0,986;0,077;0,966;0,196;0,04;0,036
0,984;0,057;1;;0,984;0,057;0,955;0,094;0,038;0,015
0,983;0,082;1;;0,983;0,082;0,939;0,027;0,052;0,001
0,984;0,034;1;;0,984;0,034;0,925;0;0,077;0
0,987;0,002;1;;0,987;0,002;0,913;0;0,094;0
0,978;0;1;;0,978;0;0,902;0;0,106;0
0,947;0;1;;0,947;0;0,894;0;0,125;0
0,945;0;1;;0,945;0;0,884;0;0,128;0
0,949;0;1;;0,949;0;0,88;0;0,127;0
0,949;0;1;;0,949;0;0,856;0;0,128;0
0,949;0;1;;0,949;0;0,838;0;0,125;0
0,947;0;1;;0,947;0;0,806;0;0,104;0
0,942;0;1;;0,942;0;0,762;0,033;0,077;0,017
0,947;0;1;;0,947;0;0,749;0,106;0,062;0,074
0,952;0;1;;0,952;0;0,757;0,243;0,069;0,164
0,953;0;1;;0,953;0;0,765;0,354;0,063;0,275
0,954;0;1;;0,954;0;0,787;0,445;0,054;0,337
0,959;0;1;;0,959;0;0,79;0,528;0,047;0,366
0,963;0;1;;0,963;0;0,775;0,592;0,04;0,362
0,967;0;1;;0,967;0;0,744;0,632;0,036;0,326
0,966;0;1;;0,966;0;0,7;0,638;0,038;0,306
0,96;0,008;1;;0,96;0,008;0,642;0,598;0,056;0,269
0,953;0,022;1;;0,953;0,022;0,574;0,51;0,095;0,21
0,944;0,032;1;;0,944;0,032;0,516;0,377;0,158;0,138
0,937;0,033;1;;0,937;0,033;0,48;0,226;0,247;0,074
0,937;0,026;1;;0,937;0,026;0,502;0,094;0,327;0,027
0,921;0,015;1;;0,921;0,015;0,622;0,024;0,421;0,003
0,883;0,006;1;;0,883;0,006;0,713;0;0,462;0
0,808;0;1;;0,808;0;0,698;0;0,457;0
0,73;0;1;;0,73;0;0,646;0;0,439;0
0,668;0;1;;0,668;0;0,577;0;0,395;0
0,63;0;1;;0,63;0;0,512;0;0,375;0
0,673;0;1;;0,673;0;0,457;0;0,357;0
0,674;0;1;;0,674;0;0,389;0;0,327;0
0,626;0;1;;0,626;0;0,31;0;0,278;0
0,568;0;1;;0,568;0;0,204;0;0,256;0
0,498;0;1;;0,498;0;0,112;0,021;0,202;0,022
0,395;0;1;;0,395;0;0,077;0,059;0,175;0,092
0,287;0;1;;0,287;0;0,106;0,111;0,176;0,238
0,226;0;1;;0,226;0;0,176;0,192;0,14;0,4
0,186;0;1;;0,186;0;0,254;0,316;0,097;0,513
0,186;0;1;;0,186;0;0,275;0,47;0,068;0,645
0,219;0;1;;0,219;0;0,222;0,61;0,049;0,702
0,244;0;1;;0,244;0;0,167;0,632;0,039;0,715
0,274;0,014;1;;0,274;0,014;0,168;0,539;0,036;0,683
0,23;0,189;1;;0,23;0,189;0,241;0,472;0,034;0,568
0,184;0,447;1;;0,184;0,447;0,357;0,399;0,03;0,42
0,157;0,557;1;;0,157;0,557;0,452;0,315;0,028;0,249
0,119;0,576;1;;0,119;0,576;0,495;0,209;0,025;0,152
0,105;0,531;1;;0,105;0,531;0,486;0,094;0,023;0,078
0,111;0,408;1;;0,111;0,408;0,468;0,024;0,029;0,013
0,147;0,22;1;;0,147;0,22;0,449;0;0,046;0
0,233;0,025;1;;0,233;0,025;0,449;0;0,07;0
0,288;0;1;;0,288;0;0,459;0;0,098;0
0,318;0;1;;0,318;0;0,472;0;0,119;0
0,343;0;1;;0,343;0;0,468;0;0,135;0
0,371;0;1;;0,371;0;0,453;0;0,14;0
0,432;0;1;;0,432;0;0,426;0;0,131;0
0,522;0;1;;0,522;0;0,387;0;0,114;0
0,639;0;1;;0,639;0;0,343;0;0,1;0
0,74;0;1;;0,74;0;0,257;0,029;0,086;0,022
0,792;0;1;;0,792;0;0,171;0,098;0,047;0,087
0,817;0;1;;0,817;0;0,128;0,232;0,069;0,251
0,83;0;1;;0,83;0;0,112;0,398;0,094;0,421
0,833;0;1;;0,833;0;0,113;0,548;0,117;0,562
0,829;0;1;;0,829;0;0,118;0,646;0,132;0,663
0,84;0;1;;0,84;0;0,127;0,691;0,139;0,724
0,864;0;1;;0,864;0;0,135;0,702;0,141;0,741
0,876;0,004;1;;0,876;0,004;0,142;0,678;0,144;0,716
0,854;0,071;1;;0,854;0,071;0,152;0,627;0,147;0,65
0,88;0,16;1;;0,88;0,16;0,162;0,535;0,15;0,543
0,936;0,227;1;;0,936;0,227;0,167;0,4;0,174;0,384
0,938;0,279;1;;0,938;0,279;0,183;0,245;0,259;0,194
0,932;0,177;1;;0,932;0,177;0,235;0,094;0,429;0,061
0,899;0,102;1;;0,899;0,102;0,334;0,023;0,583;0,009
0,87;0,039;1;;0,87;0,039;0,432;0;0,585;0
0,879;0,003;1;;0,879;0,003;0,48;0;0,538;0
0,879;0;1;;0,879;0;0,503;0;0,464;0
0,882;0;1;;0,882;0;0,521;0;0,303;0
0,888;0;1;;0,888;0;0,532;0;0,141;0
0,892;0;1;;0,892;0;0,512;0;0,109;0
0,89;0;1;;0,89;0;0,503;0;0,165;0
0,881;0;1;;0,881;0;0,515;0;0,213;0
0,875;0;1;;0,875;0;0,592;0;0,223;0
0,872;0;1;;0,872;0;0,543;0,004;0,205;0,016
0,867;0;1;;0,867;0;0,305;0,018;0,18;0,086
0,863;0;1;;0,863;0;0,148;0,075;0,203;0,221
0,852;0;1;;0,852;0;0,146;0,24;0,216;0,383
0,838;0;1;;0,838;0;0,21;0,491;0,233;0,545
0,815;0;1;;0,815;0;0,257;0,64;0,272;0,63
0,786;0;1;;0,786;0;0,285;0,686;0,302;0,684
0,747;0;1;;0,747;0;0,285;0,686;0,313;0,729
0,698;0;1;;0,698;0;0,277;0,647;0,316;0,713
0,607;0,008;1;;0,607;0,008;0,283;0,556;0,323;0,656
0,494;0,026;1;;0,494;0,026;0,286;0,368;0,323;0,551
0,413;0,044;1;;0,413;0,044;0,282;0,251;0,313;0,407
0,3;0,048;1;;0,3;0,048;0,311;0,142;0,296;0,235
0,192;0,037;1;;0,192;0,037;0,352;0,061;0,268;0,081
0,14;0,022;1;;0,14;0,022;0,389;0,015;0,264;0,012
0,149;0,009;1;;0,149;0,009;0,398;0;0,284;0
0,191;0;1;;0,191;0;0,378;0;0,261;0
0,195;0;1;;0,195;0;0,371;0;0,224;0
0,15;0;1;;0,15;0;0,382;0;0,167;0
0,091;0;1;;0,091;0;0,409;0;0,118;0
0,042;0;1;;0,042;0;0,424;0;0,08;0
0,021;0;1;;0,021;0;0,421;0;0,056;0
0,031;0;1;;0,031;0;0,413;0;0,049;0
0,05;0;1;;0,05;0;0,403;0;0,059;0
0,062;0;1;;0,062;0;0,375;0,027;0,08;0,02
0,08;0;1;;0,08;0;0,292;0,098;0,069;0,085
0,117;0;1;;0,117;0;0,29;0,232;0,095;0,256
0,19;0;1;;0,19;0;0,295;0,384;0,107;0,435
0,35;0;1;;0,35;0;0,274;0,521;0,114;0,584
0,596;0;1;;0,596;0;0,229;0,621;0,117;0,689
0,765;0;1;;0,765;0;0,172;0,678;0,108;0,749
0,846;0;1;;0,846;0;0,112;0,694;0,087;0,764
0,846;0,002;1;;0,846;0,002;0,063;0,676;0,071;0,736
0,761;0,055;1;;0,761;0,055;0,031;0,618;0,076;0,663
0,666;0,123;1;;0,666;0,123;0,021;0,515;0,092;0,537
0,659;0,202;1;;0,659;0,202;0,018;0,376;0,078;0,364
0,714;0,204;1;;0,714;0,204;0,018;0,217;0,07;0,197
0,777;0,135;1;;0,777;0,135;0,024;0,083;0,067;0,06
0,841;0,066;1;;0,841;0,066;0,054;0,018;0,078;0,009
0,884;0,031;1;;0,884;0,031;0,129;0;0,1;0
0,909;0,001;1;;0,909;0,001;0,212;0;0,119;0
0,933;0;1;;0,933;0;0,247;0;0,125;0
0,967;0;1;;0,967;0;0,254;0;0,122;0
0,972;0;1;;0,972;0;0,253;0;0,124;0
0,975;0;1;;0,975;0;0,236;0;0,138;0
0,972;0;1;;0,972;0;0,202;0;0,154;0
0,954;0;1;;0,954;0;0,156;0;0,164;0
0,929;0;1;;0,929;0;0,119;0;0,16;0
0,915;0;1;;0,915;0;0,098;0,027;0,13;0,013
0,898;0;1;;0,898;0;0,071;0,097;0,061;0,067
0,899;0;1;;0,899;0;0,061;0,208;0,031;0,144
0,88;0;1;;0,88;0;0,062;0,332;0,015;0,245
0,846;0;1;;0,846;0;0,062;0,427;0,015;0,423
0,825;0;1;;0,825;0;0,048;0,436;0,036;0,498
0,819;0;1;;0,819;0;0,028;0,397;0,069;0,48
0,798;0;1;;0,798;0;0,032;0,304;0,099;0,458
0,739;0;1;;0,739;0;0,077;0,259;0,117;0,453
0,724;0,017;1;;0,724;0,017;0,152;0,216;0,124;0,442
0,758;0,039;1;;0,758;0,039;0,231;0,168;0,118;0,317
0,715;0,097;1;;0,715;0,097;0,28;0,127;0,128;0,246
0,753;0,14;1;;0,753;0,14;0,294;0,084;0,157;0,145
0,802;0,21;1;;0,802;0,21;0,292;0,044;0,189;0,062
0,704;0,198;1;;0,704;0,198;0,287;0,013;0,232;0,007
0,674;0,071;1;;0,674;0,071;0,286;0;0,286;0
0,798;0,012;1;;0,798;0,012;0,284;0;0,279;0
0,847;0;1;;0,847;0;0,272;0;0,241;0
0,85;0;1;;0,85;0;0,262;0;0,199;0
0,87;0;1;;0,87;0;0,257;0;0,189;0
0,9;0;1;;0,9;0;0,268;0;0,212;0
0,934;0;1;;0,934;0;0,312;0;0,253;0
0,961;0;1;;0,961;0;0,367;0;0,279;0
0,986;0;1;;0,986;0;0,389;0;0,257;0
0,981;0;1;;0,981;0;0,365;0,026;0,213;0,013
0,975;0;1;;0,975;0;0,253;0,098;0,187;0,069
0,97;0;1;;0,97;0;0,18;0,264;0,214;0,159
0,937;0;1;;0,937;0;0,117;0,432;0,224;0,296
0,906;0;1;;0,906;0;0,084;0,568;0,214;0,492
0,913;0;1;;0,913;0;0,092;0,653;0,203;0,616
0,914;0;1;;0,914;0;0,127;0,71;0,21;0,654
0,954;0;1;;0,954;0;0,189;0,707;0,223;0,65
0,98;0,003;1;;0,98;0,003;0,268;0,69;0,23;0,584
0,984;0,115;1;;0,984;0,115;0,354;0,627;0,228;0,501
0,97;0,21;1;;0,97;0,21;0,427;0,521;0,213;0,44
0,961;0,335;1;;0,961;0,335;0,485;0,372;0,198;0,347
0,963;0,5;1;;0,963;0,5;0,533;0,213;0,179;0,188
0,969;0,484;1;;0,969;0,484;0,54;0,086;0,16;0,074
0,983;0,394;1;;0,983;0,394;0,526;0,018;0,17;0,01
0,987;0,238;1;;0,987;0,238;0,511;0;0,204;0
0,984;0,053;1;;0,984;0,053;0,478;0;0,244;0
0,979;0;1;;0,979;0;0,439;0;0,275;0
0,972;0;1;;0,972;0;0,401;0;0,275;0
0,966;0;1;;0,966;0;0,379;0;0,253;0
0,964;0;1;;0,964;0;0,378;0;0,225;0
0,96;0;1;;0,96;0;0,393;0;0,201;0
0,952;0;1;;0,952;0;0,418;0;0,181;0
0,952;0;1;;0,952;0;0,427;0;0,168;0
0,952;0;1;;0,952;0;0,421;0,022;0,15;0,016
0,962;0;1;;0,962;0;0,382;0,075;0,068;0,081
0,959;0;1;;0,959;0;0,386;0,128;0,026;0,248
0,959;0;1;;0,959;0;0,41;0,193;0,007;0,421
0,972;0;1;;0,972;0;0,424;0,259;0,015;0,568
0,966;0;1;;0,966;0;0,436;0,332;0,021;0,673
0,949;0;1;;0,949;0;0,443;0,48;0,024;0,733
0,899;0;1;;0,899;0;0,449;0,577;0,026;0,746
0,819;0,002;1;;0,819;0,002;0,447;0,637;0,026;0,721
0,76;0,036;1;;0,76;0,036;0,443;0,566;0,024;0,655
0,809;0,064;1;;0,809;0,064;0,42;0,48;0,024;0,543
0,84;0,059;1;;0,84;0,059;0,39;0,357;0,022;0,382
0,874;0,046;1;;0,874;0,046;0,34;0,211;0,022;0,218
0,912;0,037;1;;0,912;0,037;0,263;0,09;0,025;0,074
0,925;0,026;1;;0,925;0,026;0,207;0,018;0,062;0,007
0,929;0,015;1;;0,929;0,015;0,161;0;0,134;0
0,916;0,003;1;;0,916;0,003;0,114;0;0,215;0
0,882;0;1;;0,882;0;0,07;0;0,284;0
0,814;0;1;;0,814;0;0,037;0;0,339;0
0,808;0;1;;0,808;0;0,032;0;0,368;0
0,805;0;1;;0,805;0;0,052;0;0,382;0
0,835;0;1;;0,835;0;0,083;0;0,372;0
0,832;0;1;;0,832;0;0,128;0;0,342;0
0,816;0;1;;0,816;0;0,189;0;0,346;0
0,788;0;1;;0,788;0;0,245;0,007;0,331;0,015
0,819;0;1;;0,819;0;0,262;0,039;0,182;0,081
0,882;0;1;;0,882;0;0,227;0,127;0,134;0,145
0,91;0;1;;0,91;0;0,224;0,275;0,141;0,199
0,917;0;1;;0,917;0;0,247;0,37;0,155;0,211
0,907;0;1;;0,907;0;0,236;0,442;0,157;0,233
0,904;0;1;;0,904;0;0,211;0,381;0,172;0,324
0,917;0;1;;0,917;0;0,167;0,312;0,207;0,526
0,942;0,013;1;;0,942;0,013;0,115;0,247;0,255;0,548
0,967;0,135;1;;0,967;0,135;0,068;0,198;0,296;0,469
0,984;0,338;1;;0,984;0,338;0,044;0,23;0,32;0,386
0,98;0,419;1;;0,98;0,419;0,056;0,286;0,312;0,275
0,94;0,412;1;;0,94;0,412;0,084;0,194;0,293;0,166
0,899;0,331;1;;0,899;0,331;0,119;0,078;0,281;0,065
0,86;0,23;1;;0,86;0,23;0,188;0,012;0,319;0,007
0,864;0,115;1;;0,864;0,115;0,32;0;0,333;0
0,902;0,018;1;;0,902;0,018;0,502;0;0,282;0
0,938;0;1;;0,938;0;0,664;0;0,185;0
0,966;0;1;;0,966;0;0,728;0;0,085;0
0,986;0;1;;0,986;0;0,736;0;0,026;0
0,979;0;1;;0,979;0;0,771;0;0,018;0
0,968;0;1;;0,968;0;0,823;0;0,077;0
0,966;0;1;;0,966;0;0,814;0;0,177;0
0,971;0;1;;0,971;0;0,729;0;0,244;0
0,98;0;1;;0,98;0;0,602;0,017;0,233;0,007
0,985;0;1;;0,985;0;0,465;0,076;0,117;0,064
0,987;0;1;;0,987;0;0,424;0,201;0,114;0,126
0,987;0;1;;0,987;0;0,445;0,391;0,181;0,251
0,987;0;1;;0,987;0;0,481;0,555;0,214;0,376
0,986;0;1;;0,986;0;0,515;0,643;0,242;0,542
0,987;0;1;;0,987;0;0,539;0,675;0,287;0,511
0,986;0;1;;0,986;0;0,572;0,691;0,317;0,39
0,986;0,009;1;;0,986;0,009;0,586;0,671;0,314;0,42
0,987;0,062;1;;0,987;0,062;0,573;0,534;0,296;0,326
0,985;0,096;1;;0,985;0,096;0,522;0,344;0,266;0,165
0,983;0,134;1;;0,983;0,134;0,479;0,259;0,2;0,096
0,985;0,163;1;;0,985;0,163;0,437;0,169;0,14;0,1
0,987;0,113;1;;0,987;0,113;0,368;0,075;0,113;0,066
0,987;0,053;1;;0,987;0,053;0,33;0,012;0,092;0,007
0,987;0,043;1;;0,987;0,043;0,259;0;0,059;0
0,983;0,016;1;;0,983;0,016;0,178;0;0,042;0
0,974;0;1;;0,974;0;0,112;0;0,048;0
0,962;0;1;;0,962;0;0,09;0;0,064;0
0,953;0;1;;0,953;0;0,14;0;0,092;0
0,943;0;1;;0,943;0;0,256;0;0,118;0
0,929;0;1;;0,929;0;0,411;0;0,15;0
0,919;0;1;;0,919;0;0,555;0;0,178;0
0,888;0;1;;0,888;0;0,642;0;0,183;0
0,889;0;1;;0,889;0;0,659;0,021;0,167;0,002
0,895;0;1;;0,895;0;0,572;0,09;0,121;0,028
0,902;0;1;;0,902;0;0,505;0,222;0,108;0,078
0,904;0;1;;0,904;0;0,548;0,376;0,129;0,133
0,893;0;1;;0,893;0;0,61;0,517;0,131;0,133
0,818;0;1;;0,818;0;0,659;0,621;0,134;0,16
0,652;0;1;;0,652;0;0,695;0,675;0,151;0,193
0,431;0;1;;0,431;0;0,706;0,693;0,145;0,17
0,282;0,019;1;;0,282;0,019;0,704;0,667;0,121;0,156
0,186;0,11;1;;0,186;0,11;0,704;0,607;0,106;0,138
0,136;0,148;1;;0,136;0,148;0,7;0,507;0,093;0,123
0,143;0,127;1;;0,143;0,127;0,68;0,372;0,072;0,113
0,208;0,144;1;;0,208;0,144;0,655;0,217;0,087;0,156
0,299;0,213;1;;0,299;0,213;0,621;0,081;0,112;0,08
0,483;0,199;1;;0,483;0,199;0,623;0,014;0,178;0,008
0,664;0,119;1;;0,664;0,119;0,667;0;0,266;0
0,815;0,021;1;;0,815;0,021;0,672;0;0,351;0
0,887;0;1;;0,887;0;0,673;0;0,4;0
0,932;0;1;;0,932;0;0,685;0;0,397;0
0,956;0;1;;0,956;0;0,713;0;0,368;0
0,967;0;1;;0,967;0;0,757;0;0,346;0
0,973;0;1;;0,973;0;0,783;0;0,313;0
0,978;0;1;;0,978;0;0,788;0;0,291;0
0,981;0;1;;0,981;0;0,788;0;0,26;0
0,984;0;1;;0,984;0;0,78;0,017;0,212;0,012
0,986;0;1;;0,986;0;0,762;0,083;0,114;0,082
0,987;0;1;;0,987;0;0,78;0,209;0,07;0,187
0,987;0;1;;0,987;0;0,842;0,358;0,108;0,22
0,987;0;1;;0,987;0;0,888;0,505;0,15;0,308
0,986;0;1;;0,986;0;0,923;0,632;0,193;0,367
0,984;0;1;;0,984;0;0,94;0,716;0,221;0,412
0,985;0;1;;0,985;0;0,949;0,747;0,234;0,445
0,98;0,001;1;;0,98;0,001;0,954;0,708;0,243;0,545
0,962;0,03;1;;0,962;0,03;0,956;0,636;0,246;0,641
0,958;0,067;1;;0,958;0,067;0,954;0,529;0,227;0,496
0,979;0,095;1;;0,979;0,095;0,946;0,389;0,21;0,27
0,987;0,08;1;;0,987;0,08;0,932;0,229;0,158;0,106
0,982;0,042;1;;0,982;0,042;0,906;0,081;0,098;0,072
0,97;0,031;1;;0,97;0,031;0,864;0,013;0,042;0,006
0,948;0,019;1;;0,948;0,019;0,84;0;0,015;0
0,922;0,003;1;;0,922;0,003;0,827;0;0,021;0
0,923;0;1;;0,923;0;0,816;0;0,037;0
0,929;0;1;;0,929;0;0,808;0;0,064;0
0,939;0;1;;0,939;0;0,775;0;0,106;0
0,945;0;1;;0,945;0;0,705;0;0,158;0
0,942;0;1;;0,942;0;0,606;0;0,22;0
0,927;0;1;;0,927;0;0,522;0;0,26;0
0,916;0;1;;0,916;0;0,373;0;0,275;0
0,918;0;1;;0,918;0;0,213;0,022;0,267;0,009
0,926;0;1;;0,926;0;0,082;0,095;0,213;0,034
0,934;0;1;;0,934;0;0,07;0,167;0,127;0,099
0,942;0;1;;0,942;0;0,129;0,2;0,113;0,266
0,958;0;1;;0,958;0;0,186;0,305;0,233;0,31
0,975;0;1;;0,975;0;0,248;0,428;0,287;0,297
0,986;0;1;;0,986;0;0,302;0,465;0,3;0,429
0,987;0;1;;0,987;0;0,334;0,456;0,307;0,528
0,987;0,02;1;;0,987;0,02;0,438;0,339;0,332;0,446
0,985;0,157;1;;0,985;0,157;0,608;0,245;0,351;0,436
0,979;0,361;1;;0,979;0,361;0,664;0,146;0,352;0,399
0,955;0,508;1;;0,955;0,508;0,646;0,099;0,33;0,222
0,929;0,466;1;;0,929;0,466;0,803;0,041;0,228;0,108
0,915;0,385;1;;0,915;0,385;0,89;0,015;0,148;0,037
0,917;0,253;1;;0,917;0,253;0,869;0,007;0,088;0,001
0,915;0,116;1;;0,915;0,116;0,859;0;0,063;0
0,938;0,017;1;;0,938;0,017;0,84;0;0,089;0
0,954;0;1;;0,954;0;0,84;0;0,164;0
0,971;0;1;;0,971;0;0,885;0;0,266;0
0,977;0;1;;0,977;0;0,801;0;0,333;0
0,981;0;1;;0,981;0;0,708;0;0,445;0
0,984;0;1;;0,984;0;0,687;0;0,487;0
0,987;0;1;;0,987;0;0,765;0;0,458;0
0,987;0;1;;0,987;0;0,815;0;0,478;0
0,986;0;1;;0,986;0;0,84;0,018;0,525;0,01
0,983;0;1;;0,983;0;0,805;0,087;0,594;0,07
0,984;0;1;;0,984;0;0,864;0,248;0,575;0,088
0,98;0;1;;0,98;0;0,892;0,421;0,686;0,197
0,977;0;1;;0,977;0;0,928;0,573;0,782;0,457
0,972;0;1;;0,972;0;0,954;0,635;0,811;0,636
0,969;0;1;;0,969;0;0,969;0,689;0,814;0,694
0,967;0;1;;0,967;0;0,978;0,639;0,816;0,715
0,963;0,036;1;;0,963;0,036;0,984;0,583;0,808;0,7
0,972;0,14;1;;0,972;0,14;0,986;0,615;0,799;0,657
0,984;0,267;1;;0,984;0,267;0,985;0,521;0,788;0,545
0,987;0,3;1;;0,987;0,3;0,983;0,391;0,775;0,396
0,987;0,23;1;;0,987;0,23;0,981;0,218;0,749;0,215
0,986;0,227;1;;0,986;0,227;0,984;0,073;0,671;0,068
0,987;0,172;1;;0,987;0,172;0,987;0,01;0,602;0,005
0,985;0,179;1;;0,985;0,179;0,987;0;0,59;0
0,976;0,059;1;;0,976;0,059;0,986;0;0,569;0
0,964;0;1;;0,964;0;0,984;0;0,544;0
0,947;0;1;;0,947;0;0,985;0;0,494;0
0,927;0;1;;0,927;0;0,987;0;0,452;0
0,909;0;1;;0,909;0;0,987;0;0,432;0
0,9;0;1;;0,9;0;0,986;0;0,386;0
0,881;0;1;;0,881;0;0,981;0;0,346;0
0,854;0;1;;0,854;0;0,974;0;0,311;0
0,813;0;1;;0,813;0;0,968;0,018;0,268;0,01
0,782;0;1;;0,782;0;0,963;0,088;0,128;0,074
0,74;0;1;;0,74;0;0,974;0,257;0,087;0,173
0,682;0;1;;0,682;0;0,976;0,4;0,181;0,311
0,624;0;1;;0,624;0;0,974;0,483;0,27;0,521
0,591;0;1;;0,591;0;0,973;0,639;0,304;0,686
0,577;0;1;;0,577;0;0,967;0,71;0,29;0,741
0,575;0;1;;0,575;0;0,96;0,635;0,26;0,751
0,554;0,035;1;;0,554;0,035;0,942;0,562;0,232;0,731
0,483;0,124;1;;0,483;0,124;0,925;0,638;0,222;0,623
0,554;0,217;1;;0,554;0,217;0,898;0,531;0,301;0,459
0,589;0,258;1;;0,589;0,258;0,861;0,251;0,483;0,227
0,571;0,336;1;;0,571;0,336;0,776;0,138;0,558;0,1
0,552;0,32;1;;0,552;0,32;0,722;0,054;0,396;0,034
0,538;0,389;1;;0,538;0,389;0,709;0,007;0,2;0,001
0,465;0,244;1;;0,465;0,244;0,734;0;0,108;0
0,443;0,086;1;;0,443;0,086;0,731;0;0,098;0
0,474;0;1;;0,474;0;0,703;0;0,153;0
0,489;0;1;;0,489;0;0,7;0;0,257;0
0,489;0;1;;0,489;0;0,72;0;0,323;0
0,477;0;1;;0,477;0;0,774;0;0,338;0
0,464;0;1;;0,464;0;0,836;0;0,313;0
0,451;0;1;;0,451;0;0,864;0;0,268;0
0,446;0;1;;0,446;0;0,872;0;0,221;0
0,46;0;1;;0,46;0;0,862;0,016;0,17;0,008
0,476;0;1;;0,476;0;0,826;0,085;0,088;0,07
0,5;0;1;;0,5;0;0,876;0,244;0,082;0,234
0,538;0;1;;0,538;0;0,883;0,413;0,087;0,388
0,581;0;1;;0,581;0;0,885;0,551;0,098;0,478
0,569;0;1;;0,569;0;0,882;0,631;0,114;0,548
0,539;0;1;;0,539;0;0,865;0,677;0,128;0,645
0,518;0;1;;0,518;0;0,835;0,688;0,135;0,68
0,492;0,112;1;;0,492;0,112;0,799;0,653;0,14;0,633
0,376;0,346;1;;0,376;0,346;0,755;0,596;0,167;0,493
0,335;0,513;1;;0,335;0,513;0,704;0,497;0,224;0,311
0,347;0,597;1;;0,347;0,597;0,66;0,363;0,253;0,163
0,351;0,6;1;;0,351;0,6;0,6;0,191;0,262;0,124
0,382;0,518;1;;0,382;0,518;0,514;0,065;0,262;0,052
0,442;0,363;1;;0,442;0,363;0,451;0,005;0,248;0,003
0,468;0,165;1;;0,468;0,165;0,431;0;0,236;0
0,54;0,046;1;;0,54;0,046;0,41;0;0,22;0
0,645;0;1;;0,645;0;0,432;0;0,231;0
0,667;0;1;;0,667;0;0,464;0;0,252;0
0,653;0;1;;0,653;0;0,507;0;0,28;0
0,646;0;1;;0,646;0;0,558;0;0,32;0
0,653;0;1;;0,653;0;0,599;0;0,334;0
0,67;0;1;;0,67;0;0,605;0;0,321;0
0,674;0;1;;0,674;0;0,603;0;0,317;0
0,669;0;1;;0,669;0;0,573;0,005;0,297;0,007
0,705;0;1;;0,705;0;0,514;0,051;0,234;0,072
0,753;0;1;;0,753;0;0,501;0,125;0,361;0,22
0,744;0;1;;0,744;0;0,476;0,189;0,394;0,418
0,717;0;1;;0,717;0;0,476;0,218;0,378;0,584
0,728;0;1;;0,728;0;0,496;0,202;0,344;0,692
0,767;0;1;;0,767;0;0,511;0,227;0,312;0,749
0,784;0;1;;0,784;0;0,519;0,295;0,303;0,762
0,775;0,025;1;;0,775;0,025;0,532;0,317;0,295;0,722
0,695;0,083;1;;0,695;0,083;0,566;0,365;0,277;0,623
0,645;0,108;1;;0,645;0,108;0,599;0,354;0,265;0,479
0,629;0,086;1;;0,629;0,086;0,607;0,283;0,266;0,305
0,639;0,074;1;;0,639;0,074;0,611;0,174;0,27;0,146
0,661;0,066;1;;0,661;0,066;0,61;0,064;0,252;0,047
0,649;0,053;1;;0,649;0,053;0,654;0,005;0,269;0,002
0,67;0,03;1;;0,67;0,03;0,694;0;0,309;0
0,714;0,008;1;;0,714;0,008;0,69;0;0,302;0
0,762;0;1;;0,762;0;0,682;0;0,26;0
0,796;0;1;;0,796;0;0,671;0;0,192;0
0,81;0;1;;0,81;0;0,659;0;0,12;0
0,813;0;1;;0,813;0;0,649;0;0,071;0
0,808;0;1;;0,808;0;0,65;0;0,047;0
0,777;0;1;;0,777;0;0,671;0;0,048;0
0,747;0;1;;0,747;0;0,681;0;0,058;0
0,74;0;1;;0,74;0;0,671;0,009;0,063;0,005
0,784;0;1;;0,784;0;0,619;0,071;0,046;0,068
0,827;0;1;;0,827;0;0,591;0,209;0,042;0,238
0,855;0;1;;0,855;0;0,632;0,341;0,05;0,417
0,882;0;1;;0,882;0;0,659;0,434;0,068;0,558
0,879;0;1;;0,879;0;0,674;0,499;0,087;0,675
0,878;0;1;;0,878;0;0,686;0,571;0,1;0,742
0,87;0;1;;0,87;0;0,691;0,622;0,105;0,762
0,819;0,049;1;;0,819;0,049;0,675;0,617;0,101;0,742
0,692;0,163;1;;0,692;0,163;0,629;0,619;0,099;0,677
0,671;0,284;1;;0,671;0,284;0,551;0,544;0,104;0,563
0,673;0,442;1;;0,673;0,442;0,458;0,398;0,114;0,395
0,632;0,565;1;;0,632;0,565;0,356;0,218;0,125;0,181
0,584;0,568;1;;0,584;0,568;0,261;0,063;0,135;0,041
0,489;0,482;1;;0,489;0,482;0,177;0,003;0,187;0,001
0,382;0,324;1;;0,382;0,324;0,145;0;0,257;0
0,426;0,123;1;;0,426;0,123;0,247;0;0,337;0
0,519;0;1;;0,519;0;0,486;0;0,429;0
0,586;0;1;;0,586;0;0,674;0;0,51;0
0,62;0;1;;0,62;0;0,76;0;0,526;0
0,632;0;1;;0,632;0;0,805;0;0,475;0
0,632;0;1;;0,632;0;0,849;0;0,419;0
0,654;0;1;;0,654;0;0,869;0;0,378;0
0,713;0;1;;0,713;0;0,859;0;0,365;0
0,783;0;1;;0,783;0;0,836;0,002;0,348;0
0,827;0;1;;0,827;0;0,828;0,037;0,326;0,013
0,835;0;1;;0,835;0;0,828;0,103;0,295;0,037
0,824;0;1;;0,824;0;0,864;0,203;0,284;0,073
0,811;0;1;;0,811;0;0,858;0,303;0,389;0,141
0,832;0;1;;0,832;0;0,806;0,36;0,483;0,248
0,856;0;1;;0,856;0;0,746;0,366;0,493;0,413
0,849;0;1;;0,849;0;0,716;0,322;0,521;0,538
0,835;0,041;1;;0,835;0,041;0,697;0,288;0,582;0,577
0,783;0,219;1;;0,783;0,219;0,7;0,259;0,633;0,473
0,835;0,387;1;;0,835;0,387;0,77;0,296;0,642;0,348
0,839;0,579;1;;0,839;0,579;0,814;0,269;0,644;0,21
0,798;0,52;1;;0,798;0,52;0,814;0,186;0,574;0,071
0,757;0,387;1;;0,757;0,387;0,784;0,07;0,449;0,018
0,717;0,3;1;;0,717;0,3;0,773;0,006;0,396;0
0,595;0,138;1;;0,595;0,138;0,776;0;0,406;0
0,579;0,06;1;;0,579;0,06;0,792;0;0,419;0
0,642;0;1;;0,642;0;0,807;0;0,424;0
0,639;0;1;;0,639;0;0,801;0;0,41;0
0,608;0;1;;0,608;0;0,797;0;0,385;0
0,598;0;1;;0,598;0;0,787;0;0,34;0
0,576;0;1;;0,576;0;0,792;0;0,32;0
0,553;0;1;;0,553;0;0,798;0;0,294;0
0,516;0;1;;0,516;0;0,775;0;0,279;0
0,472;0;1;;0,472;0;0,737;0,009;0,26;0,005
0,443;0;1;;0,443;0;0,672;0,071;0,143;0,069
0,462;0;1;;0,462;0;0,632;0,193;0,111;0,238
0,515;0;1;;0,515;0;0,586;0,379;0,124;0,425
0,573;0;1;;0,573;0;0,474;0,534;0,15;0,577
0,595;0;1;;0,595;0;0,419;0,666;0,159;0,68
0,611;0;1;;0,611;0;0,425;0,732;0,154;0,7
0,642;0;1;;0,642;0;0,497;0,677;0,156;0,625
0,68;0,097;1;;0,68;0,097;0,527;0,443;0,176;0,436
0,613;0,251;1;;0,613;0,251;0,493;0,301;0,177;0,45
0,475;0,286;1;;0,475;0,286;0,438;0,314;0,164;0,402
0,626;0,319;1;;0,626;0,319;0,395;0,308;0,154;0,273
0,692;0,345;1;;0,692;0,345;0,369;0,18;0,148;0,145
0,76;0,28;1;;0,76;0,28;0,374;0,051;0,136;0,044
0,747;0,185;1;;0,747;0,185;0,476;0,001;0,109;0
0,664;0,12;1;;0,664;0,12;0,636;0;0,112;0
0,654;0,043;1;;0,654;0,043;0,753;0;0,161;0
0,76;0;1;;0,76;0;0,793;0;0,214;0
0,802;0;1;;0,802;0;0,797;0;0,304;0
0,775;0;1;;0,775;0;0,817;0;0,403;0
0,765;0;1;;0,765;0;0,864;0;0,442;0
0,802;0;1;;0,802;0;0,898;0;0,434;0
0,824;0;1;;0,824;0;0,895;0;0,41;0
0,842;0;1;;0,842;0;0,898;0;0,412;0
0,835;0;1;;0,835;0;0,886;0;0,407;0,002
0,829;0;1;;0,829;0;0,879;0,027;0,298;0,044
0,772;0;1;;0,772;0;0,889;0,076;0,22;0,099
0,64;0;1;;0,64;0;0,898;0,121;0,3;0,11
0,509;0;1;;0,509;0;0,922;0,188;0,366;0,135
0,496;0;1;;0,496;0;0,929;0,275;0,464;0,153
0,602;0;1;;0,602;0;0,919;0,353;0,616;0,157
0,576;0;1;;0,576;0;0,892;0,394;0,676;0,147
0,468;0,141;1;;0,468;0,141;0,848;0,423;0,642;0,173
0,368;0,401;1;;0,368;0,401;0,814;0,436;0,652;0,257
0,258;0,572;1;;0,258;0,572;0,773;0,348;0,625;0,313
0,174;0,664;1;;0,174;0,664;0,703;0,267;0,522;0,099
0,098;0,696;1;;0,098;0,696;0,592;0,158;0,407;0,053
0,094;0,666;1;;0,094;0,666;0,513;0,049;0,323;0,017
0,048;0,572;1;;0,048;0,572;0,487;0,002;0,3;0
0,018;0,415;1;;0,018;0,415;0,462;0;0,298;0
0,019;0,189;1;;0,019;0,189;0,453;0;0,314;0
0,028;0,001;1;;0,028;0,001;0,397;0;0,311;0
0,027;0;1;;0,027;0;0,286;0;0,314;0
0,018;0;1;;0,018;0;0,216;0;0,331;0
0,05;0;1;;0,05;0;0,22;0;0,335;0
0,106;0;1;;0,106;0;0,164;0;0,332;0
0,169;0;1;;0,169;0;0,154;0;0,332;0
0,202;0;1;;0,202;0;0,223;0;0,336;0
0,194;0;1;;0,194;0;0,324;0,001;0,336;0,002
0,155;0;1;;0,155;0;0,428;0,017;0,259;0,06
0,119;0;1;;0,119;0;0,497;0,046;0,262;0,201
0,131;0;1;;0,131;0;0,487;0,093;0,432;0,341
0,184;0;1;;0,184;0;0,4;0,177;0,597;0,373
0,21;0;1;;0,21;0;0,366;0,26;0,697;0,345
0,214;0;1;;0,214;0;0,407;0,332;0,775;0,576
0,261;0;1;;0,261;0;0,445;0,304;0,85;0,701
0,296;0,162;1;;0,296;0,162;0,472;0,288;0,879;0,625
0,211;0,396;1;;0,211;0,396;0,478;0,236;0,875;0,533
0,133;0,56;1;;0,133;0,56;0,497;0,242;0,851;0,45
0,177;0,65;1;;0,177;0,65;0,556;0,233;0,819;0,292
0,224;0,678;1;;0,224;0,678;0,634;0,15;0,747;0,149
0,257;0,647;1;;0,257;0,647;0,646;0,054;0,573;0,031
0,281;0,557;1;;0,281;0,557;0,689;0,003;0,424;0
0,278;0,398;1;;0,278;0,398;0,753;0;0,307;0
0,327;0,175;1;;0,327;0,175;0,77;0;0,237;0
0,42;0,002;1;;0,42;0,002;0,773;0;0,156;0
0,497;0;1;;0,497;0;0,779;0;0,097;0
0,568;0;1;;0,568;0;0,798;0;0,203;0
0,615;0;1;;0,615;0;0,806;0;0,234;0
0,632;0;1;;0,632;0;0,819;0;0,264;0
0,623;0;1;;0,623;0;0,838;0;0,264;0
0,573;0;1;;0,573;0;0,831;0;0,358;0
0,535;0;1;;0,535;0;0,812;0,007;0,291;0
0,532;0;1;;0,532;0;0,79;0,073;0,199;0,027
0,518;0;1;;0,518;0;0,82;0,221;0,153;0,224
0,478;0;1;;0,478;0;0,859;0,392;0,242;0,432
0,495;0;1;;0,495;0;0,884;0,548;0,3;0,586
0,516;0;1;;0,516;0;0,907;0,654;0,312;0,692
0,421;0;1;;0,421;0;0,917;0,727;0,296;0,748
0,37;0;1;;0,37;0;0,922;0,754;0,28;0,763
0,41;0,127;1;;0,41;0,127;0,922;0,728;0,274;0,728
0,298;0,355;1;;0,298;0,355;0,915;0,651;0,271;0,636
0,131;0,545;1;;0,131;0,545;0,901;0,529;0,254;0,532
0,118;0,634;1;;0,118;0,634;0,878;0,35;0,218;0,373
0,193;0,665;1;;0,193;0,665;0,835;0,174;0,207;0,196
0,128;0,638;1;;0,128;0,638;0,782;0,053;0,207;0,048
0,057;0,555;1;;0,057;0,555;0,757;0,002;0,223;0
0,025;0,406;1;;0,025;0,406;0,763;0;0,224;0
0,018;0,189;1;;0,018;0,189;0,769;0;0,226;0
0,025;0,003;1;;0,025;0,003;0,766;0;0,233;0
0,046;0;1;;0,046;0;0,76;0;0,237;0
0,08;0;1;;0,08;0;0,757;0;0,247;0
0,136;0;1;;0,136;0;0,747;0;0,249;0
0,212;0;1;;0,212;0;0,749;0;0,223;0
0,267;0;1;;0,267;0;0,757;0;0,183;0
0,257;0;1;;0,257;0;0,761;0;0,177;0
0,217;0;1;;0,217;0;0,753;0,005;0,179;0,002
0,201;0;1;;0,201;0;0,675;0,068;0,134;0,05
0,21;0;1;;0,21;0;0,655;0,208;0,093;0,141
0,266;0;1;;0,266;0;0,712;0,376;0,117;0,192
0,343;0;1;;0,343;0;0,708;0,527;0,125;0,18
0,372;0;1;;0,372;0;0,688;0,64;0,117;0,232
0,356;0;1;;0,356;0;0,659;0,711;0,096;0,243
0,378;0;1;;0,378;0;0,627;0,737;0,089;0,218
0,407;0,026;1;;0,407;0,026;0,599;0,707;0,095;0,201
0,462;0,093;1;;0,462;0,093;0,571;0,637;0,106;0,18
0,569;0,195;1;;0,569;0,195;0,533;0,519;0,116;0,143
0,649;0,476;1;;0,649;0,476;0,483;0,361;0,115;0,09
0,705;0,584;1;;0,705;0,584;0,439;0,189;0,099;0,046
0,721;0,613;1;;0,721;0,613;0,41;0,052;0,088;0,014
0,707;0,542;1;;0,707;0,542;0,418;0,001;0,093;0
0,649;0,397;1;;0,649;0,397;0,418;0;0,129;0
0,667;0,185;1;;0,667;0,185;0,422;0;0,169;0
0,788;0,005;1;;0,788;0,005;0,46;0;0,197;0
0,837;0;1;;0,837;0;0,539;0;0,203;0
0,808;0;1;;0,808;0;0,613;0;0,182;0
0,746;0;1;;0,746;0;0,679;0;0,133;0
0,649;0;1;;0,649;0;0,726;0;0,083;0
0,592;0;1;;0,592;0;0,755;0;0,048;0
0,565;0;1;;0,565;0;0,75;0;0,027;0
0,581;0;1;;0,581;0;0,706;0,004;0,019;0,002
0,616;0;1;;0,616;0;0,586;0,062;0,025;0,059
0,636;0;1;;0,636;0;0,46;0,208;0,02;0,231
0,623;0;1;;0,623;0;0,412;0,374;0,013;0,417
0,626;0;1;;0,626;0;0,36;0,535;0,014;0,573
0,626;0;1;;0,626;0;0,336;0,637;0,015;0,684
0,661;0;1;;0,661;0;0,327;0,703;0,012;0,748
0,703;0;1;;0,703;0;0,327;0,724;0,009;0,765
0,713;0,019;1;;0,713;0,019;0,321;0,696;0,008;0,736
0,77;0,09;1;;0,77;0,09;0,299;0,629;0,011;0,663
0,89;0,2;1;;0,89;0,2;0,262;0,518;0,018;0,545
0,92;0,352;1;;0,92;0,352;0,209;0,367;0,029;0,385
0,933;0,412;1;;0,933;0,412;0,149;0,192;0,046;0,2
0,932;0,328;1;;0,932;0,328;0,104;0,051;0,082;0,047
0,914;0,271;1;;0,914;0,271;0,068;0,001;0,128;0
0,831;0,119;1;;0,831;0,119;0,043;0;0,155;0
0,772;0,04;1;;0,772;0,04;0,049;0;0,154;0
0,807;0;1;;0,807;0;0,087;0;0,145;0
0,801;0;1;;0,801;0;0,152;0;0,144;0
0,779;0;1;;0,779;0;0,247;0;0,153;0
0,75;0;1;;0,75;0;0,375;0;0,158;0
0,705;0;1;;0,705;0;0,515;0;0,157;0
0,65;0;1;;0,65;0;0,627;0;0,166;0
0,556;0;1;;0,556;0;0,676;0;0,188;0
0,401;0;1;;0,401;0;0,67;0,004;0,215;0,001
0,197;0;1;;0,197;0;0,573;0,067;0,181;0,057
0,039;0;1;;0,039;0;0,415;0,227;0,111;0,237
0,002;0;1;;0,002;0;0,375;0,413;0,205;0,424
0,013;0;1;;0,013;0;0,476;0,561;0,243;0,576
0,079;0;1;;0,079;0;0,576;0,642;0,183;0,686
0,18;0;1;;0,18;0;0,649;0,55;0,133;0,749
0,247;0;1;;0,247;0;0,68;0,5;0,097;0,767
0,254;0,006;1;;0,254;0,006;0,704;0,646;0,072;0,74
0,221;0,03;1;;0,221;0,03;0,716;0,628;0,057;0,668
0,227;0,07;1;;0,227;0,07;0,692;0,522;0,048;0,551
0,286;0,125;1;;0,286;0,125;0,612;0,367;0,042;0,392
0,443;0,223;1;;0,443;0,223;0,495;0,194;0,04;0,206
0,589;0,312;1;;0,589;0,312;0,41;0,049;0,046;0,044
0,671;0,36;1;;0,671;0,36;0,334;0,001;0,047;0
0,638;0,216;1;;0,638;0,216;0,245;0;0,048;0
0,64;0,098;1;;0,64;0,098;0,174;0;0,045;0
0,735;0,003;1;;0,735;0,003;0,138;0;0,042;0
0,599;0;1;;0,599;0;0,117;0;0,04;0
0,403;0;1;;0,403;0;0,12;0;0,039;0
0,176;0;1;;0,176;0;0,182;0;0,042;0
0,036;0;1;;0,036;0;0,299;0;0,05;0
0,062;0;1;;0,062;0;0,43;0;0,061;0
0,02;0;1;;0,02;0;0,545;0;0,068;0
0,105;0;1;;0,105;0;0,624;0,003;0,075;0,001
0,166;0;1;;0,166;0;0,618;0,053;0,079;0,056
0,19;0;1;;0,19;0;0,516;0,138;0,044;0,236
0,187;0;1;;0,187;0;0,511;0,269;0,043;0,425
0,24;0;1;;0,24;0;0,518;0,454;0,082;0,573
0,365;0;1;;0,365;0;0,504;0,589;0,089;0,68
0,533;0;1;;0,533;0;0,495;0,664;0,086;0,741
0,649;0;1;;0,649;0;0,464;0,701;0,083;0,756
0,714;0,004;1;;0,714;0,004;0,41;0,691;0,086;0,729
0,765;0,02;1;;0,765;0,02;0,348;0,627;0,093;0,657
0,806;0,046;1;;0,806;0,046;0,285;0,508;0,104;0,541
0,887;0,085;1;;0,887;0,085;0,229;0,352;0,117;0,385
0,93;0,132;1;;0,93;0,132;0,196;0,19;0,133;0,201
0,943;0,129;1;;0,943;0,129;0,207;0,049;0,15;0,042
0,922;0,095;1;;0,922;0,095;0,257;0;0,148;0
0,904;0,051;1;;0,904;0,051;0,281;0;0,149;0
0,908;0,014;1;;0,908;0,014;0,287;0;0,149;0
0,913;0;1;;0,913;0;0,275;0;0,155;0
0,927;0;1;;0,927;0;0,281;0;0,167;0
0,913;0;1;;0,913;0;0,32;0;0,166;0
0,876;0;1;;0,876;0;0,378;0;0,154;0
0,879;0;1;;0,879;0;0,432;0;0,149;0
0,808;0;1;;0,808;0;0,469;0;0,159;0
0,779;0;1;;0,779;0;0,511;0;0,175;0
0,73;0;1;;0,73;0;0,54;0,003;0,196;0,001
0,667;0;1;;0,667;0;0,485;0,064;0,166;0,054
0,641;0;1;;0,641;0;0,356;0,229;0,076;0,231
0,616;0;1;;0,616;0;0,372;0,409;0,086;0,418
0,599;0;1;;0,599;0;0,44;0,559;0,134;0,566
0,578;0;1;;0,578;0;0,502;0,666;0,12;0,673
0,551;0;1;;0,551;0;0,526;0,727;0,104;0,733
0,5;0;1;;0,5;0;0,542;0,744;0,093;0,748
0,375;0,008;1;;0,375;0,008;0,557;0,717;0,089;0,72
0,275;0,026;1;;0,275;0,026;0,577;0,645;0,088;0,648
0,263;0,041;1;;0,263;0,041;0,6;0,529;0,088;0,531
0,294;0,079;1;;0,294;0,079;0,635;0,373;0,091;0,373
0,418;0,167;1;;0,418;0,167;0,691;0,195;0,095;0,191
0,614;0,239;1;;0,614;0,239;0,79;0,045;0,103;0,04
0,76;0,24;1;;0,76;0,24;0,859;0;0,106;0
0,782;0,185;1;;0,782;0,185;0,869;0;0,114;0
0,77;0,089;1;;0,77;0,089;0,852;0;0,112;0
0,815;0,004;1;;0,815;0,004;0,828;0;0,109;0
0,864;0;1;;0,864;0;0,807;0;0,107;0
0,892;0;1;;0,892;0;0,792;0;0,103;0
0,908;0;1;;0,908;0;0,782;0;0,098;0
0,926;0;1;;0,926;0;0,76;0;0,099;0
0,935;0;1;;0,935;0;0,745;0;0,109;0
0,942;0;1;;0,942;0;0,715;0;0,117;0
0,916;0;1;;0,916;0;0,667;0,002;0,119;0
0,898;0;1;;0,898;0;0,522;0,062;0,08;0,051
0,876;0;1;;0,876;0;0,362;0,226;0,032;0,201
0,83;0;1;;0,83;0;0,29;0,407;0,039;0,375
0,775;0;1;;0,775;0;0,323;0,556;0,036;0,522
0,697;0;1;;0,697;0;0,391;0,657;0,026;0,61
0,669;0;1;;0,669;0;0,365;0,716;0,019;0,663
0,636;0;1;;0,636;0;0,293;0,729;0,014;0,677
0,577;0,009;1;;0,577;0,009;0,22;0,697;0,011;0,646
0,46;0,038;1;;0,46;0,038;0,173;0,618;0,011;0,58
0,384;0,07;1;;0,384;0,07;0,165;0,502;0,015;0,467
0,432;0,112;1;;0,432;0,112;0,214;0,332;0,022;0,321
0,591;0,438;1;;0,591;0,438;0,346;0,17;0,031;0,157
0,657;0,506;1;;0,657;0,506;0,554;0,041;0,041;0,036
0,642;0,485;1;;0,642;0,485;0,717;0;0,04;0
0,526;0,349;1;;0,526;0,349;0,766;0;0,036;0
0,368;0,131;1;;0,368;0,131;0,738;0;0,03;0
0,424;0,01;1;;0,424;0,01;0,683;0;0,027;0
0,611;0;1;;0,611;0;0,61;0;0,027;0
0,825;0;1;;0,825;0;0,511;0;0,029;0
0,917;0;1;;0,917;0;0,398;0;0,034;0
0,943;0;1;;0,943;0;0,287;0;0,044;0
0,957;0;1;;0,957;0;0,199;0;0,057;0
0,967;0;1;;0,967;0;0,138;0;0,067;0
0,974;0;1;;0,974;0;0,113;0,002;0,083;0
0,985;0;1;;0,985;0;0,111;0,059;0,079;0,051
0,986;0;1;;0,986;0;0,092;0,204;0,047;0,205
0,973;0;1;;0,973;0;0,083;0,366;0,062;0,379
0,946;0;1;;0,946;0;0,101;0,479;0,064;0,521
0,91;0;1;;0,91;0;0,11;0,533;0,053;0,604
0,775;0;1;;0,775;0;0,112;0,551;0,044;0,646
0,904;0;1;;0,904;0;0,109;0,518;0,037;0,646
0,986;0,003;1;;0,986;0,003;0,099;0,462;0,034;0,606
0,879;0,013;1;;0,879;0,013;0,098;0,417;0,033;0,533
0,728;0,041;1;;0,728;0,041;0,121;0,346;0,035;0,416
0,87;0,143;1;;0,87;0,143;0,178;0,248;0,045;0,247
0,979;0,439;1;;0,979;0,439;0,283;0,133;0,07;0,094
0,83;0,415;1;;0,83;0,415;0,478;0,035;0,126;0,025
0,709;0,382;1;;0,709;0,382;0,671;0;0,19;0
0,651;0,246;1;;0,651;0,246;0,745;0;0,228;0
0,739;0,078;1;;0,739;0,078;0,755;0;0,228;0
0,843;0,002;1;;0,843;0,002;0,753;0;0,211;0
0,89;0;1;;0,89;0;0,737;0;0,184;0
0,94;0;1;;0,94;0;0,708;0;0,145;0
0,974;0;1;;0,974;0;0,683;0;0,103;0
0,987;0;1;;0,987;0;0,661;0;0,07;0
0,978;0;1;;0,978;0;0,645;0;0,055;0
0,953;0;1;;0,953;0;0,615;0;0,064;0
0,954;0;1;;0,954;0;0,58;0,001;0,092;0
0,958;0;1;;0,958;0;0,444;0,056;0,092;0,048
0,951;0;1;;0,951;0;0,274;0,2;0,047;0,193
0,937;0;1;;0,937;0;0,209;0,368;0,054;0,361
0,906;0;1;;0,906;0;0,288;0,512;0,055;0,469
0,911;0;1;;0,911;0;0,37;0,61;0,052;0,523
0,919;0;1;;0,919;0;0,407;0,664;0,049;0,558
0,928;0;1;;0,928;0;0,418;0,664;0,047;0,537
0,943;0,031;1;;0,943;0,031;0,412;0,604;0,047;0,506
0,969;0,068;1;;0,969;0,068;0,407;0,488;0,047;0,438
0,981;0,078;1;;0,981;0,078;0,41;0,339;0,047;0,358
0,986;0,058;1;;0,986;0,058;0,447;0,182;0,052;0,232
0,978;0,068;1;;0,978;0,068;0,526;0,075;0,062;0,133
0,965;0,063;1;;0,965;0,063;0,614;0,015;0,101;0,032
0,965;0,05;1;;0,965;0,05;0,664;0;0,162;0
0,974;0,04;1;;0,974;0,04;0,661;0;0,223;0
0,985;0,02;1;;0,985;0,02;0,626;0;0,257;0
0,985;0;1;;0,985;0;0,582;0;0,257;0
0,982;0;1;;0,982;0;0,54;0;0,229;0
0,985;0;1;;0,985;0;0,501;0;0,187;0
0,986;0;1;;0,986;0;0,464;0;0,147;0
0,982;0;1;;0,982;0;0,431;0;0,127;0
0,971;0;1;;0,971;0;0,405;0;0,128;0
0,958;0;1;;0,958;0;0,384;0;0,149;0
0,946;0;1;;0,946;0;0,366;0;0,177;0
0,933;0;1;;0,933;0;0,308;0,045;0,172;0,015
0,921;0;1;;0,921;0;0,203;0,171;0,123;0,088
0,921;0;1;;0,921;0;0,152;0,347;0,122;0,267
0,944;0;1;;0,944;0;0,168;0,501;0,16;0,427
0,96;0;1;;0,96;0;0,184;0,596;0,195;0,553
0,974;0;1;;0,974;0;0,208;0,655;0,2;0,654
0,987;0;1;;0,987;0;0,232;0,658;0,199;0,669
0,983;0,041;1;;0,983;0,041;0,257;0,598;0,205;0,625
0,972;0,109;1;;0,972;0,109;0,281;0,543;0,227;0,53
0,916;0,168;1;;0,916;0,168;0,311;0,447;0,257;0,392
0,84;0,331;1;;0,84;0,331;0,354;0,305;0,292;0,235
0,805;0,468;1;;0,805;0,468;0,373;0,147;0,311;0,111
0,833;0,346;1;;0,833;0,346;0,394;0,033;0,32;0,026
0,891;0,2;1;;0,891;0,2;0,397;0;0,316;0
0,922;0,153;1;;0,922;0,153;0,379;0;0,275;0
0,935;0,095;1;;0,935;0,095;0,368;0;0,242;0
0,952;0,008;1;;0,952;0,008;0,4;0;0,243;0
0,956;0;1;;0,956;0;0,455;0;0,242;0
0,952;0;1;;0,952;0;0,458;0;0,204;0
0,95;0;1;;0,95;0;0,368;0;0,151;0
0,948;0;1;;0,948;0;0,211;0;0,103;0
0,964;0;1;;0,964;0;0,105;0;0,07;0
0,982;0;1;;0,982;0;0,136;0;0,062;0
0,987;0;1;;0,987;0;0,304;0;0,061;0
0,986;0;1;;0,986;0;0,432;0,035;0,05;0,037
0,986;0;1;;0,986;0;0,403;0,082;0,022;0,158
0,987;0;1;;0,987;0;0,525;0,19;0,052;0,319
0,98;0;1;;0,98;0;0,712;0,47;0,065;0,466
0,965;0;1;;0,965;0;0,782;0,626;0,087;0,565
0,964;0;1;;0,964;0;0,805;0,703;0,11;0,595
0,979;0,001;1;;0,979;0,001;0,796;0,728;0,134;0,546
0,987;0,076;1;;0,987;0,076;0,78;0,695;0,156;0,439
0,986;0,155;1;;0,986;0,155;0,766;0,606;0,175;0,349
0,987;0,303;1;;0,987;0,303;0,715;0,489;0,18;0,259
0,987;0,29;1;;0,987;0,29;0,613;0,336;0,175;0,194
0,984;0,308;1;;0,984;0,308;0,511;0,172;0,166;0,113
0,98;0,244;1;;0,98;0,244;0,396;0,035;0,185;0,027
0,977;0,25;1;;0,977;0,25;0,325;0;0,241;0
0,969;0,232;1;;0,969;0,232;0,289;0;0,287;0
0,946;0,123;1;;0,946;0,123;0,257;0;0,313;0
0,929;0,015;1;;0,929;0,015;0,237;0;0,314;0
0,913;0;1;;0,913;0;0,202;0;0,305;0
0,89;0;1;;0,89;0;0,155;0;0,289;0
0,887;0;1;;0,887;0;0,16;0;0,272;0
0,866;0;1;;0,866;0;0,241;0;0,251;0
0,831;0;1;;0,831;0;0,33;0;0,224;0
0,776;0;1;;0,776;0;0,368;0;0,193;0
0,706;0;1;;0,706;0;0,365;0;0,157;0
0,636;0;1;;0,636;0;0,361;0,054;0,088;0,042
0,566;0;1;;0,566;0;0,351;0,177;0,033;0,194
0,522;0;1;;0,522;0;0,405;0,33;0,009;0,375
0,486;0;1;;0,486;0;0,468;0,504;0,029;0,531
0,452;0;1;;0,452;0;0,497;0,629;0,048;0,643
0,414;0;1;;0,414;0;0,497;0,702;0,063;0,707
0,407;0;1;;0,407;0;0,483;0,724;0,076;0,725
0,361;0,034;1;;0,361;0,034;0,452;0,645;0,083;0,701
0,305;0,099;1;;0,305;0,099;0,403;0,487;0,083;0,632
0,371;0,138;1;;0,371;0,138;0,351;0,357;0,077;0,518
0,451;0,156;1;;0,451;0,156;0,293;0,235;0,064;0,361
0,571;0,153;1;;0,571;0,153;0,223;0,116;0,048;0,178
0,717;0,178;1;;0,717;0,178;0,148;0,025;0,042;0,029
0,823;0,227;1;;0,823;0,227;0,075;0;0,051;0
0,838;0,245;1;;0,838;0,245;0,033;0;0,084;0
0,72;0,139;1;;0,72;0,139;0,02;0;0,132;0
0,727;0,016;1;;0,727;0,016;0,051;0;0,164;0
0,829;0;1;;0,829;0;0,118;0;0,166;0
0,827;0;1;;0,827;0;0,222;0;0,166;0
0,812;0;1;;0,812;0;0,33;0;0,171;0
0,819;0;1;;0,819;0;0,407;0;0,181;0
0,844;0;1;;0,844;0;0,443;0;0,192;0
0,84;0;1;;0,84;0;0,44;0;0,186;0
0,878;0;1;;0,878;0;0,427;0;0,181;0
0,917;0;1;;0,917;0;0,403;0,048;0,162;0,041
0,919;0;1;;0,919;0;0,275;0,213;0,08;0,194
0,893;0;1;;0,893;0;0,2;0,394;0,12;0,372
0,903;0;1;;0,903;0;0,267;0,541;0,175;0,521
0,932;0;1;;0,932;0;0,344;0,642;0,178;0,626
0,956;0;1;;0,956;0;0,407;0,7;0,177;0,685
0,951;0,009;1;;0,951;0,009;0,465;0,714;0,176;0,702
0,919;0,152;1;;0,919;0,152;0,541;0,686;0,177;0,679
0,955;0,369;1;;0,955;0,369;0,605;0,614;0,178;0,612
0,984;0,479;1;;0,984;0,479;0,605;0,5;0,185;0,498
0,986;0,496;1;;0,986;0,496;0,543;0,346;0,21;0,342
0,97;0,486;1;;0,97;0,486;0,494;0,169;0,246;0,165
0,943;0,456;1;;0,943;0,456;0,41;0,029;0,324;0,026
0,931;0,345;1;;0,931;0,345;0,265;0;0,418;0
0,96;0,246;1;;0,96;0,246;0,145;0;0,491;0
0,976;0,166;1;;0,976;0,166;0,11;0;0,533;0
0,977;0,021;1;;0,977;0,021;0,117;0;0,522;0
0,979;0;1;;0,979;0;0,092;0;0,474;0
0,981;0;1;;0,981;0;0,074;0;0,4;0
0,978;0;1;;0,978;0;0,201;0;0,334;0
0,968;0;1;;0,968;0;0,533;0;0,313;0
0,953;0;1;;0,953;0;0,72;0;0,356;0
0,949;0;1;;0,949;0;0,731;0;0,346;0
0,957;0;1;;0,957;0;0,692;0;0,303;0
0,968;0;1;;0,968;0;0,642;0,037;0,248;0,037
0,975;0;1;;0,975;0;0,629;0,119;0,227;0,161
0,98;0;1;;0,98;0;0,636;0,193;0,22;0,281
0,984;0;1;;0,984;0;0,613;0,192;0,25;0,324
0,987;0;1;;0,987;0;0,605;0,17;0,259;0,284
0,987;0;1;;0,987;0;0,592;0,168;0,243;0,302
0,986;0,008;1;;0,986;0,008;0,58;0,337;0,224;0,367
0,985;0,048;1;;0,985;0,048;0,614;0,543;0,205;0,45
0,986;0,191;1;;0,986;0,191;0,659;0,256;0,209;0,496
0,98;0,335;1;;0,98;0,335;0,68;0,15;0,245;0,362
0,98;0,416;1;;0,98;0,416;0,666;0,141;0,32;0,132
0,982;0,47;1;;0,982;0,47;0,629;0,109;0,378;0,046
0,98;0,451;1;;0,98;0,451;0,61;0,03;0,367;0,013
0,982;0,357;1;;0,982;0,357;0,635;0;0,335;0
0,987;0,274;1;;0,987;0,274;0,667;0;0,301;0
0,983;0,188;1;;0,983;0,188;0,709;0;0,293;0
0,969;0,034;1;;0,969;0,034;0,746;0;0,298;0
0,961;0;1;;0,961;0;0,78;0;0,294;0
0,932;0;1;;0,932;0;0,808;0;0,259;0
0,906;0;1;;0,906;0;0,813;0;0,208;0
0,905;0;1;;0,905;0;0,804;0;0,167;0
0,89;0;1;;0,89;0;0,802;0;0,155;0
0,82;0;1;;0,82;0;0,79;0;0,163;0
0,778;0;1;;0,778;0;0,77;0;0,186;0
0,751;0;1;;0,751;0;0,745;0,031;0,167;0,04
0,731;0;1;;0,731;0;0,687;0,126;0,115;0,218
0,8;0;1;;0,8;0;0,652;0,249;0,135;0,417
0,821;0;1;;0,821;0;0,649;0,406;0,126;0,582
0,827;0;1;;0,827;0;0,643;0,569;0,117;0,697
0,859;0;1;;0,859;0;0,626;0,633;0,12;0,765
0,887;0,01;1;;0,887;0,01;0,614;0,697;0,128;0,782
0,878;0,074;1;;0,878;0,074;0,623;0,663;0,137;0,752
0,89;0,162;1;;0,89;0,162;0,618;0,606;0,141;0,676
0,948;0,194;1;;0,948;0,194;0,591;0,493;0,136;0,551
0,985;0,376;1;;0,985;0,376;0,599;0,339;0,131;0,381
0,981;0,579;1;;0,981;0,579;0,599;0,163;0,114;0,183
0,955;0,499;1;;0,955;0,499;0,596;0,027;0,131;0,024
0,953;0,224;1;;0,953;0,224;0,619;0;0,15;0
0,955;0,233;1;;0,955;0,233;0,686;0;0,138;0
0,956;0,124;1;;0,956;0,124;0,784;0;0,114;0
0,952;0,015;1;;0,952;0,015;0,853;0;0,078;0
0,943;0;1;;0,943;0;0,88;0;0,044;0
0,936;0;1;;0,936;0;0,896;0;0,023;0
0,949;0;1;;0,949;0;0,905;0;0,015;0
0,974;0;1;;0,974;0;0,917;0;0,029;0
0,986;0;1;;0,986;0;0,933;0;0,059;0
0,984;0;1;;0,984;0;0,942;0;0,105;0
0,969;0;1;;0,969;0;0,953;0;0,145;0
0,938;0;1;;0,938;0;0,935;0,019;0,15;0,039
0,922;0;1;;0,922;0;0,901;0,106;0,073;0,21
0,886;0;1;;0,886;0;0,911;0,235;0,136;0,404
0,858;0;1;;0,858;0;0,925;0,381;0,181;0,567
0,853;0;1;;0,853;0;0,932;0,46;0,189;0,682
0,835;0;1;;0,835;0;0,929;0,527;0,186;0,746
0,792;0,029;1;;0,792;0,029;0,926;0,562;0,186;0,762
0,677;0,246;1;;0,677;0,246;0,921;0,592;0,189;0,732
0,789;0,456;1;;0,789;0,456;0,908;0,519;0,191;0,655
0,777;0,595;1;;0,777;0,595;0,884;0,451;0,184;0,534
0,704;0,662;1;;0,704;0,662;0,856;0,307;0,166;0,369
0,543;0,654;1;;0,543;0,654;0,791;0,116;0,138;0,174
0,446;0,581;1;;0,446;0,581;0,727;0,019;0,122;0,022
0,434;0,358;1;;0,434;0,358;0,72;0;0,121;0
0,397;0,208;1;;0,397;0,208;0,728;0;0,15;0
0,364;0,124;1;;0,364;0,124;0,743;0;0,196;0
0,449;0,025;1;;0,449;0,025;0,755;0;0,223;0
0,543;0;1;;0,543;0;0,765;0;0,212;0
0,592;0;1;;0,592;0;0,756;0;0,186;0
0,62;0;1;;0,62;0;0,75;0;0,158;0
0,626;0;1;;0,626;0;0,75;0;0,139;0
0,623;0;1;;0,623;0;0,75;0;0,115;0
0,59;0;1;;0,59;0;0,745;0;0,088;0
0,554;0;1;;0,554;0;0,746;0;0,06;0
0,554;0;1;;0,554;0;0,74;0,022;0,038;0,035
0,568;0;1;;0,568;0;0,714;0,084;0,023;0,194
0,547;0;1;;0,547;0;0,755;0,248;0,092;0,384
0,536;0;1;;0,536;0;0,847;0,482;0,179;0,527
0,557;0;1;;0,557;0;0,884;0,611;0,228;0,612
0,614;0;1;;0,614;0;0,899;0,639;0,265;0,683
0,646;0,017;1;;0,646;0,017;0,917;0,526;0,294;0,716
0,485;0,139;1;;0,485;0,139;0,933;0,313;0,323;0,695
0,372;0,182;1;;0,372;0,182;0,938;0,195;0,35;0,63
0,371;0,238;1;;0,371;0,238;0,93;0,1;0,378;0,516
0,286;0,345;1;;0,286;0,345;0,903;0,047;0,41;0,358
0,195;0,587;1;;0,195;0,587;0,864;0,019;0,421;0,171
0,13;0,627;1;;0,13;0,627;0,852;0,004;0,454;0,02
0,092;0,583;1;;0,092;0,583;0,859;0;0,526;0
0,085;0,446;1;;0,085;0,446;0,847;0;0,592;0
0,1;0,216;1;;0,1;0,216;0,817;0;0,581;0
0,159;0,039;1;;0,159;0,039;0,814;0;0,443;0
0,247;0;1;;0,247;0;0,834;0;0,285;0
0,336;0;1;;0,336;0;0,848;0;0,21;0
0,403;0;1;;0,403;0;0,852;0;0,205;0
0,451;0;1;;0,451;0;0,845;0;0,232;0
0,453;0;1;;0,453;0;0,876;0;0,26;0
0,409;0;1;;0,409;0;0,906;0;0,275;0
0,327;0;1;;0,327;0;0,917;0;0,287;0
0,252;0;1;;0,252;0;0,9;0,03;0,255;0,036
0,21;0;1;;0,21;0;0,866;0,107;0,221;0,213
0,194;0;1;;0,194;0;0,889;0,143;0,291;0,41
0,166;0;1;;0,166;0;0,943;0,316;0,323;0,573
0,147;0;1;;0,147;0;0,963;0,58;0,346;0,676
0,153;0;1;;0,153;0;0,961;0,692;0,374;0,737
0,156;0,004;1;;0,156;0,004;0,967;0,707;0,4;0,753
0,132;0,055;1;;0,132;0,055;0,977;0,561;0,421;0,721
0,122;0,126;1;;0,122;0,126;0,984;0,427;0,436;0,639
0,147;0,242;1;;0,147;0,242;0,984;0,412;0,46;0,508
0,179;0,612;1;;0,179;0,612;0,979;0,301;0,494;0,342
0,175;0,716;1;;0,175;0,716;0,97;0,139;0,543;0,131
0,154;0,693;1;;0,154;0,693;0,957;0,018;0,558;0,015
0,128;0,612;1;;0,128;0,612;0,944;0;0,525;0
0,102;0,48;1;;0,102;0,48;0,928;0;0,422;0
0,087;0,267;1;;0,087;0,267;0,903;0;0,359;0
0,074;0,062;1;;0,074;0,062;0,873;0;0,303;0
0,064;0;1;;0,064;0;0,816;0;0,295;0
0,066;0;1;;0,066;0;0,759;0;0,286;0
0,083;0;1;;0,083;0;0,782;0;0,222;0
0,109;0;1;;0,109;0;0,846;0;0,188;0
0,141;0;1;;0,141;0;0,877;0;0,178;0
0,166;0;1;;0,166;0;0,892;0;0,18;0
0,181;0;1;;0,181;0;0,896;0;0,17;0
0,207;0;1;;0,207;0;0,893;0,025;0,121;0,035
0,228;0;1;;0,228;0;0,895;0,121;0,06;0,215
0,255;0;1;;0,255;0;0,905;0,144;0,029;0,419
0,253;0;1;;0,253;0;0,911;0,165;0,014;0,584
0,242;0;1;;0,242;0;0,932;0,381;0,009;0,697
0,218;0;1;;0,218;0;0,943;0,495;0,006;0,761
0,178;0,013;1;;0,178;0,013;0,946;0,44;0,013;0,779
0,064;0,1;1;;0,064;0,1;0,947;0,314;0,021;0,751
0,011;0,263;1;;0,011;0,263;0,946;0,2;0,032;0,675
0;0,429;1;;0;0,429;0,935;0,106;0,043;0,552
0,001;0,528;1;;0,001;0,528;0,925;0,047;0,051;0,38
0,007;0,579;1;;0,007;0,579;0,935;0,024;0,056;0,177
0,026;0,583;1;;0,026;0,583;0,956;0,002;0,057;0,017
0,049;0,546;1;;0,049;0,546;0,966;0;0,047;0
0,071;0,392;1;;0,071;0,392;0,969;0;0,046;0
0,087;0,178;1;;0,087;0,178;0,963;0;0,054;0
0,099;0,033;1;;0,099;0,033;0,943;0;0,072;0
0,099;0;1;;0,099;0;0,897;0;0,101;0
0,089;0;1;;0,089;0;0,829;0;0,144;0
0,075;0;1;;0,075;0;0,776;0;0,229;0
0,064;0;1;;0,064;0;0,704;0;0,312;0
0,065;0;1;;0,065;0;0,613;0;0,323;0
0,064;0;1;;0,064;0;0,533;0;0,283;0
0,064;0;1;;0,064;0;0,466;0;0,197;0
0,069;0;1;;0,069;0;0,424;0,037;0,109;0,005
0,083;0;1;;0,083;0;0,346;0,196;0,044;0,033
0,097;0;1;;0,097;0;0,336;0,373;0,032;0,076
0,092;0;1;;0,092;0;0,35;0,507;0,053;0,116
0,101;0;1;;0,101;0;0,351;0,594;0,093;0,17
0,12;0;1;;0,12;0;0,336;0,638;0,134;0,222
0,111;0,006;1;;0,111;0,006;0,318;0,638;0,161;0,246
0,104;0,054;1;;0,104;0,054;0,296;0,594;0,165;0,233
0,183;0,131;1;;0,183;0,131;0,275;0,522;0,134;0,171
0,31;0,281;1;;0,31;0,281;0,252;0,411;0,093;0,167
0,412;0,456;1;;0,412;0,456;0,226;0,269;0,058;0,113
0,494;0,596;1;;0,494;0,596;0,203;0,121;0,031;0,055
0,587;0,635;1;;0,587;0,635;0,196;0,015;0,015;0,007
0,705;0,582;1;;0,705;0,582;0,174;0;0,01;0
0,811;0,448;1;;0,811;0,448;0,144;0;0,011;0
0,796;0,208;1;;0,796;0,208;0,125;0;0,015;0
0,789;0,048;1;;0,789;0,048;0,119;0;0,025;0
0,836;0;1;;0,836;0;0,127;0;0,042;0
0,851;0;1;;0,851;0;0,137;0;0,06;0
0,846;0;1;;0,846;0;0,152;0;0,077;0
0,839;0;1;;0,839;0;0,166;0;0,094;0
0,831;0;1;;0,831;0;0,171;0;0,106;0
0,823;0;1;;0,823;0;0,142;0;0,107;0
0,783;0;1;;0,783;0;0,099;0;0,102;0
0,736;0;1;;0,736;0;0,073;0,031;0,097;0,006
0,69;0;1;;0,69;0;0,053;0,168;0,071;0,044
0,642;0;1;;0,642;0;0,042;0,34;0,063;0,102
0,613;0;1;;0,613;0;0,043;0,502;0,072;0,182
0,633;0;1;;0,633;0;0,052;0,601;0,075;0,241
0,613;0;1;;0,613;0;0,054;0,664;0,079;0,254
0,616;0,001;1;;0,616;0,001;0,049;0,657;0,082;0,291
0,62;0,029;1;;0,62;0,029;0,042;0,601;0,081;0,286
0,605;0,087;1;;0,605;0,087;0,033;0,459;0,081;0,227
0,755;0,168;1;;0,755;0,168;0,018;0,335;0,087;0,137
0,879;0,283;1;;0,879;0,283;0,015;0,206;0,089;0,065
0,92;0,273;1;;0,92;0,273;0,032;0,08;0,093;0,03
0,933;0,255;1;;0,933;0,255;0,07;0,01;0,13;0,003
0,935;0,186;1;;0,935;0,186;0,122;0;0,203;0
0,913;0,107;1;;0,913;0,107;0,168;0;0,264;0
0,845;0,039;1;;0,845;0,039;0,203;0;0,292;0
0,796;0,003;1;;0,796;0,003;0,216;0;0,287;0
0,757;0;1;;0,757;0;0,202;0;0,267;0
0,718;0;1;;0,718;0;0,185;0;0,247;0
0,709;0;1;;0,709;0;0,168;0;0,231;0
0,736;0;1;;0,736;0;0,136;0;0,217;0
0,765;0;1;;0,765;0;0,094;0;0,225;0
0,78;0;1;;0,78;0;0,055;0;0,227;0
0,788;0;1;;0,788;0;0,031;0;0,21;0
0,781;0;1;;0,781;0;0,036;0,01;0,208;0,009
0,765;0;1;;0,765;0;0,037;0,062;0,178;0,082
0,729;0;1;;0,729;0;0,035;0,181;0,188;0,18
0,708;0;1;;0,708;0;0,048;0,365;0,206;0,296
0,642;0;1;;0,642;0;0,032;0,406;0,195;0,438
0,629;0;1;;0,629;0;0,015;0,435;0,163;0,564
0,632;0,034;1;;0,632;0,034;0,025;0,386;0,134;0,546
0,489;0,171;1;;0,489;0,171;0,065;0,332;0,118;0,449
0,433;0,478;1;;0,433;0,478;0,12;0,271;0,108;0,359
0,365;0,633;1;;0,365;0,633;0,177;0,195;0,091;0,299
0,209;0,712;1;;0,209;0,712;0,245;0,11;0,07;0,185
0,16;0,71;1;;0,16;0,71;0,313;0,043;0,044;0,075
0,203;0,655;1;;0,203;0,655;0,382;0,004;0,018;0,01
0,332;0,54;1;;0,332;0,54;0,428;0;0,009;0
0,385;0,391;1;;0,385;0,391;0,462;0;0,016;0
0,355;0,207;1;;0,355;0,207;0,486;0;0,029;0
0,403;0,038;1;;0,403;0,038;0,54;0;0,051;0
0,5;0;1;;0,5;0;0,623;0;0,088;0
0,504;0;1;;0,504;0;0,703;0;0,121;0
0,497;0;1;;0,497;0;0,779;0;0,131;0
0,574;0;1;;0,574;0;0,832;0;0,125;0
0,575;0;1;;0,575;0;0,862;0;0,117;0
0,539;0;1;;0,539;0;0,856;0;0,099;0
0,433;0;1;;0,433;0;0,851;0;0,067;0
0,361;0;1;;0,361;0;0,848;0,022;0,041;0,025
0,568;0;1;;0,568;0;0,824;0,131;0,021;0,188
0,784;0;1;;0,784;0;0,879;0,336;0,013;0,39
0,82;0;1;;0,82;0;0,915;0,522;0,013;0,557
0,825;0;1;;0,825;0;0,929;0,64;0,026;0,657
0,856;0;1;;0,856;0;0,936;0,709;0,025;0,729
0,823;0,035;1;;0,823;0,035;0,938;0,724;0,024;0,76
0,77;0,115;1;;0,77;0,115;0,935;0,676;0,026;0,728
0,812;0,298;1;;0,812;0,298;0,931;0,592;0,03;0,65
0,881;0,371;1;;0,881;0,371;0,922;0,458;0,03;0,523
0,917;0,381;1;;0,917;0,381;0,895;0,28;0,026;0,353
0,95;0,384;1;;0,95;0,384;0,832;0,122;0,021;0,155
0,97;0,326;1;;0,97;0,326;0,776;0,011;0,015;0,011
0,978;0,249;1;;0,978;0,249;0,783;0;0,012;0
0,982;0,197;1;;0,982;0,197;0,798;0;0,013;0
0,976;0,109;1;;0,976;0,109;0,79;0;0,011;0
0,968;0,017;1;;0,968;0,017;0,735;0;0,014;0
0,971;0;1;;0,971;0;0,686;0;0,021;0
0,968;0;1;;0,968;0;0,677;0;0,03;0
0,967;0;1;;0,967;0;0,704;0;0,041;0
0,964;0;1;;0,964;0;0,757;0;0,048;0
0,958;0;1;;0,958;0;0,818;0;0,052;0
0,954;0;1;;0,954;0;0,851;0;0,051;0
0,955;0;1;;0,955;0;0,856;0;0,045;0
0,953;0;1;;0,953;0;0,849;0,022;0,044;0,024
0,955;0;1;;0,955;0;0,829;0,14;0,033;0,191
0,959;0;1;;0,959;0;0,865;0,265;0,033;0,395
0,963;0;1;;0,963;0;0,914;0,344;0,09;0,56
0,971;0;1;;0,971;0;0,943;0,268;0,139;0,673
0,978;0;1;;0,978;0;0,964;0,211;0,185;0,736
0,984;0,007;1;;0,984;0,007;0,974;0,177;0,228;0,754
0,984;0,041;1;;0,984;0,041;0,978;0,164;0,266;0,728
0,987;0,129;1;;0,987;0,129;0,983;0,175;0,301;0,649
0,985;0,231;1;;0,985;0,231;0,985;0,124;0,346;0,487
0,981;0,449;1;;0,981;0,449;0,983;0,061;0,39;0,29
0,979;0,349;1;;0,979;0,349;0,976;0,025;0,418;0,092
0,97;0,326;1;;0,97;0,326;0,963;0,002;0,443;0,006
0,97;0,347;1;;0,97;0,347;0,93;0;0,376;0
0,975;0,325;1;;0,975;0,325;0,885;0;0,286;0
0,983;0,17;1;;0,983;0,17;0,856;0;0,292;0
0,985;0,044;1;;0,985;0,044;0,807;0;0,371;0
0,974;0;1;;0,974;0;0,816;0;0,434;0
0,976;0;1;;0,976;0;0,818;0;0,46;0
0,976;0;1;;0,976;0;0,78;0;0,446;0
0,964;0;1;;0,964;0;0,736;0;0,413;0
0,929;0;1;;0,929;0;0,776;0;0,385;0
0,846;0;1;;0,846;0;0,798;0;0,365;0
0,798;0;1;;0,798;0;0,789;0;0,366;0
0,764;0;1;;0,764;0;0,781;0,02;0,341;0,02
0,734;0;1;;0,734;0;0,723;0,166;0,224;0,144
0,7;0;1;;0,7;0;0,713;0,296;0,242;0,28
0,667;0;1;;0,667;0;0,787;0,448;0,267;0,38
0,655;0;1;;0,655;0;0,842;0,509;0,281;0,427
0,661;0;1;;0,661;0;0,866;0,65;0,312;0,506
0,624;0,059;1;;0,624;0,059;0,879;0,701;0,341;0,5
0,471;0,282;1;;0,471;0,282;0,887;0,677;0,357;0,446
0,481;0,485;1;;0,481;0,485;0,886;0,614;0,359;0,427
0,45;0,62;1;;0,45;0,62;0,874;0,49;0,355;0,374
0,526;0,667;1;;0,526;0,667;0,851;0,32;0,346;0,213
0,674;0,692;1;;0,674;0,692;0,802;0,131;0,315;0,086
0,796;0,68;1;;0,796;0,68;0,762;0,008;0,322;0,008
0,866;0,528;1;;0,866;0,528;0,765;0;0,343;0
0,898;0,348;1;;0,898;0,348;0,79;0;0,349;0
0,892;0,17;1;;0,892;0,17;0,837;0;0,341;0
0,821;0,042;1;;0,821;0,042;0,868;0;0,321;0
0,823;0;1;;0,823;0;0,89;0;0,293;0
0,835;0;1;;0,835;0;0,932;0;0,262;0
0,823;0;1;;0,823;0;0,932;0;0,237;0
0,787;0;1;;0,787;0;0,959;0;0,214;0
0,757;0;1;;0,757;0;0,97;0;0,197;0
0,755;0;1;;0,755;0;0,956;0;0,191;0
0,762;0;1;;0,762;0;0,932;0;0,189;0
0,762;0;1;;0,762;0;0,902;0,017;0,195;0,013
0,767;0;1;;0,767;0;0,851;0,152;0,146;0,108
0,775;0;1;;0,775;0;0,835;0,334;0,187;0,247
0,78;0;1;;0,78;0;0,818;0,538;0,166;0,425
0,794;0;1;;0,794;0;0,815;0,648;0,138;0,584
0,8;0;1;;0,8;0;0,796;0,716;0,125;0,683
0,755;0,055;1;;0,755;0,055;0,773;0,706;0,129;0,668
0,675;0,276;1;;0,675;0,276;0,768;0,606;0,141;0,581
0,763;0,476;1;;0,763;0,476;0,768;0,494;0,148;0,451
0,745;0,588;1;;0,745;0,588;0,787;0,368;0,151;0,303
0,715;0,67;1;;0,715;0,67;0,802;0,256;0,16;0,15
0,706;0,711;1;;0,706;0,711;0,777;0,095;0,183;0,069
0,721;0,69;1;;0,721;0,69;0,727;0,005;0,247;0,004
0,731;0,627;1;;0,731;0,627;0,707;0;0,335;0
0,722;0,51;1;;0,722;0,51;0,678;0;0,358;0
0,652;0,33;1;;0,652;0,33;0,603;0;0,351;0
0,586;0,096;1;;0,586;0,096;0,576;0;0,331;0
0,632;0;1;;0,632;0;0,526;0;0,316;0
0,686;0;1;;0,686;0;0,451;0;0,311;0
0,683;0;1;;0,683;0;0,384;0;0,3;0
0,652;0;1;;0,652;0;0,371;0;0,28;0
0,704;0;1;;0,704;0;0,368;0;0,27;0
0,821;0;1;;0,821;0;0,374;0;0,267;0
0,886;0;1;;0,886;0;0,279;0;0,28;0
0,9;0;1;;0,9;0;0,206;0,019;0,259;0,011
0,897;0;1;;0,897;0;0,148;0,171;0,188;0,122
0,854;0;1;;0,854;0;0,148;0,367;0,181;0,309
0,778;0;1;;0,778;0;0,187;0,536;0,127;0,498
0,689;0;1;;0,689;0;0,224;0,649;0,07;0,649
0,632;0;1;;0,632;0;0,279;0,708;0,041;0,729
0,565;0,013;1;;0,565;0,013;0,33;0,685;0,032;0,748
0,418;0,053;1;;0,418;0,053;0,366;0,655;0,043;0,718
0,269;0,07;1;;0,269;0,07;0,417;0,629;0,055;0,641
0,256;0,078;1;;0,256;0,078;0,43;0,508;0,046;0,517
0,219;0,093;1;;0,219;0,093;0,421;0,334;0,038;0,342
0,192;0,117;1;;0,192;0,117;0,395;0,136;0,058;0,143
0,172;0,164;1;;0,172;0,164;0,405;0,006;0,133;0,007
0,146;0,175;1;;0,146;0,175;0,468;0;0,222;0
0,149;0,148;1;;0,149;0,148;0,575;0;0,284;0
0,178;0,109;1;;0,178;0,109;0,703;0;0,297;0
0,249;0,03;1;;0,249;0,03;0,804;0;0,26;0
0,397;0;1;;0,397;0;0,851;0;0,205;0
0,582;0;1;;0,582;0;0,884;0;0,151;0
0,736;0;1;;0,736;0;0,903;0;0,098;0
0,837;0;1;;0,837;0;0,912;0;0,062;0
0,875;0;1;;0,875;0;0,92;0;0,05;0
0,87;0;1;;0,87;0;0,925;0;0,05;0
0,835;0;1;;0,835;0;0,93;0;0,055;0
0,782;0;1;;0,782;0;0,941;0,007;0,07;0,017
0,775;0;1;;0,775;0;0,942;0,055;0,056;0,184
0,798;0;1;;0,798;0;0,943;0,172;0,032;0,391
0,836;0;1;;0,836;0;0,961;0,258;0,092;0,556
0,861;0;1;;0,861;0;0,969;0,348;0,111;0,67
0,888;0;1;;0,888;0;0,971;0,416;0,119;0,734
0,876;0,063;1;;0,876;0,063;0,971;0,521;0,128;0,748
0,794;0,292;1;;0,794;0,292;0,966;0,569;0,145;0,718
0,89;0,503;1;;0,89;0,503;0,958;0,552;0,172;0,639
0,816;0,659;1;;0,816;0,659;0,942;0,376;0,194;0,512
0,766;0,739;1;;0,766;0,739;0,93;0,17;0,201;0,334
0,801;0,686;1;;0,801;0,686;0,915;0,041;0,204;0,137
0,883;0,453;1;;0,883;0,453;0,88;0,001;0,211;0,006
0,931;0,193;1;;0,931;0,193;0,851;0;0,235;0
0,941;0,09;1;;0,941;0,09;0,85;0;0,279;0
0,907;0,045;1;;0,907;0,045;0,85;0;0,318;0
0,734;0,015;1;;0,734;0,015;0,863;0;0,333;0
0,738;0;1;;0,738;0;0,873;0;0,29;0
0,686;0;1;;0,686;0;0,861;0;0,205;0
0,731;0;1;;0,731;0;0,834;0;0,132;0
0,856;0;1;;0,856;0;0,81;0;0,099;0
0,819;0;1;;0,819;0;0,789;0;0,081;0
0,8;0;1;;0,8;0;0,752;0;0,063;0
0,828;0;1;;0,828;0;0,717;0;0,05;0
0,812;0;1;;0,812;0;0,677;0,01;0,036;0,009
0,833;0;1;;0,833;0;0,625;0,058;0,023;0,079
0,883;0;1;;0,883;0;0,602;0,17;0,013;0,215
0,832;0;1;;0,832;0;0,61;0,235;0,03;0,414
0,819;0;1;;0,819;0;0,632;0,259;0,071;0,574
0,738;0;1;;0,738;0;0,65;0,328;0,12;0,607
0,596;0,004;1;;0,596;0,004;0,67;0,368;0,179;0,635
0,431;0,039;1;;0,431;0,039;0,697;0,312;0,244;0,57
0,378;0,104;1;;0,378;0,104;0,705;0,266;0,309;0,439
0,337;0,154;1;;0,337;0,154;0,704;0,326;0,361;0,287
0,286;0,191;1;;0,286;0,191;0,704;0,287;0,402;0,129
0,281;0,195;1;;0,281;0,195;0,703;0,123;0,407;0,039
0,266;0,224;1;;0,266;0,224;0,73;0,005;0,359;0,001
0,26;0,227;1;;0,26;0,227;0,756;0;0,28;0
0,287;0,195;1;;0,287;0,195;0,773;0;0,225;0
0,318;0,116;1;;0,318;0,116;0,795;0;0,209;0
0,358;0,032;1;;0,358;0,032;0,819;0;0,22;0
0,446;0;1;;0,446;0;0,837;0;0,241;0
0,408;0;1;;0,408;0;0,856;0;0,253;0
0,379;0;1;;0,379;0;0,883;0;0,231;0
0,311;0;1;;0,311;0;0,907;0;0,202;0
0,216;0;1;;0,216;0;0,925;0;0,188;0
0,13;0;1;;0,13;0;0,933;0;0,173;0
0,073;0;1;;0,073;0;0,942;0;0,151;0
0,043;0;1;;0,043;0;0,945;0,008;0,131;0,012
0,024;0;1;;0,024;0;0,945;0,097;0,093;0,163
0,015;0;1;;0,015;0;0,964;0,24;0,156;0,379
0,014;0;1;;0,014;0;0,984;0,43;0,198;0,539
0,074;0;1;;0,074;0;0,987;0,586;0,226;0,677
0,312;0;1;;0,312;0;0,984;0,635;0,271;0,734
0,529;0,013;1;;0,529;0,013;0,981;0,637;0,343;0,721
0,508;0,049;1;;0,508;0,049;0,978;0,554;0,421;0,656
0,659;0,075;1;;0,659;0,075;0,976;0,417;0,488;0,555
0,845;0,123;1;;0,845;0,123;0,974;0,306;0,543;0,375
0,941;0,213;1;;0,941;0,213;0,975;0,206;0,592;0,197
0,978;0,438;1;;0,978;0,438;0,98;0,087;0,601;0,069
0,985;0,542;1;;0,985;0,542;0,985;0,002;0,572;0,002
0,984;0,464;1;;0,984;0,464;0,987;0;0,551;0
0,98;0,293;1;;0,98;0,293;0,983;0;0,508;0
0,961;0,144;1;;0,961;0,144;0,971;0;0,475;0
0,897;0,039;1;;0,897;0,039;0,964;0;0,432;0
0,827;0;1;;0,827;0;0,958;0;0,376;0
0,822;0;1;;0,822;0;0,956;0;0,33;0
0,854;0;1;;0,854;0;0,961;0;0,282;0
0,848;0;1;;0,848;0;0,965;0;0,242;0
0,794;0;1;;0,794;0;0,964;0;0,225;0
0,813;0;1;;0,813;0;0,955;0;0,219;0
0,801;0;1;;0,801;0;0,942;0;0,203;0
0,773;0;1;;0,773;0;0,929;0,009;0,177;0,013
0,749;0;1;;0,749;0;0,894;0,128;0,091;0,14
0,645;0;1;;0,645;0;0,912;0,323;0,14;0,287
0,459;0;1;;0,459;0;0,916;0,511;0,143;0,46
0,31;0;1;;0,31;0;0,923;0,627;0,114;0,61
0,211;0;1;;0,211;0;0,93;0,696;0,098;0,688
0,142;0,009;1;;0,142;0,009;0,941;0,718;0,105;0,727
0,167;0,055;1;;0,167;0,055;0,951;0,687;0,126;0,725
0,228;0,128;1;;0,228;0,128;0,956;0,614;0,154;0,661
0,334;0,262;1;;0,334;0,262;0,958;0,486;0,185;0,534
0,484;0,389;1;;0,484;0,389;0,958;0,295;0,224;0,354
0,648;0,272;1;;0,648;0,272;0,95;0,109;0,27;0,142
0,793;0,216;1;;0,793;0,216;0,938;0,002;0,396;0,004
0,889;0,215;1;;0,889;0,215;0,919;0;0,532;0
0,925;0,208;1;;0,925;0,208;0,897;0;0,565;0
0,91;0,157;1;;0,91;0,157;0,876;0;0,543;0
0,886;0,065;1;;0,886;0,065;0,86;0;0,502;0
0,89;0;1;;0,89;0;0,845;0;0,438;0
0,911;0;1;;0,911;0;0,835;0;0,385;0
0,917;0;1;;0,917;0;0,822;0;0,354;0
0,924;0;1;;0,924;0;0,81;0;0,323;0
0,929;0;1;;0,929;0;0,803;0;0,291;0
0,907;0;1;;0,907;0;0,799;0;0,27;0
0,854;0;1;;0,854;0;0,798;0;0,274;0
0,8;0;1;;0,8;0;0,766;0,007;0,289;0,012
0,802;0;1;;0,802;0;0,671;0,076;0,159;0,186
0,863;0;1;;0,863;0;0,652;0,175;0,228;0,404
0,933;0;1;;0,933;0;0,649;0,391;0,223;0,581
0,974;0;1;;0,974;0;0,561;0,487;0,17;0,703
0,986;0;1;;0,986;0;0,528;0,603;0,17;0,772
0,979;0,02;1;;0,979;0,02;0,515;0,642;0,183;0,792
0,974;0,072;1;;0,974;0,072;0,518;0,653;0,174;0,759
0,984;0,175;1;;0,984;0,175;0,586;0,574;0,168;0,677
0,987;0,292;1;;0,987;0,292;0,618;0,486;0,193;0,543
0,987;0,319;1;;0,987;0,319;0,629;0,316;0,195;0,357
0,987;0,311;1;;0,987;0,311;0,624;0,118;0,18;0,132
0,987;0,332;1;;0,987;0,332;0,635;0,002;0,266;0,003
0,987;0,237;1;;0,987;0,237;0,623;0;0,34;0
0,98;0,124;1;;0,98;0,124;0,575;0;0,365;0
0,948;0,074;1;;0,948;0,074;0,508;0;0,379;0
0,93;0,038;1;;0,93;0,038;0,454;0;0,379;0
0,938;0;1;;0,938;0;0,423;0;0,365;0
0,958;0;1;;0,958;0;0,395;0;0,333;0
0,983;0;1;;0,983;0;0,374;0;0,291;0
0,986;0;1;;0,986;0;0,389;0;0,254;0
0,975;0;1;;0,975;0;0,425;0;0,228;0
0,964;0;1;;0,964;0;0,443;0;0,217;0
0,947;0;1;;0,947;0;0,432;0;0,22;0
0,916;0;1;;0,916;0;0,434;0,002;0,227;0,008
0,908;0;1;;0,908;0;0,424;0,044;0,136;0,151
0,913;0;1;;0,913;0;0,378;0,123;0,084;0,369
0,917;0;1;;0,917;0;0,441;0,26;0,154;0,528
0,927;0;1;;0,927;0;0,522;0,275;0,15;0,605
0,957;0;1;;0,957;0;0,59;0,222;0,138;0,674
0,977;0,042;1;;0,977;0,042;0,636;0,219;0,129;0,732
0,982;0,161;1;;0,982;0,161;0,66;0,221;0,124;0,717
0,967;0,262;1;;0,967;0,262;0,663;0,199;0,126;0,644
0,937;0,297;1;;0,937;0,297;0,632;0,134;0,14;0,518
0,873;0,27;1;;0,873;0,27;0,575;0,07;0,162;0,339
0,809;0,243;1;;0,809;0,243;0,515;0,03;0,196;0,132
0,829;0,291;1;;0,829;0,291;0,508;0;0,266;0,002
0,856;0,354;1;;0,856;0,354;0,495;0;0,322;0
0,854;0,235;1;;0,854;0,235;0,476;0;0,361;0
0,872;0,143;1;;0,872;0,143;0,45;0;0,389;0
0,878;0,055;1;;0,878;0,055;0,432;0;0,41;0
0,864;0;1;;0,864;0;0,418;0;0,422;0
0,904;0;1;;0,904;0;0,396;0;0,416;0
0,948;0;1;;0,948;0;0,364;0;0,396;0
0,967;0;1;;0,967;0;0,33;0;0,381;0
0,971;0;1;;0,971;0;0,317;0;0,372;0
0,968;0;1;;0,968;0;0,324;0;0,375;0
0,958;0;1;;0,958;0;0,338;0;0,391;0
0,954;0;1;;0,954;0;0,34;0,007;0,407;0,009
0,96;0;1;;0,96;0;0,287;0,136;0,246;0,166
0,956;0;1;;0,956;0;0,18;0,331;0,165;0,382
0,936;0;1;;0,936;0;0,119;0,515;0,39;0,556
0,922;0;1;;0,922;0;0,074;0,64;0,385;0,679
0,922;0;1;;0,922;0;0,042;0,711;0,365;0,744
0,927;0,042;1;;0,927;0,042;0,024;0,73;0,354;0,759
0,934;0,154;1;;0,934;0,154;0,022;0,7;0,34;0,726
0,938;0,311;1;;0,938;0,311;0,028;0,618;0,331;0,644
0,945;0,401;1;;0,945;0,401;0,043;0,486;0,335;0,513
0,952;0,486;1;;0,952;0,486;0,089;0,308;0,356;0,334
0,953;0,555;1;;0,953;0,555;0,163;0,11;0,397;0,128
0,94;0,502;1;;0,94;0,502;0,279;0,001;0,473;0,002
0,904;0,411;1;;0,904;0,411;0,432;0;0,538;0
0,87;0,331;1;;0,87;0,331;0,565;0;0,554;0
0,907;0,192;1;;0,907;0,192;0,65;0;0,541;0
0,927;0,072;1;;0,927;0,072;0,695;0;0,533;0
0,902;0,001;1;;0,902;0,001;0,715;0;0,523;0
0,89;0;1;;0,89;0;0,726;0;0,504;0
0,9;0;1;;0,9;0;0,733;0;0,472;0
0,922;0;1;;0,922;0;0,739;0;0,436;0
0,944;0;1;;0,944;0;0,748;0;0,389;0
0,974;0;1;;0,974;0;0,751;0;0,354;0
0,987;0;1;;0,987;0;0,749;0;0,34;0
0,985;0;1;;0,985;0;0,741;0,008;0,319;0,007
0,977;0;1;;0,977;0;0,61;0,154;0,167;0,155
0,971;0;1;;0,971;0;0,44;0,36;0,082;0,362
0,966;0;1;;0,966;0;0,378;0,532;0,079;0,529
0,944;0;1;;0,944;0;0,498;0,648;0,049;0,646
0,934;0;1;;0,934;0;0,596;0,712;0,023;0,704
0,878;0,03;1;;0,878;0,03;0,649;0,727;0,012;0,711
0,882;0,106;1;;0,882;0,106;0,683;0,695;0,009;0,669
0,934;0,192;1;;0,934;0,192;0,7;0,613;0,007;0,573
0,959;0,175;1;;0,959;0,175;0,687;0,481;0,009;0,38
0,964;0,134;1;;0,964;0,134;0,664;0,303;0,015;0,196
0,97;0,142;1;;0,97;0,142;0,755;0,104;0,036;0,071
0,976;0,172;1;;0,976;0,172;0,858;0;0,064;0
0,982;0,165;1;;0,982;0,165;0,894;0;0,097;0
0,985;0,104;1;;0,985;0,104;0,888;0;0,121;0
0,984;0,043;1;;0,984;0,043;0,862;0;0,128;0
0,983;0,014;1;;0,983;0,014;0,834;0;0,112;0
0,985;0;1;;0,985;0;0,814;0;0,088;0
0,982;0;1;;0,982;0;0,796;0;0,078;0
0,982;0;1;;0,982;0;0,781;0;0,079;0
0,98;0;1;;0,98;0;0,764;0;0,117;0
0,981;0;1;;0,981;0;0,75;0;0,25;0
0,978;0;1;;0,978;0;0,72;0;0,377;0
0,975;0;1;;0,975;0;0,683;0;0,443;0
0,978;0;1;;0,978;0;0,642;0,003;0,412;0
0,981;0;1;;0,981;0;0,532;0,077;0,317;0,012
0,981;0;1;;0,981;0;0,39;0,195;0,183;0,044
0,982;0;1;;0,982;0;0,351;0,328;0,152;0,092
0,977;0;1;;0,977;0;0,327;0,469;0,153;0,15
0,969;0;1;;0,969;0;0,233;0,585;0,166;0,221
0,949;0,036;1;;0,949;0,036;0,152;0,591;0,184;0,319
0,905;0,133;1;;0,905;0,133;0,122;0,546;0,174;0,427
0,907;0,291;1;;0,907;0,291;0,12;0,471;0,141;0,452
0,876;0,455;1;;0,876;0,455;0,134;0,34;0,109;0,399
0,842;0,461;1;;0,842;0,461;0,156;0,154;0,085;0,258
0,841;0,273;1;;0,841;0,273;0,183;0,042;0,059;0,076
0,832;0,123;1;;0,832;0,123;0,183;0;0,05;0
0,896;0,137;1;;0,896;0,137;0,153;0;0,087;0
0,922;0,13;1;;0,922;0,13;0,121;0;0,134;0
0,862;0,06;1;;0,862;0,06;0,104;0;0,165;0
0,854;0,017;1;;0,854;0,017;0,105;0;0,176;0
0,92;0;1;;0,92;0;0,135;0;0,181;0
0,964;0;1;;0,964;0;0,194;0;0,165;0
0,957;0;1;;0,957;0;0,283;0;0,134;0
0,935;0;1;;0,935;0;0,354;0;0,107;0
0,933;0;1;;0,933;0;0,379;0;0,096;0
0,956;0;1;;0,956;0;0,372;0;0,101;0
0,974;0;1;;0,974;0;0,358;0;0,131;0
0,976;0;1;;0,976;0;0,354;0,002;0,168;0,002
0,984;0;1;;0,984;0;0,332;0,07;0,097;0,069
0,987;0;1;;0,987;0;0,237;0,182;0,065;0,171
0,982;0;1;;0,982;0;0,203;0,329;0,112;0,267
0,968;0;1;;0,968;0;0,218;0,437;0,132;0,346
0,951;0;1;;0,951;0;0,23;0,46;0,156;0,377
0,939;0,049;1;;0,939;0,049;0,236;0,453;0,194;0,31
0,864;0,142;1;;0,864;0,142;0,259;0,455;0,235;0,262
0,742;0,308;1;;0,742;0,308;0,323;0,428;0,254;0,157
0,747;0,583;1;;0,747;0,583;0,382;0,36;0,226;0,095
0,839;0,728;1;;0,839;0,728;0,406;0,202;0,215;0,097
0,896;0,773;1;;0,896;0,773;0,494;0,044;0,237;0,052
0,917;0,731;1;;0,917;0,731;0,664;0;0,28;0
0,938;0,652;1;;0,938;0,652;0,762;0;0,319;0
0,953;0,527;1;;0,953;0,527;0,773;0;0,336;0
0,972;0,335;1;;0,972;0,335;0,742;0;0,331;0
0,986;0,109;1;;0,986;0,109;0,675;0;0,343;0
0,985;0,003;1;;0,985;0,003;0,56;0;0,346;0
0,974;0;1;;0,974;0;0,426;0;0,35;0
0,967;0;1;;0,967;0;0,32;0;0,373;0
0,967;0;1;;0,967;0;0,251;0;0,413;0
0,965;0;1;;0,965;0;0,199;0;0,436;0
0,968;0;1;;0,968;0;0,165;0;0,429;0
0,968;0;1;;0,968;0;0,151;0;0,41;0
0,978;0;1;;0,978;0;0,152;0;0,402;0,002
0,981;0;1;;0,981;0;0,156;0,013;0,317;0,113
0,985;0;1;;0,985;0;0,134;0,046;0,331;0,274
0,987;0;1;;0,987;0;0,117;0,086;0,446;0,427
0,985;0;1;;0,985;0;0,122;0,126;0,515;0,54
0,981;0;1;;0,981;0;0,12;0,153;0,542;0,552
0,97;0,041;1;;0,97;0,041;0,111;0,164;0,525;0,538
0,919;0,127;1;;0,919;0,127;0,101;0,156;0,486;0,531
0,813;0,285;1;;0,813;0,285;0,1;0,128;0,457;0,474
0,745;0,561;1;;0,745;0,561;0,109;0,085;0,443;0,37
0,643;0,576;1;;0,643;0,576;0,126;0,045;0,434;0,22
0,561;0,548;1;;0,561;0,548;0,156;0,013;0,375;0,047
0,577;0,524;1;;0,577;0,524;0,199;0;0,399;0
0,634;0,458;1;;0,634;0,458;0,232;0;0,442;0
0,726;0,383;1;;0,726;0,383;0,257;0;0,421;0
0,818;0,308;1;;0,818;0,308;0,281;0;0,385;0
0,912;0,127;1;;0,912;0,127;0,31;0;0,375;0
0,956;0,005;1;;0,956;0,005;0,323;0;0,364;0
0,969;0;1;;0,969;0;0,316;0;0,363;0
0,972;0;1;;0,972;0;0,332;0;0,36;0
0,976;0;1;;0,976;0;0,368;0;0,342;0
0,984;0;1;;0,984;0;0,413;0;0,344;0
0,986;0;1;;0,986;0;0,466;0;0,368;0
0,987;0;1;;0,987;0;0,521;0;0,382;0
0,986;0;1;;0,986;0;0,564;0,001;0,371;0,001
0,986;0;1;;0,986;0;0,515;0,064;0,273;0,052
0,985;0;1;;0,985;0;0,449;0,157;0,205;0,138
0,98;0;1;;0,98;0;0,468;0,213;0,327;0,257
0,973;0;1;;0,973;0;0,512;0,263;0,438;0,36
0,972;0;1;;0,972;0;0,561;0,258;0,488;0,418
0,96;0,041;1;;0,96;0,041;0,584;0,278;0,515;0,344
0,958;0,134;1;;0,958;0,134;0,609;0,303;0,54;0,278
0,979;0,268;1;;0,979;0,268;0,642;0,219;0,526;0,161
0,986;0,509;1;;0,986;0,509;0,652;0,116;0,445;0,1
0,985;0,546;1;;0,985;0,546;0,671;0,043;0,385;0,075
0,983;0,605;1;;0,983;0,605;0,792;0,006;0,415;0,03
0,979;0,522;1;;0,979;0,522;0,854;0;0,509;0
0,97;0,525;1;;0,97;0,525;0,862;0;0,512;0
0,953;0,496;1;;0,953;0,496;0,874;0;0,502;0
0,925;0,355;1;;0,925;0,355;0,872;0;0,483;0
0,874;0,161;1;;0,874;0,161;0,848;0;0,454;0
0,902;0,008;1;;0,902;0,008;0,825;0;0,465;0
0,926;0;1;;0,926;0;0,811;0;0,461;0
0,917;0;1;;0,917;0;0,788;0;0,486;0
0,906;0;1;;0,906;0;0,78;0;0,501;0
0,908;0;1;;0,908;0;0,762;0;0,532;0
0,914;0;1;;0,914;0;0,743;0;0,529;0
0,898;0;1;;0,898;0;0,72;0;0,554;0
0,875;0;1;;0,875;0;0,718;0,001;0,497;0
0,867;0;1;;0,867;0;0,68;0,1;0,468;0,015
0,834;0;1;;0,834;0;0,671;0,273;0,409;0,049
0,798;0;1;;0,798;0;0,714;0,422;0,479;0,135
0,775;0;1;;0,775;0;0,729;0,545;0,5;0,264
0,753;0,002;1;;0,753;0,002;0,737;0,593;0,449;0,321
0,606;0,111;1;;0,606;0,111;0,76;0,58;0,361;0,42
0,43;0,34;1;;0,43;0,34;0,775;0,521;0,382;0,535
0,536;0,519;1;;0,536;0,519;0,776;0,432;0,492;0,463
0,635;0,659;1;;0,635;0,659;0,76;0,308;0,561;0,377
0,56;0,733;1;;0,56;0,733;0,68;0,176;0,56;0,199
0,506;0,743;1;;0,506;0,743;0,636;0,044;0,503;0,045
0,516;0,659;1;;0,516;0,659;0,7;0;0,541;0
0,578;0,412;1;;0,578;0,412;0,755;0;0,537;0
0,62;0,245;1;;0,62;0,245;0,805;0;0,532;0
0,57;0,114;1;;0,57;0,114;0,857;0;0,516;0
0,537;0,046;1;;0,537;0,046;0,897;0;0,497;0
0,654;0,003;1;;0,654;0,003;0,914;0;0,5;0
0,761;0;1;;0,761;0;0,929;0;0,525;0
0,792;0;1;;0,792;0;0,948;0;0,506;0
0,766;0;1;;0,766;0;0,952;0;0,511;0
0,72;0;1;;0,72;0;0,949;0;0,573;0
0,667;0;1;;0,667;0;0,941;0;0,605;0
0,644;0;1;;0,644;0;0,935;0;0,595;0
0,641;0;1;;0,641;0;0,92;0;0,592;0
0,667;0;1;;0,667;0;0,894;0,085;0,475;0,097
0,707;0;1;;0,707;0;0,894;0,188;0,565;0,273
0,731;0;1;;0,731;0;0,917;0,265;0,746;0,456
0,636;0;1;;0,636;0;0,932;0,362;0,797;0,601
0,452;0;1;;0,452;0;0,941;0,371;0,818;0,675
0,26;0,036;1;;0,26;0,036;0,943;0,294;0,827;0,691
0,097;0,141;1;;0,097;0,141;0,946;0,295;0,827;0,629
0,064;0,325;1;;0,064;0,325;0,956;0,302;0,819;0,462
0,128;0,482;1;;0,128;0,482;0,957;0,167;0,798;0,257
0,113;0,538;1;;0,113;0,538;0,951;0,045;0,755;0,103
0,145;0,426;1;;0,145;0,426;0,964;0,008;0,695;0,038
0,278;0,203;1;;0,278;0,203;0,977;0;0,667;0
0,28;0,114;1;;0,28;0,114;0,982;0;0,642;0
0,205;0,267;1;;0,205;0,267;0,979;0;0,605;0
0,235;0,345;1;;0,235;0,345;0,968;0;0,552;0
0,275;0,112;1;;0,275;0,112;0,965;0;0,522;0
0,472;0,004;1;;0,472;0,004;0,954;0;0,5;0
0,586;0;1;;0,586;0;0,937;0;0,5;0
0,639;0;1;;0,639;0;0,905;0;0,483;0
0,508;0;1;;0,508;0;0,879;0;0,473;0
0,567;0;1;;0,567;0;0,884;0;0,457;0
0,724;0;1;;0,724;0;0,891;0;0,457;0
0,731;0;1;;0,731;0;0,875;0;0,515;0
0,695;0;1;;0,695;0;0,894;0;0,548;0
0,662;0;1;;0,662;0;0,864;0,016;0,54;0,063
0,68;0;1;;0,68;0;0,844;0,025;0,516;0,165
0,652;0;1;;0,652;0;0,814;0,078;0,751;0,229
0,548;0;1;;0,548;0;0,88;0,181;0,812;0,215
0,458;0,001;1;;0,458;0,001;0,908;0,167;0,851;0,336
0,361;0,038;1;;0,361;0,038;0,892;0,211;0,866;0,439
0,275;0,112;1;;0,275;0,112;0,905;0,225;0,883;0,323
0,371;0,24;1;;0,371;0,24;0,843;0,062;0,898;0,202
0,593;0,402;1;;0,593;0,402;0,802;0,042;0,884;0,11
0,557;0,54;1;;0,557;0,54;0,842;0,024;0,861;0,113
0,479;0,476;1;;0,479;0,476;0,857;0,006;0,853;0,065
0,54;0,36;1;;0,54;0,36;0,871;0;0,876;0
0,69;0,271;1;;0,69;0,271;0,913;0;0,907;0
0,821;0,221;1;;0,821;0,221;0,924;0;0,936;0
0,882;0,176;1;;0,882;0,176;0,914;0;0,951;0
0,872;0,095;1;;0,872;0,095;0,882;0;0,956;0
0,849;0,01;1;;0,849;0,01;0,84;0;0,962;0
0,864;0;1;;0,864;0;0,824;0;0,962;0
0,88;0;1;;0,88;0;0,802;0;0,958;0
0,88;0;1;;0,88;0;0,757;0;0,954;0
0,861;0;1;;0,861;0;0,816;0;0,945;0
0,815;0;1;;0,815;0;0,964;0;0,937;0
0,77;0;1;;0,77;0;0,985;0;0,924;0
0,705;0;1;;0,705;0;0,985;0;0,907;0
0,696;0;1;;0,696;0;0,986;0,009;0,88;0,058
0,704;0;1;;0,704;0;0,987;0,09;0,867;0,218
0,7;0;1;;0,7;0;0,985;0,287;0,876;0,468
0,713;0;1;;0,713;0;0,982;0,49;0,85;0,61
0,703;0,004;1;;0,703;0,004;0,985;0,618;0,809;0,686
0,575;0,106;1;;0,575;0,106;0,987;0,636;0,766;0,699
0,596;0,245;1;;0,596;0,245;0,985;0,608;0,722;0,673
0,575;0,292;1;;0,575;0,292;0,978;0,521;0,68;0,592
0,548;0,396;1;;0,548;0,396;0,968;0,377;0,626;0,458
0,542;0,448;1;;0,542;0,448;0,942;0,179;0,551;0,222
0,575;0,45;1;;0,575;0,45;0,901;0,031;0,447;0,055
0,636;0,385;1;;0,636;0,385;0,848;0;0,446;0
0,713;0,283;1;;0,713;0,283;0,782;0;0,439;0
0,779;0,187;1;;0,779;0,187;0,704;0;0,435;0
0,827;0,15;1;;0,827;0,15;0,667;0;0,436;0
0,813;0,078;1;;0,813;0,078;0,626;0;0,427;0
0,808;0,011;1;;0,808;0,011;0,606;0;0,432;0
0,877;0;1;;0,877;0;0,587;0;0,481;0
0,886;0;1;;0,886;0;0,502;0;0,524;0
0,881;0;1;;0,881;0;0,368;0;0,56;0
0,883;0;1;;0,883;0;0,203;0;0,602;0
0,857;0;1;;0,857;0;0,072;0;0,569;0
0,864;0;1;;0,864;0;0,071;0;0,579;0
0,871;0;1;;0,871;0;0,151;0;0,646;0
0,873;0;1;;0,873;0;0,24;0,003;0,589;0,064
0,876;0;1;;0,876;0;0,281;0,021;0,573;0,204
0,884;0;1;;0,884;0;0,251;0,034;0,686;0,307
0,887;0;1;;0,887;0;0,201;0,071;0,733;0,378
0,883;0,006;1;;0,883;0,006;0,237;0,074;0,765;0,403
0,784;0,116;1;;0,784;0,116;0,387;0,131;0,781;0,37
0,843;0,257;1;;0,843;0,257;0,619;0,151;0,746;0,33
0,872;0,368;1;;0,872;0,368;0,745;0,132;0,677;0,296
0,851;0,44;1;;0,851;0,44;0,735;0,118;0,703;0,216
0,841;0,485;1;;0,841;0,485;0,613;0,089;0,629;0,054
0,842;0,497;1;;0,842;0,497;0,467;0,026;0,619;0,004
0,84;0,496;1;;0,84;0,496;0,41;0;0,7;0
0,839;0,43;1;;0,839;0,43;0,4;0;0,704;0
0,845;0,362;1;;0,845;0,362;0,432;0;0,626;0
0,845;0,263;1;;0,845;0,263;0,476;0;0,581;0
0,796;0,107;1;;0,796;0,107;0,502;0;0,574;0
0,841;0,013;1;;0,841;0,013;0,501;0;0,523;0
0,901;0;1;;0,901;0;0,492;0;0,52;0
0,917;0;1;;0,917;0;0,511;0;0,537;0
0,923;0;1;;0,923;0;0,583;0;0,505;0
0,923;0;1;;0,923;0;0,671;0;0,511;0
0,915;0;1;;0,915;0;0,745;0;0,496;0
0,899;0;1;;0,899;0;0,784;0;0,465;0
0,898;0;1;;0,898;0;0,798;0;0,442;0
0,9;0;1;;0,9;0;0,774;0,042;0,392;0,045
0,909;0;1;;0,909;0;0,696;0,175;0,496;0,087
0,927;0;1;;0,927;0;0,706;0,31;0,612;0,117
0,941;0;1;;0,941;0;0,778;0,424;0,613;0,227
0,964;0,003;1;;0,964;0,003;0,837;0,427;0,568;0,442
0,975;0,076;1;;0,975;0,076;0,884;0,298;0,533;0,667
0,985;0,189;1;;0,985;0,189;0,906;0,18;0,569;0,675
0,987;0,487;1;;0,987;0,487;0,921;0,149;0,613;0,564
0,986;0,628;1;;0,986;0,628;0,917;0,138;0,605;0,395
0,985;0,693;1;;0,985;0,693;0,916;0,07;0,571;0,203
0,985;0,717;1;;0,985;0,717;0,923;0,011;0,515;0,044
0,982;0,564;1;;0,982;0,564;0,926;0;0,493;0
0,98;0,41;1;;0,98;0,41;0,928;0;0,446;0
0,98;0,344;1;;0,98;0,344;0,926;0;0,461;0
0,983;0,205;1;;0,983;0,205;0,947;0;0,483;0
0,987;0,091;1;;0,987;0,091;0,955;0;0,484;0
0,985;0,013;1;;0,985;0,013;0,947;0;0,478;0
0,986;0;1;;0,986;0;0,935;0;0,485;0
0,987;0;1;;0,987;0;0,911;0;0,489;0
0,987;0;1;;0,987;0;0,864;0;0,445;0
0,987;0;1;;0,987;0;0,815;0;0,456;0
0,986;0;1;;0,986;0;0,743;0;0,44;0
0,985;0;1;;0,985;0;0,649;0;0,443;0
0,985;0;1;;0,985;0;0,542;0;0,443;0
0,986;0;1;;0,986;0;0,443;0,07;0,379;0,041
0,986;0;1;;0,986;0;0,337;0,252;0,372;0,142
0,985;0;1;;0,985;0;0,245;0,471;0,354;0,413
0,984;0;1;;0,984;0;0,17;0,594;0,315;0,608
0,982;0,008;1;;0,982;0,008;0,119;0,67;0,26;0,681
0,978;0,107;1;;0,978;0,107;0,094;0,69;0,246;0,693
0,987;0,269;1;;0,987;0,269;0,074;0,654;0,244;0,637
0,976;0,439;1;;0,976;0,439;0,056;0,571;0,232;0,525
0,975;0,514;1;;0,975;0,514;0,047;0,434;0,21;0,364
0,97;0,47;1;;0,97;0,47;0,043;0,251;0,194;0,151
0,957;0,436;1;;0,957;0,436;0,039;0,062;0,169;0,025
0,937;0,492;1;;0,937;0,492;0,022;0;0,164;0
0,918;0,435;1;;0,918;0,435;0,028;0;0,14;0
0,901;0,364;1;;0,901;0,364;0,081;0;0,105;0
0,906;0,238;1;;0,906;0,238;0,2;0;0,087;0
0,917;0,096;1;;0,917;0,096;0,357;0;0,089;0
0,935;0,009;1;;0,935;0,009;0,489;0;0,106;0
0,932;0;1;;0,932;0;0,554;0;0,161;0
0,919;0;1;;0,919;0;0,568;0;0,244;0
0,914;0;1;;0,914;0;0,543;0;0,31;0
0,901;0;1;;0,901;0;0,502;0;0,327;0
0,903;0;1;;0,903;0;0,463;0;0,312;0
0,91;0;1;;0,91;0;0,443;0;0,308;0
0,909;0;1;;0,909;0;0,428;0;0,34;0
0,909;0;1;;0,909;0;0,414;0,006;0,297;0,018
0,923;0;1;;0,923;0;0,398;0,027;0,242;0,049
0,953;0;1;;0,953;0;0,397;0,057;0,25;0,077
0,977;0;1;;0,977;0;0,413;0,087;0,393;0,1
0,987;0,006;1;;0,987;0,006;0,43;0,094;0,501;0,079
0,983;0,115;1;;0,983;0,115;0,441;0,106;0,527;0,06
0,984;0,298;1;;0,984;0,298;0,456;0,105;0,481;0,094
0,987;0,401;1;;0,987;0,401;0,456;0,096;0,446;0,131
0,978;0,528;1;;0,978;0,528;0,481;0,078;0,428;0,129
0,956;0,648;1;;0,956;0,648;0,578;0,051;0,424;0,08
0,932;0,674;1;;0,932;0,674;0,686;0,013;0,551;0,026
0,922;0,681;1;;0,922;0,681;0,774;0;0,667;0
0,926;0,649;1;;0,926;0,649;0,813;0;0,671;0
0,933;0,561;1;;0,933;0,561;0,855;0;0,646;0
0,948;0,379;1;;0,948;0,379;0,851;0;0,602;0
0,973;0,174;1;;0,973;0,174;0,838;0;0,676;0
0,986;0,016;1;;0,986;0,016;0,82;0;0,636;0
0,986;0;1;;0,986;0;0,817;0;0,601;0
0,981;0;1;;0,981;0;0,824;0;0,544;0
0,974;0;1;;0,974;0;0,837;0;0,565;0
0,958;0;1;;0,958;0;0,863;0;0,517;0
0,936;0;1;;0,936;0;0,859;0;0,529;0
0,91;0;1;;0,91;0;0,834;0;0,531;0
0,876;0;1;;0,876;0;0,821;0;0,486;0
0,865;0;1;;0,865;0;0,802;0,044;0,405;0,063
0,883;0;1;;0,883;0;0,768;0,207;0,351;0,256
0,861;0;1;;0,861;0;0,762;0,418;0,317;0,495
0,824;0;1;;0,824;0;0,71;0,553;0,25;0,597
0,767;0,003;1;;0,767;0,003;0,647;0,624;0,188;0,641
0,68;0,035;1;;0,68;0,035;0,573;0,633;0,152;0,693
0,712;0,121;1;;0,712;0,121;0,515;0,598;0,134;0,692
0,783;0,313;1;;0,783;0,313;0,517;0,525;0,122;0,626
0,748;0,476;1;;0,748;0,476;0,543;0,39;0,117;0,476
0,734;0,662;1;;0,734;0,662;0,584;0,205;0,122;0,277
0,741;0,758;1;;0,741;0,758;0,654;0,033;0,166;0,075
0,757;0,755;1;;0,757;0,755;0,75;0;0,251;0
0,766;0,584;1;;0,766;0,584;0,773;0;0,317;0
0,726;0,387;1;;0,726;0,387;0,751;0;0,351;0
0,629;0,335;1;;0,629;0,335;0,728;0;0,356;0
0,452;0,136;1;;0,452;0,136;0,726;0;0,355;0
0,411;0,012;1;;0,411;0,012;0,723;0;0,382;0
0,599;0;1;;0,599;0;0,708;0;0,428;0
0,723;0;1;;0,723;0;0,695;0;0,44;0
0,76;0;1;;0,76;0;0,688;0;0,412;0
0,782;0;1;;0,782;0;0,68;0;0,392;0
0,787;0;1;;0,787;0;0,686;0;0,346;0
0,799;0;1;;0,799;0;0,676;0;0,291;0
0,879;0;1;;0,879;0;0,655;0;0,28;0
0,889;0;1;;0,889;0;0,658;0,036;0,29;0,022
0,86;0;1;;0,86;0;0,661;0,198;0,365;0,075
0,853;0;1;;0,853;0;0,721;0,419;0,413;0,108
0,889;0;1;;0,889;0;0,78;0,556;0,439;0,105
0,905;0,001;1;;0,905;0,001;0,815;0,578;0,46;0,113
0,888;0,037;1;;0,888;0,037;0,824;0,546;0,486;0,115
0,914;0,136;1;;0,914;0,136;0,816;0,478;0,481;0,115
0,936;0,272;1;;0,936;0,272;0,81;0,381;0,435;0,104
0,933;0,483;1;;0,933;0,483;0,816;0,26;0,38;0,083
0,925;0,607;1;;0,925;0,607;0,821;0,122;0,361;0,046
0,938;0,584;1;;0,938;0,584;0,824;0,023;0,356;0,006
0,961;0,565;1;;0,961;0,565;0,856;0;0,33;0
0,978;0,511;1;;0,978;0,511;0,861;0;0,27;0
0,985;0,45;1;;0,985;0,45;0,852;0;0,274;0
0,987;0,276;1;;0,987;0,276;0,835;0;0,275;0
0,985;0,128;1;;0,985;0,128;0,81;0;0,268;0
0,977;0,021;1;;0,977;0,021;0,755;0;0,237;0
0,977;0;1;;0,977;0;0,674;0;0,208;0
0,973;0;1;;0,973;0;0,602;0;0,196;0
0,954;0;1;;0,954;0;0,554;0;0,193;0
0,906;0;1;;0,906;0;0,533;0;0,199;0
0,869;0;1;;0,869;0;0,484;0;0,222;0
0,89;0;1;;0,89;0;0,424;0;0,235;0
0,91;0;1;;0,91;0;0,321;0;0,245;0
0,933;0;1;;0,933;0;0,242;0,039;0,193;0,035
0,953;0;1;;0,953;0;0,244;0,166;0,129;0,134
0,967;0;1;;0,967;0;0,261;0,347;0,118;0,257
0,974;0;1;;0,974;0;0,261;0,486;0,1;0,429
0,982;0,008;1;;0,982;0,008;0,251;0,532;0,066;0,528
0,986;0,06;1;;0,986;0,06;0,238;0,562;0,047;0,549
0,977;0,131;1;;0,977;0,131;0,229;0,483;0,046;0,516
0,929;0,216;1;;0,929;0,216;0,25;0,334;0,055;0,387
0,903;0,24;1;;0,903;0,24;0,303;0,182;0,071;0,218
0,87;0,249;1;;0,87;0,249;0,41;0,063;0,081;0,087
0,74;0,314;1;;0,74;0,314;0,551;0,005;0,087;0,014
0,677;0,392;1;;0,677;0,392;0,673;0;0,106;0
0,705;0,384;1;;0,705;0,384;0,775;0;0,165;0
0,778;0,291;1;;0,778;0,291;0,808;0;0,262;0
0,872;0,235;1;;0,872;0,235;0,805;0;0,362;0
0,93;0,109;1;;0,93;0,109;0,822;0;0,407;0
0,953;0,014;1;;0,953;0,014;0,806;0;0,419;0
0,968;0;1;;0,968;0;0,825;0;0,453;0
0,972;0;1;;0,972;0;0,815;0;0,489;0
0,964;0;1;;0,964;0;0,809;0;0,497;0
0,943;0;1;;0,943;0;0,855;0;0,494;0
0,915;0;1;;0,915;0;0,908;0;0,516;0
0,88;0;1;;0,88;0;0,938;0;0,545;0
0,855;0;1;;0,855;0;0,917;0;0,573;0
0,857;0;1;;0,857;0;0,91;0,008;0,582;0,012
0,881;0;1;;0,881;0;0,879;0,054;0,602;0,071
0,918;0;1;;0,918;0;0,849;0,14;0,686;0,128
0,95;0;1;;0,95;0;0,843;0,226;0,701;0,182
0,971;0,018;1;;0,971;0,018;0,843;0,245;0,683;0,207
0,983;0,149;1;;0,983;0,149;0,852;0,256;0,649;0,205
0,979;0,327;1;;0,979;0,327;0,85;0,333;0,605;0,171
0,968;0,454;1;;0,968;0,454;0,84;0,426;0,585;0,108
0,962;0,468;1;;0,962;0,468;0,817;0,338;0,48;0,068
0,956;0,401;1;;0,956;0,401;0,77;0,192;0,371;0,037
0,953;0,416;1;;0,953;0,416;0,789;0,027;0,395;0,004
0,947;0,387;1;;0,947;0,387;0,842;0;0,416;0
0,918;0,283;1;;0,918;0,283;0,857;0;0,389;0
0,862;0,2;1;;0,862;0,2;0,864;0;0,354;0
0,824;0,115;1;;0,824;0,115;0,871;0;0,357;0
0,802;0,04;1;;0,802;0,04;0,895;0;0,348;0
0,795;0,006;1;;0,795;0,006;0,897;0;0,395;0
0,752;0;1;;0,752;0;0,91;0;0,452;0
0,74;0;1;;0,74;0;0,915;0;0,473;0
0,79;0;1;;0,79;0;0,918;0;0,481;0
0,886;0;1;;0,886;0;0,931;0;0,467;0
0,95;0;1;;0,95;0;0,93;0;0,486;0
0,975;0;1;;0,975;0;0,922;0;0,48;0
0,985;0;1;;0,985;0;0,901;0;0,448;0
0,987;0;1;;0,987;0;0,876;0,011;0,388;0,024
0,987;0;1;;0,987;0;0,859;0,056;0,365;0,112
0,986;0;1;;0,986;0;0,859;0,094;0,407;0,209
0,985;0;1;;0,985;0;0,879;0,105;0,495;0,31
0,981;0,019;1;;0,981;0,019;0,87;0,117;0,602;0,292
0,971;0,165;1;;0,971;0,165;0,856;0,122;0,686;0,227
0,979;0,317;1;;0,979;0,317;0,844;0,118;0,675;0,166
0,977;0,336;1;;0,977;0,336;0,81;0,087;0,671;0,076
0,986;0,426;1;;0,986;0,426;0,776;0,048;0,686;0,084
0,985;0,34;1;;0,985;0,34;0,743;0,019;0,717;0,059
0,986;0,17;1;;0,986;0,17;0,7;0;0,764;0,01
0,987;0,098;1;;0,987;0,098;0,676;0;0,773;0
0,977;0,123;1;;0,977;0,123;0,65;0;0,744;0
0,906;0,107;1;;0,906;0,107;0,653;0;0,737;0
0,871;0,053;1;;0,871;0,053;0,68;0;0,753;0
0,817;0,029;1;;0,817;0,029;0,729;0;0,748;0
0,777;0,009;1;;0,777;0,009;0,782;0;0,634;0
0,78;0;1;;0,78;0;0,829;0;0,537;0
0,773;0;1;;0,773;0;0,854;0;0,538;0
0,646;0;1;;0,646;0;0,884;0;0,514;0
0,626;0;1;;0,626;0;0,882;0;0,492;0
0,456;0;1;;0,456;0;0,879;0;0,512;0
0,332;0;1;;0,332;0;0,874;0;0,627;0
0,317;0;1;;0,317;0;0,881;0;0,766;0
0,294;0;1;;0,294;0;0,879;0,02;0,76;0,005
0,286;0;1;;0,286;0;0,862;0,132;0,55;0,128
0,249;0;1;;0,249;0;0,876;0,253;0,653;0,358
0,232;0;1;;0,232;0;0,905;0,331;0,723;0,557
0,211;0,013;1;;0,211;0,013;0,933;0,374;0,737;0,662
0,193;0,097;1;;0,193;0,097;0,949;0,315;0,737;0,703
0,23;0,203;1;;0,23;0,203;0,958;0,3;0,733;0,673
0,306;0,326;1;;0,306;0,326;0,962;0,282;0,726;0,583
0,391;0,439;1;;0,391;0,439;0,963;0,249;0,709;0,44
0,517;0,52;1;;0,517;0,52;0,966;0,128;0,65;0,241
0,639;0,524;1;;0,639;0,524;0,97;0,009;0,602;0,038
0,696;0,482;1;;0,696;0,482;0,97;0;0,612;0
0,692;0,456;1;;0,692;0,456;0,97;0;0,592;0
0,688;0,421;1;;0,688;0,421;0,965;0;0,568;0
0,753;0,308;1;;0,753;0,308;0,953;0;0,544;0
0,885;0,162;1;;0,885;0,162;0,946;0;0,535;0
0,954;0,03;1;;0,954;0,03;0,93;0;0,529;0
0,979;0;1;;0,979;0;0,939;0;0,522;0
0,985;0;1;;0,985;0;0,963;0;0,515;0
0,986;0;1;;0,986;0;0,979;0;0,551;0
0,975;0;1;;0,975;0;0,982;0;0,526;0
0,946;0;1;;0,946;0;0,987;0;0,519;0
0,898;0;1;;0,898;0;0,987;0;0,497;0
0,859;0;1;;0,859;0;0,987;0;0,483;0
0,83;0;1;;0,83;0;0,986;0,006;0,452;0,031
0,81;0;1;;0,81;0;0,984;0,031;0,382;0,132
0,786;0;1;;0,786;0;0,985;0,068;0,442;0,201
0,782;0;1;;0,782;0;0,984;0,106;0,565;0,324
0,823;0,002;1;;0,823;0,002;0,98;0,154;0,649;0,436
0,88;0,024;1;;0,88;0,024;0,979;0,174;0,707;0,514
0,951;0,063;1;;0,951;0,063;0,982;0,136;0,721;0,436
0,983;0,094;1;;0,983;0,094;0,986;0,048;0,713;0,337
0,987;0,135;1;;0,987;0,135;0,986;0,026;0,691;0,287
0,979;0,181;1;;0,979;0,181;0,983;0,012;0,629;0,082
0,97;0,306;1;;0,97;0,306;0,981;0;0,593;0,01
0,956;0,354;1;;0,956;0,354;0,973;0;0,602;0
0,952;0,316;1;;0,952;0,316;0,956;0;0,606;0
0,959;0,349;1;;0,959;0,349;0,941;0;0,619;0
0,972;0,205;1;;0,972;0,205;0,935;0;0,626;0
0,976;0,05;1;;0,976;0,05;0,951;0;0,613;0
0,966;0,017;1;;0,966;0,017;0,98;0;0,608;0
0,956;0;1;;0,956;0;0,986;0;0,605;0
0,963;0;1;;0,963;0;0,957;0;0,595;0
0,975;0;1;;0,975;0;0,917;0;0,578;0
0,982;0;1;;0,982;0;0,908;0;0,565;0
0,987;0;1;;0,987;0;0,905;0;0,585;0
0,984;0;1;;0,984;0;0,85;0;0,622;0
0,98;0;1;;0,98;0;0,774;0;0,649;0
0,977;0;1;;0,977;0;0,731;0,005;0,617;0,06
0,975;0;1;;0,975;0;0,728;0,044;0,464;0,278
0,974;0;1;;0,974;0;0,778;0,106;0,581;0,471
0,976;0;1;;0,976;0;0,864;0,178;0,621;0,603
0,977;0,021;1;;0,977;0,021;0,901;0,247;0,609;0,674
0,984;0,13;1;;0,984;0,13;0,91;0,304;0,618;0,688
0,985;0,244;1;;0,985;0,244;0,906;0,314;0,674;0,651
0,959;0,365;1;;0,959;0,365;0,895;0,323;0,674;0,547
0,894;0,448;1;;0,894;0,448;0,862;0,2;0,599;0,342
0,831;0,401;1;;0,831;0,401;0,81;0,046;0,594;0,108
0,758;0,431;1;;0,758;0,431;0,75;0,006;0,651;0,005
0,67;0,437;1;;0,67;0,437;0,715;0;0,618;0
0,565;0,371;1;;0,565;0,371;0,68;0;0,586;0
0,499;0,296;1;;0,499;0,296;0,629;0;0,575;0
0,488;0,221;1;;0,488;0,221;0,56;0;0,573;0
0,54;0,118;1;;0,54;0,118;0,493;0;0,539;0
0,719;0,029;1;;0,719;0,029;0,452;0;0,529;0
0,905;0;1;;0,905;0;0,389;0;0,514;0
0,974;0;1;;0,974;0;0,331;0;0,494;0
0,987;0;1;;0,987;0;0,274;0;0,46;0
0,974;0;1;;0,974;0;0,222;0;0,43;0
0,963;0;1;;0,963;0;0,194;0;0,457;0
0,938;0;1;;0,938;0;0,23;0;0,497;0
0,933;0;1;;0,933;0;0,309;0;0,529;0
0,932;0;1;;0,932;0;0,364;0,002;0,515;0,038
0,928;0;1;;0,928;0;0,325;0,023;0,39;0,183
0,925;0;1;;0,925;0;0,294;0,063;0,351;0,233
0,917;0;1;;0,917;0;0,33;0,134;0,41;0,28
0,867;0,032;1;;0,867;0,032;0,406;0,148;0,468;0,437
0,789;0,183;1;;0,789;0,183;0,449;0,117;0,552;0,581
0,894;0,367;1;;0,894;0,367;0,515;0,082;0,6;0,612
0,874;0,508;1;;0,874;0,508;0,66;0,064;0,616;0,535
0,858;0,613;1;;0,858;0,613;0,782;0,044;0,606;0,394
0,844;0,608;1;;0,844;0,608;0,883;0,023;0,636;0,206
0,833;0,593;1;;0,833;0,593;0,938;0,001;0,715;0,025
0,84;0,576;1;;0,84;0,576;0,968;0;0,726;0
0,868;0,406;1;;0,868;0,406;0,986;0;0,662;0
0,894;0,339;1;;0,894;0,339;0,985;0;0,644;0
0,905;0,282;1;;0,905;0,282;0,972;0;0,626;0
0,876;0,149;1;;0,876;0,149;0,978;0;0,587;0
0,754;0,029;1;;0,754;0,029;0,982;0;0,579;0
0,663;0;1;;0,663;0;0,982;0;0,526;0
0,623;0;1;;0,623;0;0,985;0;0,431;0
0,683;0;1;;0,683;0;0,983;0;0,327;0
0,766;0;1;;0,766;0;0,978;0;0,244;0
0,825;0;1;;0,825;0;0,966;0;0,216;0
0,854;0;1;;0,854;0;0,943;0;0,202;0
0,864;0;1;;0,864;0;0,907;0;0,194;0
0,87;0;1;;0,87;0;0,824;0,006;0,203;0,031
0,874;0;1;;0,874;0;0,687;0,044;0,153;0,198
0,882;0;1;;0,882;0;0,472;0,095;0,156;0,392
0,871;0;1;;0,871;0;0,257;0,122;0,233;0,539
0,863;0,01;1;;0,863;0,01;0,084;0,179;0,292;0,625
0,853;0,067;1;;0,853;0,067;0,035;0,286;0,354;0,654
0,93;0,203;1;;0,93;0,203;0,009;0,224;0,389;0,626
0,963;0,404;1;;0,963;0,404;0,035;0,047;0,392;0,543
0,967;0,626;1;;0,967;0,626;0,072;0,029;0,351;0,401
0,963;0,728;1;;0,963;0,728;0,321;0,013;0,353;0,211
0,946;0,706;1;;0,946;0,706;0,728;0,001;0,439;0,024
0,914;0,68;1;;0,914;0,68;0,847;0;0,517;0
0,864;0,55;1;;0,864;0,55;0,873;0;0,582;0
0,806;0,312;1;;0,806;0,312;0,888;0;0,604;0
0,732;0,179;1;;0,732;0,179;0,918;0;0,588;0
0,654;0,103;1;;0,654;0,103;0,923;0;0,575;0
0,529;0,023;1;;0,529;0,023;0,909;0;0,583;0
0,511;0;1;;0,511;0;0,922;0;0,561;0
0,503;0;1;;0,503;0;0,895;0;0,508;0
0,471;0;1;;0,471;0;0,825;0;0,424;0
0,48;0;1;;0,48;0;0,792;0;0,331;0
0,494;0;1;;0,494;0;0,767;0;0,244;0
0,508;0;1;;0,508;0;0,689;0;0,178;0
0,518;0;1;;0,518;0;0,594;0;0,14;0
0,525;0;1;;0,525;0;0,534;0,015;0,128;0,022
0,505;0;1;;0,505;0;0,404;0,146;0,082;0,141
0,426;0;1;;0,426;0;0,274;0,306;0,042;0,331
0,338;0;1;;0,338;0;0,222;0,429;0,044;0,499
0,231;0,01;1;;0,231;0,01;0,216;0,528;0,058;0,566
0,136;0,067;1;;0,136;0,067;0,253;0,556;0,077;0,539
0,085;0,276;1;;0,085;0,276;0,27;0,526;0,092;0,312
0,03;0,571;1;;0,03;0,571;0,225;0,387;0,079;0,152
0,004;0,728;1;;0,004;0,728;0,167;0,215;0,073;0,08
0,001;0,807;1;;0,001;0,807;0,144;0,108;0,185;0,026
0;0,831;1;;0;0,831;0,132;0,006;0,446;0
0;0,806;1;;0;0,806;0,091;0;0,632;0
0;0,732;1;;0;0,732;0,063;0;0,657;0
0,002;0,609;1;;0,002;0,609;0,063;0;0,61;0
0,015;0,438;1;;0,015;0,438;0,07;0;0,509;0
0,058;0,228;1;;0,058;0,228;0,088;0;0,394;0
0,244;0,037;1;;0,244;0,037;0,125;0;0,351;0
0,579;0;1;;0,579;0;0,184;0;0,409;0
0,654;0;1;;0,654;0;0,243;0;0,465;0
0,565;0;1;;0,565;0;0,304;0;0,457;0
0,486;0;1;;0,486;0;0,418;0;0,472;0
0,433;0;1;;0,433;0;0,497;0;0,5;0
0,358;0;1;;0,358;0;0,506;0;0,505;0
0,256;0;1;;0,256;0;0,5;0;0,515;0
0,216;0;1;;0,216;0;0,433;0,001;0,481;0,033
0,21;0;1;;0,21;0;0,403;0,025;0,392;0,212
0,211;0;1;;0,211;0;0,443;0,032;0,511;0,42
0,222;0;1;;0,222;0;0,464;0,055;0,634;0,503
0,204;0,02;1;;0,204;0,02;0,533;0,083;0,661;0,4
0,197;0,087;1;;0,197;0,087;0,623;0,144;0,649;0,228
0,197;0,22;1;;0,197;0,22;0,666;0,251;0,627;0,186
0,198;0,482;1;;0,198;0,482;0,589;0,327;0,6;0,201
0,268;0,735;1;;0,268;0,735;0,462;0,254;0,548;0,188
0,397;0,822;1;;0,397;0,822;0,387;0,122;0,515;0,119
0,663;0,842;1;;0,663;0,842;0,421;0,005;0,597;0,013
0,726;0,815;1;;0,726;0,815;0,561;0;0,646;0
0,688;0,742;1;;0,688;0,742;0,708;0;0,659;0
0,642;0,619;1;;0,642;0,619;0,784;0;0,646;0
0,613;0,442;1;;0,613;0,442;0,815;0;0,595;0
0,667;0,229;1;;0,667;0,229;0,802;0;0,565;0
0,735;0,039;1;;0,735;0,039;0,765;0;0,548;0
0,754;0;1;;0,754;0;0,746;0;0,523;0
0,728;0;1;;0,728;0;0,796;0;0,489;0
0,642;0;1;;0,642;0;0,817;0;0,459;0
0,508;0;1;;0,508;0;0,84;0;0,452;0
0,32;0;1;;0,32;0;0,846;0;0,503;0
0,205;0;1;;0,205;0;0,793;0;0,537;0
0,132;0;1;;0,132;0;0,724;0;0,561;0
0,113;0;1;;0,113;0;0,674;0,001;0,589;0,014
0,178;0;1;;0,178;0;0,602;0,032;0,556;0,095
0,327;0;1;;0,327;0;0,551;0,079;0,478;0,237
0,457;0;1;;0,457;0;0,577;0,138;0,446;0,374
0,467;0,01;1;;0,467;0,01;0,624;0,308;0,385;0,477
0,436;0,04;1;;0,436;0,04;0,61;0,534;0,335;0,515
0,561;0,069;1;;0,561;0,069;0,613;0,572;0,332;0,398
0,662;0,14;1;;0,662;0,14;0,595;0,505;0,328;0,215
0,836;0,415;1;;0,836;0,415;0,476;0,342;0,287;0,091
0,921;0,722;1;;0,921;0,722;0,291;0,168;0,268;0,018
0,958;0,753;1;;0,958;0,753;0,153;0,005;0,336;0
0,978;0,679;1;;0,978;0,679;0,098;0;0,437;0
0,982;0,427;1;;0,982;0,427;0,143;0;0,452;0
0,982;0,282;1;;0,982;0,282;0,285;0;0,433;0
0,985;0,18;1;;0,985;0,18;0,455;0;0,416;0
0,979;0,049;1;;0,979;0,049;0,533;0;0,452;0
0,969;0,011;1;;0,969;0,011;0,551;0;0,428;0
0,971;0;1;;0,971;0;0,555;0;0,449;0
0,961;0;1;;0,961;0;0,533;0;0,503;0
0,936;0;1;;0,936;0;0,542;0;0,439;0
0,931;0;1;;0,931;0;0,571;0;0,397;0
0,922;0;1;;0,922;0;0,617;0;0,418;0
0,931;0;1;;0,931;0;0,661;0;0,456;0
0,954;0;1;;0,954;0;0,681;0;0,457;0
0,961;0;1;;0,961;0;0,698;0,001;0,473;0,004
0,952;0;1;;0,952;0;0,702;0,03;0,468;0,041
0,93;0;1;;0,93;0;0,694;0,072;0,479;0,113
0,884;0;1;;0,884;0;0,691;0,133;0,517;0,26
0,802;0,049;1;;0,802;0,049;0,748;0,206;0,658;0,275
0,745;0,219;1;;0,745;0,219;0,873;0,321;0,765;0,222
0,771;0,418;1;;0,771;0,418;0,925;0,123;0,817;0,371
0,568;0,386;1;;0,568;0,386;0,958;0,22;0,827;0,458
0,351;0,267;1;;0,351;0,267;0,976;0,14;0,782;0,341
0,262;0,303;1;;0,262;0,303;0,986;0,04;0,7;0,174
0,509;0,39;1;;0,509;0,39;0,987;0,001;0,622;0,015
0,827;0,431;1;;0,827;0,431;0,987;0;0,554;0
0,947;0,235;1;;0,947;0,235;0,986;0;0,457;0
0,962;0,088;1;;0,962;0,088;0,985;0;0,384;0
0,953;0,037;1;;0,953;0,037;0,986;0;0,33;0
0,961;0,017;1;;0,961;0,017;0,986;0;0,3;0
0,966;0,003;1;;0,966;0,003;0,984;0;0,292;0
0,965;0;1;;0,965;0;0,974;0;0,368;0
0,961;0;1;;0,961;0;0,951;0;0,487;0
0,968;0;1;;0,968;0;0,925;0;0,43;0
0,981;0;1;;0,981;0;0,905;0;0,389;0
0,986;0;1;;0,986;0;0,895;0;0,432;0
0,987;0;1;;0,987;0;0,889;0;0,569;0
0,985;0;1;;0,985;0;0,876;0;0,581;0
0,986;0;1;;0,986;0;0,845;0;0,554;0
0,984;0;1;;0,984;0;0,814;0,028;0,477;0,018
0,985;0;1;;0,985;0;0,794;0,099;0,434;0,098
0,984;0;1;;0,984;0;0,819;0,148;0,515;0,281
0,983;0,019;1;;0,983;0,019;0,782;0,103;0,599;0,353
0,981;0,051;1;;0,981;0,051;0,753;0,088;0,636;0,315
0,972;0,128;1;;0,972;0,128;0,77;0,078;0,618;0,168
0,829;0,386;1;;0,829;0,386;0,782;0,081;0,558;0,105
0,62;0,549;1;;0,62;0,549;0,777;0,054;0,528;0,074
0,631;0,548;1;;0,631;0,548;0,755;0,022;0,515;0,063
0,744;0,578;1;;0,744;0,578;0,744;0;0,543;0,004
0,859;0,47;1;;0,859;0,47;0,712;0;0,524;0
0,94;0,341;1;;0,94;0,341;0,724;0;0,457;0
0,979;0,227;1;;0,979;0,227;0,721;0;0,389;0
0,984;0,115;1;;0,984;0,115;0,705;0;0,32;0
0,958;0,047;1;;0,958;0,047;0,708;0;0,313;0
0,928;0,014;1;;0,928;0,014;0,704;0;0,225;0
0,901;0;1;;0,901;0;0,708;0;0,154;0
0,862;0;1;;0,862;0;0,711;0;0,148;0
0,869;0;1;;0,869;0;0,693;0;0,164;0
0,863;0;1;;0,863;0;0,677;0;0,167;0
0,856;0;1;;0,856;0;0,667;0;0,206;0
0,872;0;1;;0,872;0;0,649;0;0,237;0
0,891;0;1;;0,891;0;0,611;0;0,26;0
0,89;0;1;;0,89;0;0,542;0,004;0,3;0,002
0,875;0;1;;0,875;0;0,449;0,069;0,295;0,052
0,872;0;1;;0,872;0;0,346;0,171;0,239;0,139
0,874;0;1;;0,874;0;0,299;0,302;0,192;0,209
0,825;0,033;1;;0,825;0,033;0,275;0,253;0,159;0,247
0,731;0,11;1;;0,731;0,11;0,25;0,274;0,154;0,338
0,88;0,266;1;;0,88;0,266;0,241;0,214;0,148;0,27
0,964;0,504;1;;0,964;0,504;0,157;0,11;0,114;0,151
0,982;0,498;1;;0,982;0,498;0,07;0,07;0,063;0,07
0,986;0,446;1;;0,986;0,446;0,044;0,022;0,031;0,026
0,985;0,459;1;;0,985;0,459;0,052;0;0,029;0
0,978;0,509;1;;0,978;0,509;0,064;0;0,036;0
0,962;0,523;1;;0,962;0,523;0,075;0;0,059;0
0,939;0,444;1;;0,939;0,444;0,133;0;0,108;0
0,909;0,341;1;;0,909;0,341;0,282;0;0,193;0
0,882;0,202;1;;0,882;0,202;0,38;0;0,255;0
0,862;0,052;1;;0,862;0,052;0,513;0;0,215;0
0,882;0,001;1;;0,882;0,001;0,613;0;0,195;0
0,886;0;1;;0,886;0;0,681;0;0,214;0
0,87;0;1;;0,87;0;0,675;0;0,189;0
0,845;0;1;;0,845;0;0,734;0;0,14;0
0,8;0;1;;0,8;0;0,753;0;0,183;0
0,786;0;1;;0,786;0;0,739;0;0,276;0
0,805;0;1;;0,805;0;0,719;0;0,306;0
0,813;0;1;;0,813;0;0,697;0;0,388;0,01
0,796;0;1;;0,796;0;0,72;0,013;0,317;0,044
0,746;0;1;;0,746;0;0,672;0,048;0,243;0,087
0,727;0;1;;0,727;0;0,605;0,067;0,21;0,144
0,709;0,026;1;;0,709;0,026;0,551;0,119;0,225;0,185
0,775;0,167;1;;0,775;0,167;0,443;0,219;0,275;0,128
0,929;0,421;1;;0,929;0,421;0,322;0,224;0,232;0,136
0,971;0,556;1;;0,971;0,556;0,278;0,21;0,253;0,141
0,982;0,654;1;;0,982;0,654;0,258;0,09;0,283;0,183
0,987;0,717;1;;0,987;0,717;0,381;0,033;0,233;0,075
0,986;0,736;1;;0,986;0,736;0,602;0;0,243;0,004
0,982;0,736;1;;0,982;0,736;0,698;0;0,242;0
0,975;0,676;1;;0,975;0,676;0,716;0;0,217;0
0,969;0,569;1;;0,969;0,569;0,726;0;0,225;0
0,97;0,405;1;;0,97;0,405;0,7;0;0,187;0
0,983;0,215;1;;0,983;0,215;0,68;0;0,166;0
0,987;0,051;1;;0,987;0,051;0,678;0;0,151;0
0,987;0,002;1;;0,987;0,002;0,703;0;0,113;0
0,987;0;1;;0,987;0;0,721;0;0,071;0
0,986;0;1;;0,986;0;0,723;0;0,042;0
0,984;0;1;;0,984;0;0,713;0;0,029;0
0,982;0;1;;0,982;0;0,728;0;0,095;0
0,975;0;1;;0,975;0;0,813;0;0,109;0
0,963;0;1;;0,963;0;0,818;0;0,069;0
0,958;0;1;;0,958;0;0,81;0,005;0,047;0,004
0,956;0;1;;0,956;0;0,784;0,113;0,064;0,029
0,944;0;1;;0,944;0;0,728;0,247;0,04;0,089
0,932;0;1;;0,932;0;0,744;0,334;0,032;0,148
0,918;0,045;1;;0,918;0,045;0,775;0,36;0,021;0,181
0,904;0,196;1;;0,904;0,196;0,759;0,362;0,014;0,347
0,975;0,356;1;;0,975;0,356;0,737;0,291;0,014;0,469
0,985;0,521;1;;0,985;0,521;0,682;0,226;0,017;0,44
0,987;0,664;1;;0,987;0,664;0,613;0,157;0,019;0,303
0,987;0,73;1;;0,987;0,73;0,575;0,052;0,033;0,142
0,987;0,752;1;;0,987;0,752;0,607;0;0,067;0,006
0,986;0,713;1;;0,986;0,713;0,613;0;0,113;0
0,983;0,623;1;;0,983;0,623;0,604;0;0,176;0
0,98;0,501;1;;0,98;0,501;0,594;0;0,247;0
0,974;0,28;1;;0,974;0,28;0,575;0;0,297;0
0,958;0,165;1;;0,958;0,165;0,533;0;0,331;0
0,942;0,054;1;;0,942;0,054;0,523;0;0,368;0
0,94;0,002;1;;0,94;0,002;0,509;0;0,368;0
0,926;0;1;;0,926;0;0,494;0;0,346;0
0,908;0;1;;0,908;0;0,447;0;0,344;0
0,885;0;1;;0,885;0;0,4;0;0,365;0
0,854;0;1;;0,854;0;0,34;0;0,389;0
0,808;0;1;;0,808;0;0,296;0;0,392;0
0,798;0;1;;0,798;0;0,291;0;0,384;0
0,761;0;1;;0,761;0;0,302;0;0,371;0,009
0,671;0;1;;0,671;0;0,285;0,042;0,236;0,093
0,575;0;1;;0,575;0;0,214;0,14;0,197;0,188
0,518;0;1;;0,518;0;0,196;0,257;0,255;0,307
0,497;0,059;1;;0,497;0,059;0,18;0,441;0,246;0,533
0,39;0,226;1;;0,39;0,226;0,148;0,461;0,222;0,614
0,737;0,423;1;;0,737;0,423;0,145;0,438;0,21;0,598
0,894;0,589;1;;0,894;0,589;0,173;0,286;0,224;0,521
0,909;0,692;1;;0,909;0,692;0,214;0,127;0,257;0,372
0,898;0,72;1;;0,898;0,72;0,306;0,046;0,29;0,17
0,89;0,73;1;;0,89;0,73;0,511;0;0,424;0,004
0,869;0,741;1;;0,869;0,741;0,677;0;0,514;0
0,845;0,637;1;;0,845;0,637;0,737;0;0,476;0
0,851;0,501;1;;0,851;0,501;0,75;0;0,435;0
0,876;0,251;1;;0,876;0,251;0,739;0;0,424;0
0,884;0,119;1;;0,884;0,119;0,713;0;0,415;0
0,844;0,046;1;;0,844;0,046;0,671;0;0,377;0
0,805;0,003;1;;0,805;0,003;0,649;0;0,354;0
0,809;0;1;;0,809;0;0,677;0;0,366;0
0,848;0;1;;0,848;0;0,686;0;0,336;0
0,846;0;1;;0,846;0;0,651;0;0,276;0
0,821;0;1;;0,821;0;0,623;0;0,257;0
0,761;0;1;;0,761;0;0,613;0;0,253;0
0,642;0;1;;0,642;0;0,614;0;0,245;0
0,54;0;1;;0,54;0;0,614;0,001;0,225;0,004
0,548;0;1;;0,548;0;0,554;0,054;0,156;0,069
0,537;0;1;;0,537;0;0,457;0,171;0,144;0,194
0,591;0;1;;0,591;0;0,476;0,309;0,193;0,395
0,629;0,041;1;;0,629;0,041;0,54;0,39;0,224;0,564
0,68;0,104;1;;0,68;0,104;0,622;0,412;0,291;0,598
0,825;0,127;1;;0,825;0,127;0,664;0,287;0,343;0,511
0,793;0,131;1;;0,793;0,131;0,663;0,198;0,287;0,211
0,731;0,164;1;;0,731;0,164;0,613;0,119;0,214;0,126
0,695;0,244;1;;0,695;0,244;0,592;0,047;0,281;0,112
0,737;0,454;1;;0,737;0,454;0,746;0;0,434;0,003
0,813;0,678;1;;0,813;0,678;0,857;0;0,494;0
0,868;0,66;1;;0,868;0,66;0,88;0;0,522;0
0,888;0,575;1;;0,888;0,575;0,914;0;0,565;0
0,898;0,425;1;;0,898;0,425;0,945;0;0,558;0
0,897;0,236;1;;0,897;0,236;0,926;0;0,581;0
0,863;0,06;1;;0,863;0,06;0,931;0;0,551;0
0,823;0,004;1;;0,823;0,004;0,942;0;0,498;0
0,8;0;1;;0,8;0;0,943;0;0,46;0
0,745;0;1;;0,745;0;0,951;0;0,468;0
0,699;0;1;;0,699;0;0,967;0;0,449;0
0,715;0;1;;0,715;0;0,937;0;0,414;0
0,782;0;1;;0,782;0;0,903;0;0,45;0
0,829;0;1;;0,829;0;0,873;0;0,459;0
0,845;0;1;;0,845;0;0,849;0;0,454;0,008
0,836;0;1;;0,836;0;0,864;0,037;0,319;0,128
0,817;0;1;;0,817;0;0,867;0,093;0,281;0,302
0,761;0,001;1;;0,761;0,001;0,903;0,218;0,357;0,492
0,556;0,068;1;;0,556;0,068;0,935;0,402;0,398;0,608
0,244;0,237;1;;0,244;0,237;0,947;0,414;0,396;0,637
0,411;0,412;1;;0,411;0,412;0,948;0,414;0,372;0,622
0,623;0,526;1;;0,623;0,526;0,933;0,331;0,337;0,528
0,844;0,615;1;;0,844;0,615;0,898;0,204;0,288;0,302
0,941;0,616;1;;0,941;0,616;0,851;0,068;0,246;0,095
0,968;0,573;1;;0,968;0,573;0,836;0;0,276;0,002
0,971;0,495;1;;0,971;0,495;0,835;0;0,371;0
0,954;0,331;1;;0,954;0,331;0,836;0;0,472;0
0,89;0,193;1;;0,89;0,193;0,899;0;0,53;0
0,76;0,113;1;;0,76;0,113;0,944;0;0,537;0
0,565;0,066;1;;0,565;0,066;0,968;0;0,506;0
0,453;0,026;1;;0,453;0,026;0,98;0;0,477;0
0,403;0;1;;0,403;0;0,983;0;0,46;0
0,341;0;1;;0,341;0;0,986;0;0,452;0
0,201;0;1;;0,201;0;0,987;0;0,433;0
0,107;0;1;;0,107;0;0,984;0;0,389;0
0,07;0;1;;0,07;0;0,981;0;0,353;0
0,063;0;1;;0,063;0;0,968;0;0,354;0
0,091;0;1;;0,091;0;0,968;0;0,371;0
0,134;0;1;;0,134;0;0,98;0;0,377;0,01
0,165;0;1;;0,165;0;0,984;0,029;0,274;0,136
0,166;0;1;;0,166;0;0,985;0,07;0,229;0,404
0,139;0;1;;0,139;0;0,985;0,128;0,301;0,57
0,103;0,006;1;;0,103;0,006;0,985;0,249;0,365;0,65
0,084;0,033;1;;0,084;0,033;0,986;0,355;0,397;0,667
0,092;0,074;1;;0,092;0,074;0,986;0,348;0,414;0,637
0,176;0,19;1;;0,176;0,19;0,987;0,259;0,434;0,549
0,489;0,479;1;;0,489;0,479;0,987;0,125;0,421;0,392
0,842;0,699;1;;0,842;0,699;0,987;0,037;0,457;0,163
0,958;0,494;1;;0,958;0,494;0,987;0;0,596;0,001
0,985;0,708;1;;0,985;0,708;0,986;0;0,657;0
0,987;0,708;1;;0,987;0,708;0,986;0;0,689;0
0,986;0,578;1;;0,986;0,578;0,987;0;0,703;0
0,974;0,373;1;;0,974;0,373;0,986;0;0,7;0
0,943;0,196;1;;0,943;0,196;0,987;0;0,686;0
0,877;0,066;1;;0,877;0,066;0,981;0;0,661;0
0,805;0,005;1;;0,805;0,005;0,958;0;0,645;0
0,779;0;1;;0,779;0;0,95;0;0,642;0
0,743;0;1;;0,743;0;0,966;0;0,639;0
0,77;0;1;;0,77;0;0,965;0;0,624;0
0,796;0;1;;0,796;0;0,971;0;0,612;0
0,84;0;1;;0,84;0;0,978;0;0,587;0
0,85;0;1;;0,85;0;0,975;0;0,558;0
0,849;0;1;;0,849;0;0,97;0;0,508;0,002
0,859;0;1;;0,859;0;0,963;0,037;0,354;0,052
0,87;0;1;;0,87;0;0,963;0,077;0,238;0,099
0,894;0,001;1;;0,894;0,001;0,963;0,16;0,259;0,113
0,918;0,061;1;;0,918;0,061;0,966;0,23;0,239;0,132
0,966;0,206;1;;0,966;0,206;0,969;0,263;0,213;0,138
0,975;0,391;1;;0,975;0,391;0,967;0,311;0,199;0,109
0,979;0,493;1;;0,979;0,493;0,965;0,26;0,18;0,084
0,981;0,536;1;;0,981;0,536;0,962;0,101;0,157;0,049
0,984;0,477;1;;0,984;0,477;0,964;0,017;0,14;0,022
0,984;0,425;1;;0,984;0,425;0,968;0;0,132;0
0,984;0,452;1;;0,984;0,452;0,968;0;0,13;0
0,983;0,493;1;;0,983;0,493;0,972;0;0,125;0
0,982;0,378;1;;0,982;0,378;0,977;0;0,13;0
0,974;0,231;1;;0,974;0,231;0,977;0;0,139;0
0,962;0,14;1;;0,962;0,14;0,977;0;0,162;0
0,959;0,047;1;;0,959;0,047;0,973;0;0,18;0
0,963;0,002;1;;0,963;0,002;0,968;0;0,173;0
0,973;0;1;;0,973;0;0,958;0;0,156;0
0,982;0;1;;0,982;0;0,946;0;0,14;0
0,987;0;1;;0,987;0;0,925;0;0,128;0
0,985;0;1;;0,985;0;0,89;0;0,117;0
0,983;0;1;;0,983;0;0,854;0;0,095;0
0,982;0;1;;0,982;0;0,823;0;0,075;0
0,985;0;1;;0,985;0;0,801;0;0,056;0,002
0,987;0;1;;0,987;0;0,755;0,035;0,037;0,055
0,985;0;1;;0,985;0;0,687;0,11;0,029;0,131
0,98;0;1;;0,98;0;0,684;0,154;0,037;0,296
0,971;0,047;1;;0,971;0,047;0,717;0,238;0,06;0,47
0,967;0,158;1;;0,967;0,158;0,726;0,25;0,064;0,605
0,958;0,319;1;;0,958;0,319;0,723;0,236;0,072;0,588
0,929;0,426;1;;0,929;0,426;0,699;0,206;0,085;0,542
0,878;0,458;1;;0,878;0,458;0,667;0,139;0,102;0,21
0,805;0,421;1;;0,805;0,421;0,649;0,056;0,132;0,035
0,737;0,411;1;;0,737;0,411;0,659;0;0,16;0
0,654;0,371;1;;0,654;0,371;0,643;0;0,187;0
0,554;0,317;1;;0,554;0,317;0,613;0;0,198;0
0,452;0,263;1;;0,452;0,263;0,578;0;0,203;0
0,343;0,193;1;;0,343;0,193;0,54;0;0,203;0
0,246;0,113;1;;0,246;0,113;0,5;0;0,209;0
0,162;0,045;1;;0,162;0,045;0,472;0;0,221;0
0,109;0,004;1;;0,109;0,004;0,464;0;0,225;0
0,067;0;1;;0,067;0;0,464;0;0,242;0
0,06;0;1;;0,06;0;0,46;0;0,263;0
0,074;0;1;;0,074;0;0,436;0;0,256;0
0,084;0;1;;0,084;0;0,421;0;0,235;0
0,081;0;1;;0,081;0;0,431;0;0,199;0
0,081;0;1;;0,081;0;0,434;0;0,167;0
0,082;0;1;;0,082;0;0,422;0;0,165;0
0,072;0;1;;0,072;0;0,411;0,072;0,182;0,054
0,055;0;1;;0,055;0;0,39;0,268;0,206;0,215
0,039;0,002;1;;0,039;0,002;0,39;0,48;0,256;0,352
0,021;0,07;1;;0,021;0,07;0,381;0,614;0,296;0,528
0,009;0,265;1;;0,009;0,265;0,364;0,64;0,288;0,592
0,009;0,488;1;;0,009;0,488;0,344;0,608;0,275;0,607
0,015;0,65;1;;0,015;0,65;0,341;0,52;0,276;0,52
0,021;0,775;1;;0,021;0,775;0,355;0,363;0,286;0,36
0,029;0,856;1;;0,029;0,856;0,414;0,163;0,302;0,129
0,044;0,889;1;;0,044;0,889;0,464;0;0,411;0
0,067;0,872;1;;0,067;0,872;0,473;0;0,497;0
0,091;0,799;1;;0,091;0,799;0,457;0;0,537;0
0,109;0,675;1;;0,109;0,675;0,423;0;0,554;0
0,118;0,5;1;;0,118;0,5;0,378;0;0,553;0
0,122;0,28;1;;0,122;0,28;0,326;0;0,535;0
0,14;0,053;1;;0,14;0,053;0,275;0;0,511;0
0,261;0,007;1;;0,261;0,007;0,225;0;0,486;0
0,399;0;1;;0,399;0;0,184;0;0,482;0
0,532;0;1;;0,532;0;0,151;0;0,476;0
0,619;0;1;;0,619;0;0,126;0;0,461;0
0,632;0;1;;0,632;0;0,113;0;0,44;0
0,592;0;1;;0,592;0;0,106;0;0,41;0
0,542;0;1;;0,542;0;0,097;0;0,389;0
0,494;0;1;;0,494;0;0,089;0;0,357;0,003
0,5;0;1;;0,5;0;0,087;0,135;0,274;0,118
0,61;0;1;;0,61;0;0,086;0,359;0,278;0,337
0,72;0,004;1;;0,72;0,004;0,078;0,533;0,327;0,455
0,735;0,058;1;;0,735;0,058;0,063;0,628;0,346;0,418
0,653;0,141;1;;0,653;0,141;0,042;0,656;0,335;0,291
0,669;0,29;1;;0,669;0,29;0,027;0,621;0,322;0,225
0,842;0,438;1;;0,842;0,438;0,019;0,525;0,309;0,176
0,905;0,464;1;;0,905;0,464;0,017;0,363;0,275;0,089
0,914;0,422;1;;0,914;0,422;0,028;0,151;0,284;0,02
0,91;0,419;1;;0,91;0,419;0,041;0;0,382;0
0,886;0,411;1;;0,886;0,411;0,053;0;0,459;0
0,856;0,469;1;;0,856;0,469;0,065;0;0,499;0
0,877;0,413;1;;0,877;0,413;0,077;0;0,537;0
0,904;0,212;1;;0,904;0,212;0,092;0;0,565;0
0,907;0,097;1;;0,907;0,097;0,124;0;0,568;0
0,918;0,058;1;;0,918;0,058;0,168;0;0,561;0
0,921;0,009;1;;0,921;0,009;0,195;0;0,548;0
0,904;0;1;;0,904;0;0,21;0;0,526;0
0,929;0;1;;0,929;0;0,21;0;0,494;0
0,951;0;1;;0,951;0;0,198;0;0,457;0
0,942;0;1;;0,942;0;0,176;0;0,436;0
0,928;0;1;;0,928;0;0,138;0;0,438;0
0,879;0;1;;0,879;0;0,111;0;0,455;0
0,822;0;1;;0,822;0;0,107;0;0,472;0,006
0,803;0;1;;0,803;0;0,125;0,053;0,354;0,212
0,844;0;1;;0,844;0;0,134;0,21;0,182;0,455
0,867;0,004;1;;0,867;0,004;0,129;0,456;0,313;0,614
0,775;0,04;1;;0,775;0,04;0,143;0,594;0,407;0,703
0,676;0,043;1;;0,676;0,043;0,151;0,636;0,365;0,73
0,695;0,119;1;;0,695;0,119;0,153;0,607;0,323;0,698
0,915;0,388;1;;0,915;0,388;0,155;0,512;0,302;0,605
0,941;0,408;1;;0,941;0,408;0,174;0,351;0,292;0,448
0,975;0,525;1;;0,975;0,525;0,224;0,135;0,31;0,23
0,985;0,461;1;;0,985;0,461;0,317;0;0,414;0,005
0,987;0,725;1;;0,987;0,725;0,455;0;0,522;0
0,987;0,569;1;;0,987;0,569;0,589;0;0,568;0
0,987;0,424;1;;0,987;0,424;0,68;0;0,577;0
0,979;0,278;1;;0,979;0,278;0,735;0;0,565;0
0,941;0,167;1;;0,941;0,167;0,757;0;0,556;0
0,914;0,072;1;;0,914;0,072;0,782;0;0,534;0
0,951;0,008;1;;0,951;0,008;0,802;0;0,501;0
0,964;0;1;;0,964;0;0,796;0;0,472;0
0,976;0;1;;0,976;0;0,76;0;0,424;0
0,98;0;1;;0,98;0;0,715;0;0,356;0
0,962;0;1;;0,962;0;0,727;0;0,278;0
0,937;0;1;;0,937;0;0,713;0;0,237;0
0,913;0;1;;0,913;0;0,717;0;0,223;0
0,893;0;1;;0,893;0;0,755;0;0,218;0
0,874;0;1;;0,874;0;0,765;0,033;0,243;0,006
0,862;0;1;;0,862;0;0,755;0,089;0,242;0,025
0,88;0,003;1;;0,88;0,003;0,762;0,096;0,211;0,04
0,894;0,058;1;;0,894;0,058;0,735;0,127;0,211;0,042
0,953;0,162;1;;0,953;0,162;0,737;0,144;0,237;0,034
0,971;0,275;1;;0,971;0,275;0,719;0,1;0,29;0,028
0,976;0,344;1;;0,976;0,344;0,709;0,051;0,328;0,025
0,981;0,425;1;;0,981;0,425;0,709;0,017;0,343;0,018
0,985;0,485;1;;0,985;0,485;0,718;0,002;0,436;0,005
0,986;0,525;1;;0,986;0,525;0,72;0;0,54;0
0,986;0,536;1;;0,986;0,536;0,72;0;0,587;0
0,986;0,506;1;;0,986;0,506;0,688;0;0,583;0
0,984;0,419;1;;0,984;0,419;0,649;0;0,555;0
0,981;0,301;1;;0,981;0,301;0,642;0;0,554;0
0,964;0,17;1;;0,964;0,17;0,639;0;0,54;0
0,911;0,069;1;;0,911;0,069;0,65;0;0,501;0
0,842;0,01;1;;0,842;0,01;0,66;0;0,561;0
0,839;0;1;;0,839;0;0,648;0;0,546;0
0,874;0;1;;0,874;0;0,642;0;0,537;0
0,898;0;1;;0,898;0;0,652;0;0,599;0
0,893;0;1;;0,893;0;0,646;0;0,67;0
0,914;0;1;;0,914;0;0,674;0;0,683;0
0,923;0;1;;0,923;0;0,72;0;0,735;0
0,92;0;1;;0,92;0;0,778;0;0,74;0
0,914;0;1;;0,914;0;0,808;0,002;0,726;0,056
0,902;0;1;;0,902;0;0,837;0,013;0,74;0,131
0,896;0,003;1;;0,896;0,003;0,865;0,039;0,676;0,164
0,882;0,045;1;;0,882;0,045;0,907;0,092;0,653;0,218
0,892;0,072;1;;0,892;0,072;0,903;0,226;0,739;0,3
0,924;0,095;1;;0,924;0,095;0,887;0,275;0,796;0,39
0,963;0,135;1;;0,963;0,135;0,814;0,135;0,776;0,311
0,977;0,183;1;;0,977;0,183;0,75;0,122;0,721;0,103
0,985;0,171;1;;0,985;0,171;0,783;0,035;0,717;0,019
0,987;0,142;1;;0,987;0,142;0,855;0;0,707;0
0,983;0,13;1;;0,983;0,13;0,873;0;0,661;0
0,976;0,116;1;;0,976;0,116;0,862;0;0,636;0
0,964;0,089;1;;0,964;0,089;0,855;0;0,653;0
0,948;0,05;1;;0,948;0,05;0,884;0;0,667;0
0,958;0,029;1;;0,958;0,029;0,905;0;0,661;0
0,976;0,014;1;;0,976;0,014;0,892;0;0,636;0
0,986;0,001;1;;0,986;0,001;0,882;0;0,639;0
0,986;0;1;;0,986;0;0,872;0;0,701;0
0,979;0;1;;0,979;0;0,846;0;0,747;0
0,975;0;1;;0,975;0;0,802;0;0,683;0
0,971;0;1;;0,971;0;0,776;0;0,59;0
0,969;0;1;;0,969;0;0,763;0;0,529;0
0,969;0;1;;0,969;0;0,686;0;0,505;0
0,971;0;1;;0,971;0;0,599;0;0,472;0
0,971;0;1;;0,971;0;0,54;0,01;0,414;0,022
0,974;0;1;;0,974;0;0,445;0,086;0,352;0,068
0,978;0,007;1;;0,978;0,007;0,354;0,226;0,32;0,13
0,983;0,086;1;;0,983;0,086;0,291;0,365;0,36;0,228
0,986;0,21;1;;0,986;0,21;0,245;0,489;0,382;0,231
0,97;0,322;1;;0,97;0,322;0,203;0,446;0,407;0,238
0,956;0,365;1;;0,956;0,365;0,201;0,241;0,357;0,087
0,941;0,333;1;;0,941;0,333;0,236;0,115;0,313;0,025
0,915;0,31;1;;0,915;0,31;0,346;0,029;0,382;0,004
0,896;0,318;1;;0,896;0,318;0,472;0;0,464;0
0,898;0,38;1;;0,898;0,38;0,561;0;0,497;0
0,896;0,499;1;;0,896;0,499;0,627;0;0,45;0
0,868;0,472;1;;0,868;0,472;0,686;0;0,432;0
0,803;0,344;1;;0,803;0,344;0,709;0;0,482;0
0,817;0,155;1;;0,817;0,155;0,726;0;0,473;0
0,873;0,048;1;;0,873;0,048;0,729;0;0,48;0
0,917;0,006;1;;0,917;0,006;0,724;0;0,5;0
0,953;0;1;;0,953;0;0,698;0;0,522;0
0,98;0;1;;0,98;0;0,663;0;0,5;0
0,987;0;1;;0,987;0;0,61;0;0,437;0
0,987;0;1;;0,987;0;0,558;0;0,478;0
0,985;0;1;;0,985;0;0,486;0;0,572;0
0,972;0;1;;0,972;0;0,42;0;0,6;0
0,945;0;1;;0,945;0;0,384;0;0,567;0
0,93;0;1;;0,93;0;0,372;0,002;0,49;0,061
0,918;0;1;;0,918;0;0,363;0,022;0,404;0,163
0,911;0,008;1;;0,911;0,008;0,336;0,066;0,393;0,247
0,907;0,087;1;;0,907;0,087;0,324;0,107;0,468;0,235
0,895;0,236;1;;0,895;0,236;0,298;0,125;0,592;0,135
0,886;0,388;1;;0,886;0,388;0,242;0,12;0,592;0,097
0,859;0,478;1;;0,859;0,478;0,174;0,101;0,575;0,119
0,778;0,571;1;;0,778;0,571;0,135;0,059;0,555;0,122
0,75;0,617;1;;0,75;0,617;0,118;0,009;0,613;0,066
0,813;0,67;1;;0,813;0,67;0,106;0;0,586;0
0,869;0,598;1;;0,869;0,598;0,095;0;0,493;0
0,892;0,375;1;;0,892;0,375;0,079;0;0,451;0
0,896;0,281;1;;0,896;0,281;0,063;0;0,497;0
0,936;0,095;1;;0,936;0,095;0,052;0;0,55;0
0,914;0,115;1;;0,914;0,115;0,049;0;0,613;0
0,865;0,048;1;;0,865;0,048;0,061;0;0,602;0
0,866;0,004;1;;0,866;0,004;0,098;0;0,557;0
0,884;0;1;;0,884;0;0,152;0;0,519;0
0,906;0;1;;0,906;0;0,187;0;0,482;0
0,945;0;1;;0,945;0;0,191;0;0,449;0
0,951;0;1;;0,951;0;0,178;0;0,441;0
0,948;0;1;;0,948;0;0,188;0;0,424;0
0,958;0;1;;0,958;0;0,236;0;0,389;0
0,962;0;1;;0,962;0;0,324;0;0,322;0
0,966;0;1;;0,966;0;0,424;0,002;0,27;0,017
0,968;0;1;;0,968;0;0,516;0,017;0,223;0,066
0,969;0,003;1;;0,969;0,003;0,552;0,032;0,22;0,151
0,979;0,033;1;;0,979;0,033;0,511;0,035;0,219;0,449
0,984;0,094;1;;0,984;0,094;0,479;0,038;0,192;0,521
0,971;0,179;1;;0,971;0,179;0,533;0,034;0,161;0,453
0,939;0,288;1;;0,939;0,288;0,626;0,024;0,14;0,37
0,915;0,431;1;;0,915;0,431;0,684;0,011;0,122;0,189
0,887;0,544;1;;0,887;0,544;0,73;0;0,127;0,032
0,847;0,607;1;;0,847;0,607;0,75;0;0,141;0
0,818;0,521;1;;0,818;0,521;0,748;0;0,145;0
0,816;0,462;1;;0,816;0,462;0,722;0;0,146;0
0,83;0,378;1;;0,83;0,378;0,686;0;0,148;0
0,89;0,296;1;;0,89;0,296;0,639;0;0,148;0
0,974;0,176;1;;0,974;0,176;0,592;0;0,153;0
0,984;0,066;1;;0,984;0,066;0,554;0;0,162;0
0,976;0,008;1;;0,976;0,008;0,526;0;0,17;0
0,977;0;1;;0,977;0;0,511;0;0,173;0
0,98;0;1;;0,98;0;0,5;0;0,173;0
0,986;0;1;;0,986;0;0,486;0;0,171;0
0,979;0;1;;0,979;0;0,445;0;0,176;0
0,97;0;1;;0,97;0;0,385;0;0,196;0
0,968;0;1;;0,968;0;0,323;0;0,225;0
0,965;0;1;;0,965;0;0,278;0;0,245;0
0,959;0;1;;0,959;0;0,237;0,018;0,201;0,025
0,959;0;1;;0,959;0;0,17;0,095;0,151;0,076
0,964;0,005;1;;0,964;0,005;0,118;0,184;0,176;0,123
0,97;0,055;1;;0,97;0,055;0,095;0,253;0,258;0,242
0,968;0,151;1;;0,968;0,151;0,091;0,272;0,316;0,274
0,947;0,242;1;;0,947;0,242;0,095;0,231;0,317;0,19
0,931;0,334;1;;0,931;0,334;0,097;0,171;0,275;0,091
0,92;0,457;1;;0,92;0,457;0,094;0,091;0,226;0,035
0,901;0,407;1;;0,901;0,407;0,1;0,014;0,247;0,008
0,864;0,446;1;;0,864;0,446;0,101;0;0,294;0
0,8;0,497;1;;0,8;0,497;0,102;0;0,317;0
0,747;0,423;1;;0,747;0,423;0,091;0;0,306;0
0,775;0,337;1;;0,775;0,337;0,067;0;0,268;0
0,855;0,268;1;;0,855;0,268;0,041;0;0,255;0
0,918;0,195;1;;0,918;0,195;0,02;0;0,236;0
0,955;0,087;1;;0,955;0,087;0,011;0;0,221;0
0,965;0,017;1;;0,965;0,017;0,013;0;0,23;0
0,973;0;1;;0,973;0;0,017;0;0,261;0
0,972;0;1;;0,972;0;0,021;0;0,302;0
0,972;0;1;;0,972;0;0,035;0;0,313;0
0,972;0;1;;0,972;0;0,061;0;0,313;0
0,972;0;1;;0,972;0;0,102;0;0,324;0
0,975;0;1;;0,975;0;0,168;0;0,348;0
0,979;0;1;;0,979;0;0,247;0;0,357;0
0,984;0;1;;0,984;0;0,309;0,009;0,328;0,024
0,986;0;1;;0,986;0;0,354;0,059;0,297;0,112
0,987;0,008;1;;0,987;0,008;0,401;0,163;0,371;0,247
0,984;0,079;1;;0,984;0,079;0,474;0,367;0,528;0,265
0,984;0,212;1;;0,984;0,212;0,54;0,492;0,674;0,362
0,981;0,362;1;;0,981;0,362;0,592;0,419;0,793;0,267
0,97;0,336;1;;0,97;0,336;0,647;0,255;0,815;0,061
0,949;0,342;1;;0,949;0,342;0,692;0,099;0,745;0,035
0,926;0,35;1;;0,926;0,35;0,786;0,008;0,661;0,016
0,931;0,325;1;;0,931;0,325;0,84;0;0,614;0
0,954;0,326;1;;0,954;0,326;0,856;0;0,533;0
0,971;0,249;1;;0,971;0,249;0,865;0;0,468;0
0,976;0,195;1;;0,976;0,195;0,851;0;0,403;0
0,973;0,178;1;;0,973;0,178;0,783;0;0,349;0
0,966;0,154;1;;0,966;0,154;0,698;0;0,292;0
0,944;0,082;1;;0,944;0,082;0,692;0;0,226;0
0,915;0,022;1;;0,915;0,022;0,738;0;0,162;0
0,917;0;1;;0,917;0;0,796;0;0,102;0
0,882;0;1;;0,882;0;0,802;0;0,076;0
0,892;0;1;;0,892;0;0,755;0;0,08;0
0,892;0;1;;0,892;0;0,732;0;0,092;0
0,892;0;1;;0,892;0;0,717;0;0,092;0
0,888;0;1;;0,888;0;0,692;0;0,088;0
0,88;0;1;;0,88;0;0,659;0;0,042;0
0,884;0;1;;0,884;0;0,632;0,012;0,017;0,025
0,847;0;1;;0,847;0;0,573;0,08;0,009;0,077
0,851;0,011;1;;0,851;0,011;0,478;0,169;0,018;0,128
0,837;0,073;1;;0,837;0,073;0,379;0,26;0,028;0,145
0,883;0,203;1;;0,883;0,203;0,28;0,417;0,044;0,118
0,884;0,261;1;;0,884;0,261;0,198;0,399;0,072;0,095
0,894;0,349;1;;0,894;0,349;0,15;0,296;0,094;0,069
0,907;0,42;1;;0,907;0,42;0,149;0,149;0,117;0,033
0,917;0,44;1;;0,917;0,44;0,17;0,015;0,152;0,005
0,923;0,436;1;;0,923;0,436;0,183;0;0,184;0
0,928;0,448;1;;0,928;0,448;0,18;0;0,181;0
0,936;0,443;1;;0,936;0,443;0,176;0;0,161;0
0,942;0,41;1;;0,942;0,41;0,173;0;0,148;0
0,948;0,349;1;;0,948;0,349;0,16;0;0,136;0
0,952;0,216;1;;0,952;0,216;0,119;0;0,131;0
0,938;0,093;1;;0,938;0,093;0,066;0;0,132;0
0,882;0,025;1;;0,882;0,025;0,034;0;0,132;0
0,836;0;1;;0,836;0;0,03;0;0,13;0
0,805;0;1;;0,805;0;0,042;0;0,139;0
0,813;0;1;;0,813;0;0,057;0;0,153;0
0,773;0;1;;0,773;0;0,062;0;0,166;0
0,782;0;1;;0,782;0;0,062;0;0,173;0
0,768;0;1;;0,768;0;0,076;0;0,18;0
0,793;0;1;;0,793;0;0,095;0;0,191;0
0,801;0;1;;0,801;0;0,119;0,007;0,195;0,079
0,775;0;1;;0,775;0;0,13;0,056;0,127;0,256
0,693;0,017;1;;0,693;0,017;0,125;0,128;0,142;0,414
0,398;0,114;1;;0,398;0,114;0,136;0,202;0,231;0,556
0,268;0,298;1;;0,268;0,298;0,164;0,31;0,295;0,595
0,134;0,432;1;;0,134;0,432;0,195;0,384;0,298;0,516
0,079;0,542;1;;0,079;0,542;0,238;0,355;0,261;0,414
0,065;0,639;1;;0,065;0,639;0,323;0,214;0,222;0,239
0,062;0,734;1;;0,062;0,734;0,446;0,024;0,223;0,063
0,062;0,794;1;;0,062;0,794;0,551;0;0,242;0
0,058;0,837;1;;0,058;0,837;0,595;0;0,219;0
0,049;0,772;1;;0,049;0,772;0,579;0;0,17;0
0,042;0,667;1;;0,042;0,667;0,543;0;0,129;0
0,037;0,508;1;;0,037;0,508;0,506;0;0,1;0
0,038;0,306;1;;0,038;0,306;0,464;0;0,097;0
0,047;0,098;1;;0,047;0,098;0,424;0;0,117;0
0,079;0,028;1;;0,079;0,028;0,39;0;0,14;0
0,185;0;1;;0,185;0;0,374;0;0,151;0
0,396;0;1;;0,396;0;0,366;0;0,155;0
0,614;0;1;;0,614;0;0,355;0;0,143;0
0,743;0;1;;0,743;0;0,34;0;0,121;0
0,807;0;1;;0,807;0;0,33;0;0,108;0
0,819;0;1;;0,819;0;0,333;0;0,11;0
0,803;0;1;;0,803;0;0,338;0;0,099;0
0,768;0;1;;0,768;0;0,337;0,009;0,081;0,019
0,739;0;1;;0,739;0;0,329;0,069;0,075;0,085
0,717;0,019;1;;0,717;0,019;0,327;0,139;0,066;0,16
0,599;0,115;1;;0,599;0,115;0,336;0,192;0,044;0,224
0,698;0,312;1;;0,698;0,312;0,351;0,187;0,031;0,304
0,738;0,505;1;;0,738;0,505;0,368;0,182;0,025;0,459
0,749;0,662;1;;0,749;0,662;0,4;0,16;0,019;0,443
0,752;0,774;1;;0,752;0,774;0,455;0,119;0,014;0,324
0,737;0,84;1;;0,737;0,84;0,561;0,013;0,009;0,102
0,704;0,859;1;;0,704;0,859;0,713;0;0,009;0
0,659;0,833;1;;0,659;0,833;0,813;0;0,014;0
0,601;0,76;1;;0,601;0,76;0,864;0;0,032;0
0,521;0,632;1;;0,521;0,632;0,88;0;0,054;0
0,435;0,44;1;;0,435;0,44;0,882;0;0,066;0
0,368;0,189;1;;0,368;0,189;0,887;0;0,081;0
0,363;0,051;1;;0,363;0,051;0,869;0;0,108;0
0,445;0,005;1;;0,445;0,005;0,862;0;0,099;0
0,537;0;1;;0,537;0;0,819;0;0,047;0
0,667;0;1;;0,667;0;0,781;0;0,031;0
0,775;0;1;;0,775;0;0,745;0;0,059;0
0,818;0;1;;0,818;0;0,71;0;0,117;0
0,842;0;1;;0,842;0;0,714;0;0,156;0
0,838;0;1;;0,838;0;0,726;0;0,192;0
0,839;0;1;;0,839;0;0,729;0;0,241;0
0,855;0;1;;0,855;0;0,767;0,005;0,262;0,027
0,874;0;1;;0,874;0;0,785;0,047;0,256;0,111
0,896;0,013;1;;0,896;0,013;0,774;0,101;0,252;0,22
0,903;0,081;1;;0,903;0,081;0,776;0,189;0,256;0,359
0,943;0,163;1;;0,943;0,163;0,79;0,287;0,262;0,445
0,954;0,252;1;;0,954;0,252;0,831;0,197;0,274;0,418
0,959;0,328;1;;0,959;0,328;0,867;0,102;0,283;0,32
0,959;0,402;1;;0,959;0,402;0,893;0,043;0,271;0,075
0,95;0,43;1;;0,95;0,43;0,925;0,002;0,303;0,008
0,929;0,421;1;;0,929;0,421;0,948;0;0,407;0
0,889;0,421;1;;0,889;0,421;0,959;0;0,445;0
0,82;0,348;1;;0,82;0,348;0,963;0;0,442;0
0,713;0,278;1;;0,713;0,278;0,963;0;0,446;0
0,594;0,275;1;;0,594;0,275;0,961;0;0,43;0
0,521;0,175;1;;0,521;0,175;0,955;0;0,399;0
0,47;0,059;1;;0,47;0,059;0,955;0;0,378;0
0,418;0,015;1;;0,418;0,015;0,941;0;0,378;0
0,388;0;1;;0,388;0;0,928;0;0,388;0
0,343;0;1;;0,343;0;0,94;0;0,386;0
0,315;0;1;;0,315;0;0,953;0;0,464;0
0,274;0;1;;0,274;0;0,953;0;0,483;0
0,311;0;1;;0,311;0;0,954;0;0,459;0
0,515;0;1;;0,515;0;0,963;0;0,472;0
0,684;0;1;;0,684;0;0,968;0;0,457;0
0,746;0;1;;0,746;0;0,968;0,005;0,473;0,014
0,761;0;1;;0,761;0;0,967;0,057;0,511;0,069
0,692;0,018;1;;0,692;0,018;0,961;0,195;0,568;0,15
0,572;0,097;1;;0,572;0,097;0,959;0,384;0,626;0,201
0,671;0,281;1;;0,671;0,281;0,94;0,459;0,639;0,248
0,692;0,387;1;;0,692;0,387;0,9;0,444;0,605;0,222
0,661;0,439;1;;0,661;0,439;0,855;0,314;0,54;0,152
0,636;0,572;1;;0,636;0,572;0,811;0,09;0,474;0,084
0,65;0,642;1;;0,65;0,642;0,807;0,002;0,484;0,024
0,674;0,57;1;;0,674;0,57;0,827;0;0,489;0
0,667;0,497;1;;0,667;0,497;0,842;0;0,449;0
0,674;0,266;1;;0,674;0,266;0,819;0;0,407;0
0,649;0,184;1;;0,649;0,184;0,813;0;0,374;0
0,568;0,134;1;;0,568;0,134;0,789;0;0,378;0
0,46;0,118;1;;0,46;0,118;0,77;0;0,365;0
0,372;0,066;1;;0,372;0,066;0,775;0;0,318;0
0,357;0,015;1;;0,357;0,015;0,781;0;0,275;0
0,372;0;1;;0,372;0;0,784;0;0,235;0
0,425;0;1;;0,425;0;0,792;0;0,211;0
0,435;0;1;;0,435;0;0,787;0;0,195;0
0,407;0;1;;0,407;0;0,802;0;0,206;0
0,372;0;1;;0,372;0;0,836;0;0,247;0
0,335;0;1;;0,335;0;0,869;0;0,308;0
0,278;0;1;;0,278;0;0,883;0;0,377;0
0,214;0;1;;0,214;0;0,893;0,001;0,41;0,042
0,153;0;1;;0,153;0;0,908;0,017;0,321;0,186
0,109;0,004;1;;0,109;0,004;0,922;0,03;0,318;0,331
0,092;0,032;1;;0,092;0,032;0,912;0,029;0,32;0,356
0,114;0,074;1;;0,114;0,074;0,896;0,027;0,312;0,216
0,168;0,146;1;;0,168;0,146;0,867;0,028;0,287;0,119
0,212;0,181;1;;0,212;0,181;0,842;0,033;0,261;0,076
0,239;0,203;1;;0,239;0,203;0,827;0,025;0,225;0,042
0,249;0,213;1;;0,249;0,213;0,813;0,001;0,237;0,006
0,24;0,21;1;;0,24;0,21;0,816;0;0,3;0
0,242;0,206;1;;0,242;0,206;0,808;0;0,343;0
0,239;0,187;1;;0,239;0,187;0,793;0;0,366;0
0,257;0,173;1;;0,257;0,173;0,779;0;0,362;0
0,278;0,151;1;;0,278;0,151;0,735;0;0,337;0
0,231;0,122;1;;0,231;0,122;0,674;0;0,305;0
0,176;0,08;1;;0,176;0,08;0,594;0;0,311;0
0,276;0,024;1;;0,276;0,024;0,526;0;0,323;0
0,453;0;1;;0,453;0;0,485;0;0,313;0
0,608;0;1;;0,608;0;0,473;0;0,32;0
0,692;0;1;;0,692;0;0,459;0;0,362;0
0,743;0;1;;0,743;0;0,455;0;0,409;0
0,734;0;1;;0,734;0;0,464;0;0,424;0
0,736;0;1;;0,736;0;0,486;0;0,385;0
0,747;0;1;;0,747;0;0,489;0;0,35;0
0,72;0;1;;0,72;0;0,479;0,007;0,368;0,018
0,664;0;1;;0,664;0;0,461;0,067;0,36;0,171
0,529;0,003;1;;0,529;0,003;0,46;0,194;0,391;0,369
0,317;0,025;1;;0,317;0,025;0,45;0,323;0,516;0,418
0,169;0,105;1;;0,169;0,105;0,452;0,335;0,522;0,442
0,211;0,328;1;;0,211;0,328;0,483;0,351;0,472;0,495
0,578;0,426;1;;0,578;0,426;0,527;0,337;0,4;0,443
0,868;0,319;1;;0,868;0,319;0,626;0,19;0,348;0,266
0,938;0,414;1;;0,938;0,414;0,78;0,011;0,375;0,034
0,963;0,531;1;;0,963;0,531;0,859;0;0,498;0
0,981;0,428;1;;0,981;0,428;0,86;0;0,575;0
0,971;0,167;1;;0,971;0,167;0,861;0;0,581;0
0,933;0,246;1;;0,933;0,246;0,865;0;0,554;0
0,938;0,192;1;;0,938;0,192;0,856;0;0,529;0
0,958;0,052;1;;0,958;0,052;0,821;0;0,509;0
0,962;0,018;1;;0,962;0,018;0,793;0;0,501;0
0,962;0,005;1;;0,962;0,005;0,815;0;0,479;0
0,974;0;1;;0,974;0;0,831;0;0,447;0
0,934;0;1;;0,934;0;0,857;0;0,431;0
0,904;0;1;;0,904;0;0,895;0;0,418;0
0,856;0;1;;0,856;0;0,925;0;0,398;0
0,76;0;1;;0,76;0;0,936;0;0,446;0
0,649;0;1;;0,649;0;0,944;0;0,477;0
0,541;0;1;;0,541;0;0,948;0;0,472;0
0,421;0;1;;0,421;0;0,959;0,004;0,463;0,007
0,229;0;1;;0,229;0;0,962;0,016;0,323;0,031
0,123;0,006;1;;0,123;0,006;0,958;0,027;0,147;0,051
0,119;0,034;1;;0,119;0,034;0,953;0,038;0,083;0,079
0,123;0,053;1;;0,123;0,053;0,943;0,054;0,097;0,091
0,067;0,089;1;;0,067;0,089;0,931;0,051;0,119;0,085
0,04;0,134;1;;0,04;0,134;0,912;0,028;0,13;0,078
0,063;0,189;1;;0,063;0,189;0,893;0,01;0,13;0,054
0,154;0,187;1;;0,154;0,187;0,879;0;0,128;0,01
0,371;0,164;1;;0,371;0,164;0,846;0;0,107;0
0,68;0,163;1;;0,68;0,163;0,783;0;0,125;0
0,84;0,188;1;;0,84;0,188;0,7;0;0,051;0
0,901;0,233;1;;0,901;0,233;0,623;0;0,038;0
0,95;0,266;1;;0,95;0,266;0,489;0;0,044;0
0,963;0,251;1;;0,963;0,251;0,339;0;0,03;0
0,942;0,134;1;;0,942;0,134;0,229;0;0,06;0
0,935;0,041;1;;0,935;0,041;0,159;0;0,098;0
0,935;0;1;;0,935;0;0,166;0;0,121;0
0,901;0;1;;0,901;0;0,225;0;0,147;0
0,914;0;1;;0,914;0;0,191;0;0,137;0
0,912;0;1;;0,912;0;0,117;0;0,091;0
0,912;0;1;;0,912;0;0,056;0;0,059;0
0,9;0;1;;0,9;0;0,05;0;0,046;0
0,891;0;1;;0,891;0;0,072;0;0,061;0
0,861;0;1;;0,861;0;0,123;0;0,094;0,048
0,857;0;1;;0,857;0;0,225;0,001;0,104;0,182
0,857;0,021;1;;0,857;0,021;0,365;0,009;0,076;0,316
0,852;0,068;1;;0,852;0,068;0,522;0,017;0,122;0,469
0,866;0,097;1;;0,866;0,097;0,703;0,022;0,191;0,579
0,865;0,177;1;;0,865;0,177;0,827;0,021;0,212;0,546
0,927;0,45;1;;0,927;0,45;0,889;0,012;0,179;0,463
0,943;0,453;1;;0,943;0,453;0,925;0,003;0,154;0,299
0,942;0,295;1;;0,942;0,295;0,947;0;0,117;0,06
0,951;0,551;1;;0,951;0,551;0,961;0;0,097;0
0,973;0,681;1;;0,973;0,681;0,969;0;0,207;0
0,982;0,33;1;;0,982;0,33;0,974;0;0,268;0
0,959;0,15;1;;0,959;0,15;0,974;0;0,204;0
0,906;0,211;1;;0,906;0,211;0,972;0;0,2;0
0,97;0,247;1;;0,97;0,247;0,966;0;0,231;0
0,986;0,117;1;;0,986;0,117;0,949;0;0,275;0
0,984;0,031;1;;0,984;0,031;0,925;0;0,209;0
0,969;0;1;;0,969;0;0,885;0;0,169;0
0,974;0;1;;0,974;0;0,842;0;0,134;0
0,983;0;1;;0,983;0;0,825;0;0,11;0
0,987;0;1;;0,987;0;0,789;0;0,12;0
0,986;0;1;;0,986;0;0,753;0;0,14;0
0,968;0;1;;0,968;0;0,689;0;0,158;0
0,906;0;1;;0,906;0;0,621;0;0,201;0
0,866;0;1;;0,866;0;0,555;0,009;0,277;0,006
0,838;0;1;;0,838;0;0,464;0,097;0,247;0,047
0,83;0,021;1;;0,83;0,021;0,328;0,212;0,303;0,042
0,865;0,107;1;;0,865;0,107;0,234;0,34;0,38;0,058
0,917;0,248;1;;0,917;0,248;0,161;0,402;0,472;0,078
0,927;0,38;1;;0,927;0,38;0,094;0,216;0,541;0,05
0,956;0,438;1;;0,956;0,438;0,102;0,093;0,599;0,026
0,977;0,454;1;;0,977;0,454;0,194;0,018;0,642;0,007
0,987;0,504;1;;0,987;0,504;0,361;0;0,62;0
0,982;0,623;1;;0,982;0,623;0,535;0;0,62;0
0,97;0,59;1;;0,97;0,59;0,643;0;0,519;0
0,964;0,428;1;;0,964;0,428;0,684;0;0,404;0
0,963;0,38;1;;0,963;0,38;0,757;0;0,3;0
0,962;0,304;1;;0,962;0,304;0,846;0;0,14;0
0,964;0,213;1;;0,964;0,213;0,88;0;0,049;0
0,983;0,097;1;;0,983;0,097;0,905;0;0,055;0
0,987;0,021;1;;0,987;0,021;0,917;0;0,08;0
0,985;0;1;;0,985;0;0,919;0;0,097;0
0,981;0;1;;0,981;0;0,923;0;0,095;0
0,966;0;1;;0,966;0;0,907;0;0,091;0
0,948;0;1;;0,948;0;0,856;0;0,094;0
0,923;0;1;;0,923;0;0,762;0;0,113;0
0,886;0;1;;0,886;0;0,584;0;0,13;0
0,838;0;1;;0,838;0;0,421;0;0,135;0
0,801;0;1;;0,801;0;0,313;0;0,131;0,006
0,756;0;1;;0,756;0;0,219;0,006;0,106;0,069
0,755;0,014;1;;0,755;0,014;0,148;0,014;0,111;0,157
0,728;0,08;1;;0,728;0,08;0,109;0,02;0,151;0,24
0,883;0,223;1;;0,883;0,223;0,094;0,034;0,21;0,236
0,915;0,352;1;;0,915;0,352;0,104;0,037;0,281;0,155
0,93;0,471;1;;0,93;0,471;0,111;0,017;0,343;0,086
0,938;0,563;1;;0,938;0,563;0,112;0,002;0,356;0,036
0,938;0,603;1;;0,938;0,603;0,101;0;0,426;0,003
0,932;0,607;1;;0,932;0,607;0,036;0;0,5;0
0,93;0,507;1;;0,93;0,507;0,029;0;0,515;0
0,924;0,419;1;;0,924;0,419;0,055;0;0,561;0
0,889;0,359;1;;0,889;0,359;0,101;0;0,605;0
0,876;0,3;1;;0,876;0,3;0,149;0;0,602;0
0,849;0,205;1;;0,849;0,205;0,158;0;0,613;0
0,773;0,107;1;;0,773;0,107;0,169;0;0,605;0
0,771;0,03;1;;0,771;0,03;0,185;0;0,578;0
0,837;0;1;;0,837;0;0,165;0;0,486;0
0,874;0;1;;0,874;0;0,174;0;0,403;0
0,845;0;1;;0,845;0;0,277;0;0,339;0
0,768;0;1;;0,768;0;0,513;0;0,297;0
0,724;0;1;;0,724;0;0,724;0;0,263;0
0,674;0;1;;0,674;0;0,861;0;0,225;0
0,592;0;1;;0,592;0;0,897;0;0,194;0
0,398;0;1;;0,398;0;0,907;0;0,151;0,017
0,16;0;1;;0,16;0;0,897;0,008;0,08;0,102
0,149;0,022;1;;0,149;0,022;0,872;0,038;0,039;0,193
0,11;0,086;1;;0,11;0,086;0,863;0,085;0,039;0,32
0,084;0,194;1;;0,084;0,194;0,887;0,128;0,051;0,335
0,012;0,326;1;;0,012;0,326;0,872;0,144;0,066;0,321
0,021;0,373;1;;0,021;0,373;0,854;0,099;0,076;0,271
0,117;0,314;1;;0,117;0,314;0,827;0,038;0,098;0,147
0,287;0,305;1;;0,287;0,305;0,8;0;0,126;0,026
0,278;0,306;1;;0,278;0,306;0,771;0;0,132;0
0,227;0,513;1;;0,227;0,513;0,737;0;0,128;0
0,253;0,373;1;;0,253;0,373;0,7;0;0,117;0
0,265;0,253;1;;0,265;0,253;0,659;0;0,104;0
0,472;0,16;1;;0,472;0,16;0,619;0;0,092;0
0,721;0,096;1;;0,721;0,096;0,546;0;0,08;0
0,836;0,053;1;;0,836;0,053;0,449;0;0,074;0
0,896;0,02;1;;0,896;0,02;0,357;0;0,075;0
0,931;0;1;;0,931;0;0,275;0;0,082;0
0,948;0;1;;0,948;0;0,217;0;0,095;0
0,962;0;1;;0,962;0;0,174;0;0,113;0
0,965;0;1;;0,965;0;0,132;0;0,12;0
0,959;0;1;;0,959;0;0,097;0;0,108;0
0,961;0;1;;0,961;0;0,078;0;0,086;0
0,969;0;1;;0,969;0;0,069;0;0,082;0
0,98;0;1;;0,98;0;0,07;0,001;0,078;0,017
0,987;0;1;;0,987;0;0,076;0,041;0,07;0,119
0,987;0,032;1;;0,987;0,032;0,062;0,087;0,078;0,314
0,987;0,132;1;;0,987;0,132;0,044;0,114;0,099;0,53
0,987;0,308;1;;0,987;0,308;0,032;0,111;0,11;0,608
0,986;0,479;1;;0,986;0,479;0,03;0,095;0,119;0,569
0,986;0,582;1;;0,986;0,582;0,031;0,061;0,117;0,467
0,986;0,555;1;;0,986;0,555;0,034;0,02;0,116;0,269
0,985;0,526;1;;0,985;0,526;0,039;0;0,136;0,039
0,983;0,496;1;;0,983;0,496;0,043;0;0,16;0
0,983;0,533;1;;0,983;0,533;0,039;0;0,176;0
0,982;0,53;1;;0,982;0,53;0,035;0;0,198;0
0,979;0,423;1;;0,979;0,423;0,033;0;0,241;0
0,97;0,322;1;;0,97;0,322;0,035;0;0,283;0
0,951;0,218;1;;0,951;0,218;0,058;0;0,301;0
0,906;0,12;1;;0,906;0,12;0,081;0;0,276;0
0,782;0,045;1;;0,782;0,045;0,107;0;0,223;0
0,759;0;1;;0,759;0;0,135;0;0,168;0
0,801;0;1;;0,801;0;0,144;0;0,124;0
0,796;0;1;;0,796;0;0,133;0;0,084;0
0,785;0;1;;0,785;0;0,125;0;0,07;0
0,791;0;1;;0,791;0;0,143;0;0,069;0
0,814;0;1;;0,814;0;0,186;0;0,07;0
0,832;0;1;;0,832;0;0,241;0;0,07;0
0,833;0;1;;0,833;0;0,294;0,002;0,065;0,002
0,817;0;1;;0,817;0;0,315;0,045;0,051;0,026
0,732;0,033;1;;0,732;0,033;0,33;0,067;0,038;0,058
0,665;0,136;1;;0,665;0,136;0,36;0,072;0,033;0,086
0,832;0,316;1;;0,832;0,316;0,392;0,064;0,04;0,104
0,859;0,504;1;;0,859;0,504;0,475;0,041;0,052;0,104
0,886;0,639;1;;0,886;0,639;0,522;0,02;0,064;0,081
0,905;0,673;1;;0,905;0,673;0,585;0,004;0,097;0,04
0,912;0,691;1;;0,912;0,691;0,638;0;0,149;0,003
0,913;0,703;1;;0,913;0,703;0,653;0;0,191;0
0,915;0,685;1;;0,915;0,685;0,64;0;0,211;0
0,924;0,614;1;;0,924;0,614;0,586;0;0,217;0
0,94;0,487;1;;0,94;0,487;0,526;0;0,21;0
0,95;0,391;1;;0,95;0,391;0,472;0;0,209;0
0,954;0,253;1;;0,954;0,253;0,435;0;0,232;0
0,943;0,122;1;;0,943;0,122;0,397;0;0,282;0
0,917;0,035;1;;0,917;0,035;0,37;0;0,31;0
0,882;0;1;;0,882;0;0,361;0;0,281;0
0,892;0;1;;0,892;0;0,364;0;0,236;0
0,909;0;1;;0,909;0;0,372;0;0,208;0
0,913;0;1;;0,913;0;0,415;0;0,222;0
0,914;0;1;;0,914;0;0,472;0;0,224;0
0,922;0;1;;0,922;0;0,522;0;0,195;0
0,928;0;1;;0,928;0;0,57;0;0,178;0
0,924;0;1;;0,924;0;0,589;0,002;0,168;0,001
0,908;0;1;;0,908;0;0,554;0,045;0,143;0,025
0,866;0,032;1;;0,866;0,032;0,489;0,139;0,129;0,056
0,823;0,117;1;;0,823;0,117;0,443;0,195;0,114;0,077
0,946;0,247;1;;0,946;0,247;0,429;0,143;0,111;0,106
0,965;0,418;1;;0,965;0,418;0,434;0,062;0,131;0,116
0,963;0,444;1;;0,963;0,444;0,472;0,027;0,165;0,099
0,968;0,38;1;;0,968;0,38;0,575;0,024;0,21;0,064
0,974;0,372;1;;0,974;0,372;0,718;0;0,323;0,006
0,976;0,351;1;;0,976;0,351;0,775;0;0,42;0
0,967;0,312;1;;0,967;0,312;0,764;0;0,418;0
0,954;0,375;1;;0,954;0,375;0,72;0;0,41;0
0,943;0,491;1;;0,943;0,491;0,656;0;0,412;0
0,93;0,396;1;;0,93;0,396;0,622;0;0,438;0
0,864;0,256;1;;0,864;0,256;0,599;0;0,423;0
0,59;0,128;1;;0,59;0,128;0,621;0;0,407;0
0,309;0,049;1;;0,309;0,049;0,68;0;0,39;0
0,213;0,001;1;;0,213;0,001;0,715;0;0,374;0
0,306;0;1;;0,306;0;0,735;0;0,373;0
0,519;0;1;;0,519;0;0,782;0;0,36;0
0,667;0;1;;0,667;0;0,809;0;0,335;0
0,796;0;1;;0,796;0;0,854;0;0,346;0
0,878;0;1;;0,878;0;0,885;0;0,403;0
0,84;0;1;;0,84;0;0,901;0;0,443;0
0,868;0;1;;0,868;0;0,906;0;0,486;0,007
0,933;0;1;;0,933;0;0,906;0,007;0,554;0,089
0,912;0,035;1;;0,912;0,035;0,902;0,021;0,555;0,29
0,888;0,114;1;;0,888;0,114;0,908;0,05;0,582;0,396
0,929;0,301;1;;0,929;0,301;0,928;0,072;0,561;0,431
0,973;0,477;1;;0,973;0,477;0,927;0,068;0,548;0,376
0,983;0,581;1;;0,983;0,581;0,916;0,036;0,48;0,244
0,987;0,708;1;;0,987;0,708;0,927;0,011;0,541;0,103
0,98;0,78;1;;0,98;0,78;0,934;0;0,686;0,011
0,962;0,768;1;;0,962;0,768;0,939;0;0,741;0
0,953;0,726;1;;0,953;0,726;0,942;0;0,72;0
0,962;0,538;1;;0,962;0,538;0,928;0;0,667;0
0,979;0,338;1;;0,979;0,338;0,903;0;0,579;0
0,987;0,2;1;;0,987;0,2;0,874;0;0,449;0
0,982;0,113;1;;0,982;0,113;0,844;0;0,332;0
0,975;0,051;1;;0,975;0,051;0,84;0;0,225;0
0,968;0,013;1;;0,968;0,013;0,846;0;0,16;0
0,901;0;1;;0,901;0;0,861;0;0,119;0
0,764;0;1;;0,764;0;0,862;0;0,1;0
0,578;0;1;;0,578;0;0,864;0;0,087;0
0,437;0;1;;0,437;0;0,877;0;0,077;0
0,692;0;1;;0,692;0;0,88;0;0,066;0
0,813;0;1;;0,813;0;0,883;0;0,061;0
0,806;0;1;;0,806;0;0,878;0;0,057;0
0,74;0;1;;0,74;0;0,873;0;0,043;0,003
0,731;0;1;;0,731;0;0,865;0,012;0,021;0,039
0,737;0,022;1;;0,737;0,022;0,858;0,032;0,014;0,097
0,654;0,093;1;;0,654;0,093;0,839;0,046;0,012;0,161
0,798;0,168;1;;0,798;0,168;0,822;0,049;0,011;0,213
0,783;0,262;1;;0,783;0,262;0,791;0,044;0,008;0,234
0,704;0,389;1;;0,704;0,389;0,738;0,029;0,009;0,192
0,737;0,637;1;;0,737;0,637;0,695;0,01;0,014;0,111
0,782;0,816;1;;0,782;0,816;0,697;0;0,023;0,008
0,802;0,798;1;;0,802;0,798;0,708;0;0,034;0
0,813;0,685;1;;0,813;0,685;0,705;0;0,059;0
0,787;0,564;1;;0,787;0,564;0,683;0;0,101;0
0,679;0,485;1;;0,679;0,485;0,646;0;0,129;0
0,459;0,415;1;;0,459;0,415;0,613;0;0,127;0
0,242;0,302;1;;0,242;0,302;0,565;0;0,106;0
0,121;0,138;1;;0,121;0,138;0,468;0;0,074;0
0,062;0,051;1;;0,062;0,051;0,366;0;0,047;0
0,009;0,003;1;;0,009;0,003;0,29;0;0,04;0
0,002;0;1;;0,002;0;0,252;0;0,048;0
0,046;0;1;;0,046;0;0,242;0;0,055;0
0,204;0;1;;0,204;0;0,276;0;0,062;0
0,419;0;1;;0,419;0;0,335;0;0,069;0
0,548;0;1;;0,548;0;0,393;0;0,079;0
0,522;0;1;;0,522;0;0,435;0;0,091;0
0,41;0;1;;0,41;0;0,424;0;0,095;0
0,333;0;1;;0,333;0;0,365;0,005;0,075;0,019
0,379;0,007;1;;0,379;0,007;0,304;0,015;0,063;0,046
0,55;0,045;1;;0,55;0,045;0,266;0,022;0,054;0,062
0,748;0,154;1;;0,748;0,154;0,258;0,024;0,044;0,061
0,892;0,247;1;;0,892;0,247;0,259;0,019;0,042;0,057
0,968;0,293;1;;0,968;0,293;0,247;0,011;0,04;0,04
0,987;0,273;1;;0,987;0,273;0,243;0,003;0,044;0,016
0,985;0,216;1;;0,985;0,216;0,278;0;0,088;0
0,985;0,23;1;;0,985;0,23;0,323;0;0,141;0
0,984;0,249;1;;0,984;0,249;0,363;0;0,162;0
0,987;0,198;1;;0,987;0,198;0,382;0;0,167;0
0,971;0,104;1;;0,971;0,104;0,371;0;0,169;0
0,863;0,065;1;;0,863;0,065;0,359;0;0,176;0
0,671;0,072;1;;0,671;0,072;0,347;0;0,192;0
0,542;0,05;1;;0,542;0,05;0,339;0;0,216;0
0,613;0,018;1;;0,613;0,018;0,344;0;0,23;0
0,724;0;1;;0,724;0;0,354;0;0,241;0
0,773;0;1;;0,773;0;0,353;0;0,233;0
0,829;0;1;;0,829;0;0,355;0;0,221;0
0,893;0;1;;0,893;0;0,379;0;0,232;0
0,941;0;1;;0,941;0;0,372;0;0,259;0
0,974;0;1;;0,974;0;0,476;0;0,255;0
0,986;0;1;;0,986;0;0,511;0;0,267;0
0,987;0;1;;0,987;0;0,476;0;0,262;0,001
0,986;0;1;;0,986;0;0,497;0,018;0,236;0,018
0,979;0,037;1;;0,979;0,037;0,468;0,044;0,227;0,039
0,977;0,13;1;;0,977;0,13;0,435;0,053;0,21;0,067
0,973;0,287;1;;0,973;0,287;0,449;0,053;0,224;0,086
0,962;0,489;1;;0,962;0,489;0,479;0,033;0,214;0,082
0,948;0,647;1;;0,948;0,647;0,533;0,016;0,223;0,077
0,933;0,735;1;;0,933;0,735;0,607;0,004;0,297;0,036
0,918;0,73;1;;0,918;0,73;0,64;0;0,388;0,001
0,908;0,665;1;;0,908;0,665;0,661;0;0,457;0
0,9;0,564;1;;0,9;0,564;0,671;0;0,499;0
0,884;0,499;1;;0,884;0,499;0,682;0;0,517;0
0,873;0,437;1;;0,873;0,437;0,704;0;0,51;0
0,863;0,356;1;;0,863;0,356;0,718;0;0,494;0
0,866;0,251;1;;0,866;0,251;0,713;0;0,48;0
0,878;0,137;1;;0,878;0,137;0,707;0;0,427;0
0,849;0,052;1;;0,849;0,052;0,683;0;0,39;0
0,802;0,002;1;;0,802;0,002;0,657;0;0,373;0
0,805;0;1;;0,805;0;0,62;0;0,299;0
0,809;0;1;;0,809;0;0,587;0;0,303;0
0,83;0;1;;0,83;0;0,575;0;0,385;0
0,865;0;1;;0,865;0;0,581;0;0,472;0
0,883;0;1;;0,883;0;0,626;0;0,551;0
0,901;0;1;;0,901;0;0,704;0;0,749;0
0,915;0;1;;0,915;0;0,686;0;0,76;0,002
0,918;0;1;;0,918;0;0,667;0,005;0,68;0,014
0,929;0,034;1;;0,929;0,034;0,706;0,024;0,589;0,029
0,963;0,086;1;;0,963;0,086;0,694;0,034;0,544;0,07
0,976;0,187;1;;0,976;0,187;0,7;0,034;0,589;0,218
0,98;0,378;1;;0,98;0,378;0,73;0,021;0,689;0,29
0,984;0,504;1;;0,984;0,504;0,731;0,008;0,745;0,212
0,985;0,629;1;;0,985;0,629;0,747;0,003;0,775;0,088
0,982;0,59;1;;0,982;0,59;0,789;0;0,819;0,002
0,974;0,56;1;;0,974;0,56;0,819;0;0,848;0
0,967;0,53;1;;0,967;0,53;0,814;0;0,869;0
0,963;0,498;1;;0,963;0,498;0,784;0;0,884;0
0,96;0,446;1;;0,96;0,446;0,766;0;0,901;0
0,955;0,366;1;;0,955;0,366;0,739;0;0,912;0
0,949;0,255;1;;0,949;0,255;0,728;0;0,912;0
0,932;0,133;1;;0,932;0,133;0,717;0;0,905;0
0,875;0,049;1;;0,875;0,049;0,762;0;0,897;0
0,805;0,002;1;;0,805;0,002;0,809;0;0,894;0
0,755;0;1;;0,755;0;0,876;0;0,892;0
0,731;0;1;;0,731;0;0,913;0;0,884;0
0,735;0;1;;0,735;0;0,913;0;0,878;0
0,749;0;1;;0,749;0;0,904;0;0,872;0
0,755;0;1;;0,755;0;0,926;0;0,864;0
0,761;0;1;;0,761;0;0,935;0;0,856;0
0,765;0;1;;0,765;0;0,931;0;0,854;0
0,747;0;1;;0,747;0;0,933;0,004;0,856;0,021
0,617;0,043;1;;0,617;0,043;0,931;0,012;0,864;0,059
0,605;0,141;1;;0,605;0,141;0,912;0,019;0,876;0,093
0,616;0,293;1;;0,616;0,293;0,856;0,026;0,884;0,114
0,606;0,458;1;;0,606;0,458;0,746;0,03;0,893;0,131
0,602;0,589;1;;0,602;0,589;0,695;0,031;0,893;0,097
0,602;0,701;1;;0,602;0,701;0,753;0,014;0,888;0,035
0,572;0,761;1;;0,572;0,761;0,851;0;0,88;0
0,515;0,758;1;;0,515;0,758;0,882;0;0,872;0
0,46;0,718;1;;0,46;0,718;0,871;0;0,859;0
0,412;0,657;1;;0,412;0,657;0,856;0;0,836;0
0,368;0,569;1;;0,368;0,569;0,849;0;0,808;0
0,322;0,424;1;;0,322;0,424;0,874;0;0,776;0
0,271;0,272;1;;0,271;0,272;0,905;0;0,737;0
0,21;0,137;1;;0,21;0,137;0,952;0;0,704;0
0,14;0,054;1;;0,14;0,054;0,977;0;0,677;0
0,096;0,003;1;;0,096;0,003;0,983;0;0,639;0
0,056;0;1;;0,056;0;0,981;0;0,575;0
0,03;0;1;;0,03;0;0,973;0;0,517;0
0,013;0;1;;0,013;0;0,969;0;0,43;0
0,005;0;1;;0,005;0;0,962;0;0,378;0
0,004;0;1;;0,004;0;0,947;0;0,354;0
0,009;0;1;;0,009;0;0,94;0;0,339;0
0,03;0;1;;0,03;0;0,925;0,001;0,34;0
0,062;0;1;;0,062;0;0,913;0,11;0,275;0,031
0,078;0,043;1;;0,078;0,043;0,89;0,301;0,241;0,115
0,036;0,121;1;;0,036;0,121;0,859;0,455;0,328;0,264
0,028;0,187;1;;0,028;0,187;0,846;0,493;0,407;0,33
0,046;0,256;1;;0,046;0,256;0,774;0,425;0,437;0,319
0,086;0,32;1;;0,086;0,32;0,675;0,281;0,424;0,298
0,174;0,346;1;;0,174;0,346;0,636;0,096;0,388;0,183
0,257;0,37;1;;0,257;0,37;0,611;0;0,407;0,01
0,323;0,381;1;;0,323;0,381;0,609;0;0,411;0
0,396;0,449;1;;0,396;0,449;0,597;0;0,415;0
0,461;0,436;1;;0,461;0,436;0,592;0;0,429;0
0,509;0,4;1;;0,509;0,4;0,6;0;0,446;0
0,551;0,339;1;;0,551;0,339;0,626;0;0,447;0
0,626;0,254;1;;0,626;0,254;0,655;0;0,435;0
0,709;0,141;1;;0,709;0,141;0,685;0;0,412;0
0,739;0,054;1;;0,739;0,054;0,7;0;0,371;0
0,736;0,003;1;;0,736;0,003;0,705;0;0,314;0
0,704;0;1;;0,704;0;0,709;0;0,259;0
0,674;0;1;;0,674;0;0,704;0;0,228;0
0,676;0;1;;0,676;0;0,697;0;0,166;0
0,697;0;1;;0,697;0;0,689;0;0,125;0
0,745;0;1;;0,745;0;0,674;0;0,095;0
0,749;0;1;;0,749;0;0,674;0;0,065;0
0,757;0;1;;0,757;0;0,674;0;0,041;0,002
0,782;0;1;;0,782;0;0,667;0,04;0,021;0,039
0,825;0,039;1;;0,825;0,039;0,628;0,116;0,01;0,094
0,871;0,124;1;;0,871;0,124;0,568;0,17;0,008;0,123
0,901;0,269;1;;0,901;0,269;0,529;0,225;0,009;0,474
0,905;0,419;1;;0,905;0,419;0,511;0,193;0,009;0,432
0,895;0,597;1;;0,895;0,597;0,516;0,125;0,009;0,345
0,886;0,68;1;;0,886;0,68;0,515;0,04;0,023;0,19
0,874;0,654;1;;0,874;0,654;0,472;0;0,052;0,011
0,869;0,648;1;;0,869;0,648;0,412;0;0,094;0
0,877;0,639;1;;0,877;0,639;0,35;0;0,153;0
0,894;0,596;1;;0,894;0,596;0,284;0;0,243;0
0,909;0,516;1;;0,909;0,516;0,227;0;0,345;0
0,916;0,402;1;;0,916;0,402;0,192;0;0,406;0
0,921;0,232;1;;0,921;0,232;0,177;0;0,429;0
0,91;0,139;1;;0,91;0,139;0,183;0;0,437;0
0,849;0,057;1;;0,849;0,057;0,204;0;0,434;0
0,767;0,003;1;;0,767;0,003;0,227;0;0,429;0
0,73;0;1;;0,73;0;0,23;0;0,424;0
0,683;0;1;;0,683;0;0,222;0;0,4;0
0,623;0;1;;0,623;0;0,195;0;0,385;0
0,589;0;1;;0,589;0;0,152;0;0,41;0
0,561;0;1;;0,561;0;0,107;0;0,432;0
0,545;0;1;;0,545;0;0,081;0;0,446;0
0,507;0;1;;0,507;0;0,068;0;0,479;0,002
0,473;0,001;1;;0,473;0,001;0,06;0,04;0,443;0,02
0,395;0,05;1;;0,395;0,05;0,064;0,111;0,338;0,038
0,294;0,138;1;;0,294;0,138;0,074;0,169;0,268;0,056
0,337;0,228;1;;0,337;0,228;0,092;0,198;0,281;0,057
0,389;0,335;1;;0,389;0,335;0,122;0,178;0,346;0,045
0,484;0,471;1;;0,484;0,471;0,167;0,116;0,364;0,038
0,554;0,372;1;;0,554;0,372;0,22;0,027;0,323;0,025
0,605;0,279;1;;0,605;0,279;0,261;0;0,365;0
0,61;0,342;1;;0,61;0,342;0,317;0;0,414;0
0,575;0,38;1;;0,575;0,38;0,383;0;0,38;0
0,501;0,378;1;;0,501;0,378;0,427;0;0,345;0
0,41;0,381;1;;0,41;0,381;0,443;0;0,356;0
0,313;0,303;1;;0,313;0,303;0,478;0;0,36;0
0,242;0,2;1;;0,242;0,2;0,54;0;0,346;0
0,178;0,106;1;;0,178;0,106;0,624;0;0,331;0
0,1;0,035;1;;0,1;0,035;0,688;0;0,313;0
0,057;0,001;1;;0,057;0,001;0,728;0;0,297;0
0,085;0;1;;0,085;0;0,728;0;0,3;0
0,202;0;1;;0,202;0;0,748;0;0,296;0
0,378;0;1;;0,378;0;0,75;0;0,31;0
0,467;0;1;;0,467;0;0,78;0;0,325;0
0,483;0;1;;0,483;0;0,792;0;0,289;0
0,489;0;1;;0,489;0;0,802;0;0,247;0
0,457;0;1;;0,457;0;0,823;0;0,235;0,026
0,379;0;1;;0,379;0;0,834;0,036;0,157;0,196
0,23;0,043;1;;0,23;0,043;0,84;0,103;0,095;0,378
0,058;0,112;1;;0,058;0,112;0,846;0,168;0,121;0,458
0,014;0,182;1;;0,014;0,182;0,842;0,183;0,161;0,414
0,021;0,283;1;;0,021;0,283;0,863;0,145;0,183;0,318
0,03;0,406;1;;0,03;0,406;0,851;0,1;0,178;0,164
0,048;0,558;1;;0,048;0,558;0,836;0,045;0,192;0,057
0,047;0,675;1;;0,047;0,675;0,836;0;0,255;0
0,043;0,648;1;;0,043;0,648;0,825;0;0,291;0
0,063;0,526;1;;0,063;0,526;0,793;0;0,312;0
0,089;0,465;1;;0,089;0,465;0,697;0;0,29;0
0,162;0,345;1;;0,162;0,345;0,577;0;0,273;0
0,317;0,239;1;;0,317;0,239;0,434;0;0,265;0
0,599;0,122;1;;0,599;0,122;0,32;0;0,223;0
0,81;0,068;1;;0,81;0,068;0,24;0;0,205;0
0,933;0,024;1;;0,933;0,024;0,21;0;0,185;0
0,972;0,001;1;;0,972;0,001;0,161;0;0,174;0
0,975;0;1;;0,975;0;0,167;0;0,138;0
0,964;0;1;;0,964;0;0,21;0;0,094;0
0,953;0;1;;0,953;0;0,256;0;0,099;0
0,93;0;1;;0,93;0;0,332;0;0,12;0
0,887;0;1;;0,887;0;0,438;0;0,094;0
0,829;0;1;;0,829;0;0,561;0;0,075;0
0,802;0;1;;0,802;0;0,674;0;0,07;0
0,796;0,001;1;;0,796;0,001;0,778;0,007;0,062;0,012
0,721;0,048;1;;0,721;0,048;0,773;0,037;0,048;0,039
0,85;0,144;1;;0,85;0,144;0,823;0,044;0,031;0,087
0,893;0,31;1;;0,893;0,31;0,856;0,064;0,024;0,116
0,893;0,499;1;;0,893;0,499;0,856;0,036;0,016;0,117
0,889;0,642;1;;0,889;0,642;0,857;0,01;0,015;0,102
0,885;0,709;1;;0,885;0,709;0,879;0;0,022;0,04
0,886;0,703;1;;0,886;0,703;0,895;0;0,03;0
0,898;0,715;1;;0,898;0,715;0,891;0;0,046;0
0,926;0,658;1;;0,926;0,658;0,88;0;0,071;0
0,953;0,467;1;;0,953;0,467;0,875;0;0,086;0
0,972;0,451;1;;0,972;0,451;0,86;0;0,1;0
0,983;0,336;1;;0,983;0,336;0,878;0;0,108;0
0,986;0,204;1;;0,986;0,204;0,873;0;0,116;0
0,985;0,126;1;;0,985;0,126;0,865;0;0,151;0
0,977;0,046;1;;0,977;0,046;0,87;0;0,191;0
0,961;0,003;1;;0,961;0,003;0,859;0;0,211;0
0,943;0;1;;0,943;0;0,852;0;0,223;0
0,932;0;1;;0,932;0;0,846;0;0,217;0
0,921;0;1;;0,921;0;0,835;0;0,193;0
0,923;0;1;;0,923;0;0,808;0;0,172;0
0,914;0;1;;0,914;0;0,779;0;0,164;0
0,903;0;1;;0,903;0;0,755;0;0,156;0
0,912;0;1;;0,912;0;0,748;0;0,147;0,021
0,922;0;1;;0,922;0;0,753;0,011;0,114;0,188
0,921;0,031;1;;0,921;0,031;0,757;0,029;0,092;0,399
0,955;0,106;1;;0,955;0,106;0,761;0,063;0,134;0,553
0,98;0,133;1;;0,98;0,133;0,771;0,083;0,151;0,589
0,987;0,214;1;;0,987;0,214;0,76;0,103;0,17;0,554
0,983;0,219;1;;0,983;0,219;0,734;0,038;0,184;0,447
0,98;0,184;1;;0,98;0,184;0,706;0,009;0,203;0,26
0,948;0,333;1;;0,948;0,333;0,697;0;0,242;0,012
0,914;0,638;1;;0,914;0,638;0,705;0;0,291;0
0,92;0,784;1;;0,92;0,784;0,717;0;0,331;0
0,916;0,745;1;;0,916;0,745;0,732;0;0,338;0
0,906;0,63;1;;0,906;0,63;0,736;0;0,317;0
0,906;0,487;1;;0,906;0,487;0,74;0;0,275;0
0,918;0,324;1;;0,918;0,324;0,706;0;0,23;0
0,936;0,159;1;;0,936;0,159;0,687;0;0,192;0
0,959;0,064;1;;0,959;0,064;0,683;0;0,164;0
0,973;0,004;1;;0,973;0,004;0,655;0;0,146;0
0,97;0;1;;0,97;0;0,629;0;0,14;0
0,958;0;1;;0,958;0;0,613;0;0,124;0
0,95;0;1;;0,95;0;0,64;0;0,084;0
0,931;0;1;;0,931;0;0,676;0;0,058;0
0,922;0;1;;0,922;0;0,69;0;0,052;0
0,913;0;1;;0,913;0;0,705;0;0,055;0
0,884;0;1;;0,884;0;0,715;0;0,06;0,012
0,83;0;1;;0,83;0;0,713;0,021;0,056;0,119
0,754;0,033;1;;0,754;0,033;0,726;0,063;0,057;0,362
0,689;0,107;1;;0,689;0,107;0,766;0,08;0,063;0,499
0,583;0,255;1;;0,583;0,255;0,802;0,076;0,074;0,579
0,472;0,419;1;;0,472;0,419;0,835;0,054;0,086;0,552
0,458;0,508;1;;0,458;0,508;0,862;0,026;0,103;0,434
0,487;0,622;1;;0,487;0,622;0,892;0,003;0,159;0,231
0,544;0,729;1;;0,544;0,729;0,919;0;0,26;0,008
0,596;0,776;1;;0,596;0,776;0,943;0;0,357;0
0,674;0,713;1;;0,674;0,713;0,958;0;0,39;0
0,744;0,635;1;;0,744;0,635;0,969;0;0,337;0
0,805;0,52;1;;0,805;0,52;0,978;0;0,247;0
0,856;0,379;1;;0,856;0,379;0,985;0;0,18;0
0,888;0,245;1;;0,888;0,245;0,986;0;0,185;0
0,924;0,12;1;;0,924;0,12;0,98;0;0,228;0
0,956;0,046;1;;0,956;0,046;0,968;0;0,263;0
0,976;0,003;1;;0,976;0,003;0,952;0;0,286;0
0,981;0;1;;0,981;0;0,942;0;0,323;0
0,983;0;1;;0,983;0;0,947;0;0,354;0
0,985;0;1;;0,985;0;0,96;0;0,379;0
0,986;0;1;;0,986;0;0,972;0;0,392;0
0,987;0;1;;0,987;0;0,983;0;0,403;0
0,987;0;1;;0,987;0;0,987;0;0,396;0
0,987;0;1;;0,987;0;0,985;0;0,413;0
0,985;0;1;;0,985;0;0,982;0,003;0,446;0,024
0,984;0,015;1;;0,984;0,015;0,981;0,012;0,451;0,059
0,985;0,06;1;;0,985;0,06;0,98;0,017;0,486;0,087
0,986;0,155;1;;0,986;0,155;0,982;0,014;0,511;0,105
0,981;0,191;1;;0,981;0,191;0,983;0,015;0,522;0,092
0,976;0,264;1;;0,976;0,264;0,982;0,006;0,565;0,056
0,971;0,38;1;;0,971;0,38;0,981;0;0,626;0,015
0,963;0,486;1;;0,963;0,486;0,98;0;0,692;0
0,951;0,428;1;;0,951;0,428;0,98;0;0,731;0
0,945;0,402;1;;0,945;0,402;0,978;0;0,757;0
0,94;0,384;1;;0,94;0,384;0,973;0;0,805;0
0,939;0,325;1;;0,939;0,325;0,973;0;0,821;0
0,938;0,26;1;;0,938;0,26;0,976;0;0,835;0
0,932;0,224;1;;0,932;0,224;0,974;0;0,862;0
0,949;0,113;1;;0,949;0,113;0,969;0;0,859;0
0,973;0,037;1;;0,973;0,037;0,958;0;0,883;0
0,981;0,002;1;;0,981;0,002;0,937;0;0,877;0
0,979;0;1;;0,979;0;0,935;0;0,872;0
0,982;0;1;;0,982;0;0,953;0;0,854;0
0,985;0;1;;0,985;0;0,964;0;0,819;0
0,987;0;1;;0,987;0;0,964;0;0,798;0
0,987;0;1;;0,987;0;0,968;0;0,782;0
0,987;0;1;;0,987;0;0,955;0;0,764;0
0,987;0;1;;0,987;0;0,938;0;0,708;0
0,986;0,002;1;;0,986;0,002;0,919;0,011;0,635;0,018
0,985;0,054;1;;0,985;0,054;0,91;0,051;0,519;0,064
0,987;0,129;1;;0,987;0,129;0,918;0,075;0,5;0,163
0,984;0,232;1;;0,984;0,232;0,925;0,073;0,528;0,204
0,977;0,413;1;;0,977;0,413;0,933;0,08;0,537;0,248
0,97;0,525;1;;0,97;0,525;0,917;0,053;0,554;0,186
0,966;0,545;1;;0,966;0,545;0,878;0,011;0,556;0,114
0,961;0,473;1;;0,961;0,473;0,861;0;0,617;0,001
0,971;0,274;1;;0,971;0,274;0,819;0;0,618;0
0,981;0,271;1;;0,981;0,271;0,829;0;0,584;0
0,985;0,261;1;;0,985;0,261;0,879;0;0,574;0
0,986;0,329;1;;0,986;0,329;0,906;0;0,565;0
0,986;0,291;1;;0,986;0,291;0,927;0;0,579;0
0,986;0,253;1;;0,986;0,253;0,934;0;0,575;0
0,987;0,136;1;;0,987;0,136;0,949;0;0,595;0
0,981;0,046;1;;0,981;0,046;0,968;0;0,627;0
0,964;0,005;1;;0,964;0,005;0,977;0;0,642;0
0,959;0;1;;0,959;0;0,985;0;0,613;0
0,957;0;1;;0,957;0;0,987;0;0,6;0
0,945;0;1;;0,945;0;0,985;0;0,673;0
0,916;0;1;;0,916;0;0,97;0;0,757;0
0,87;0;1;;0,87;0;0,946;0;0,815;0
0,838;0;1;;0,838;0;0,918;0;0,874;0
0,796;0;1;;0,796;0;0,886;0;0,892;0
0,708;0,001;1;;0,708;0,001;0,877;0;0,899;0,02
0,635;0,04;1;;0,635;0,04;0,932;0,001;0,894;0,034
0,664;0,15;1;;0,664;0,15;0,979;0,019;0,898;0,027
0,683;0,276;1;;0,683;0,276;0,987;0,071;0,914;0,023
0,694;0,339;1;;0,694;0,339;0,987;0,191;0,922;0,025
0,715;0,364;1;;0,715;0,364;0,986;0,178;0,923;0,011
0,764;0,405;1;;0,764;0,405;0,984;0,05;0,914;0,001
0,777;0,32;1;;0,777;0,32;0,986;0;0,879;0
0,77;0,316;1;;0,77;0,316;0,987;0;0,819;0
0,77;0,347;1;;0,77;0,347;0,987;0;0,776;0
0,748;0,21;1;;0,748;0,21;0,987;0;0,767;0
0,667;0,152;1;;0,667;0,152;0,986;0;0,773;0
0,574;0,092;1;;0,574;0,092;0,986;0;0,777;0
0,538;0,049;1;;0,538;0,049;0,981;0;0,779;0
0,554;0,021;1;;0,554;0,021;0,977;0;0,796;0
0,752;0,005;1;;0,752;0,005;0,978;0;0,821;0
0,898;0;1;;0,898;0;0,981;0;0,837;0
0,946;0;1;;0,946;0;0,979;0;0,851;0
0,971;0;1;;0,971;0;0,974;0;0,851;0
0,975;0;1;;0,975;0;0,967;0;0,85;0
0,958;0;1;;0,958;0;0,962;0;0,846;0
0,9;0;1;;0,9;0;0,959;0;0,837;0
0,907;0;1;;0,907;0;0,955;0;0,849;0
0,928;0;1;;0,928;0;0,953;0;0,876;0
0,949;0,001;1;;0,949;0,001;0,938;0,004;0,915;0,015
0,965;0,051;1;;0,965;0,051;0,909;0,016;0,91;0,025
0,985;0,146;1;;0,985;0,146;0,878;0,024;0,849;0,07
0,969;0,299;1;;0,969;0,299;0,825;0,029;0,769;0,098
0,938;0,458;1;;0,938;0,458;0,761;0,033;0,686;0,07
0,896;0,587;1;;0,896;0,587;0,813;0,021;0,581;0,066
0,811;0,688;1;;0,811;0,688;0,933;0,007;0,54;0,032
0,7;0,706;1;;0,7;0,706;0,969;0;0,558;0
0,627;0,713;1;;0,627;0,713;0,981;0;0,537;0
0,599;0,676;1;;0,599;0,676;0,984;0;0,54;0
0,573;0,578;1;;0,573;0,578;0,983;0;0,61;0
0,552;0,565;1;;0,552;0,565;0,981;0;0,745;0
0,561;0,45;1;;0,561;0,45;0,978;0;0,773;0
0,607;0,311;1;;0,607;0,311;0,973;0;0,753;0
0,704;0,161;1;;0,704;0,161;0,968;0;0,697;0
0,831;0,065;1;;0,831;0,065;0,961;0;0,629;0
0,925;0,007;1;;0,925;0,007;0,934;0;0,557;0
0,957;0;1;;0,957;0;0,898;0;0,563;0
0,967;0;1;;0,967;0;0,894;0;0,551;0
0,973;0;1;;0,973;0;0,879;0;0,457;0
0,979;0;1;;0,979;0;0,864;0;0,424;0
0,98;0;1;;0,98;0;0,783;0;0,373;0
0,984;0;1;;0,984;0;0,617;0;0,266;0
0,986;0;1;;0,986;0;0,51;0;0,204;0
0,985;0,003;1;;0,985;0,003;0,579;0,026;0,184;0,025
0,984;0,049;1;;0,984;0,049;0,661;0,072;0,177;0,078
0,977;0,146;1;;0,977;0,146;0,692;0,111;0,157;0,247
0,965;0,317;1;;0,965;0,317;0,773;0,106;0,158;0,459
0,96;0,487;1;;0,96;0,487;0,829;0,11;0,202;0,408
0,958;0,618;1;;0,958;0,618;0,868;0,061;0,255;0,204
0,965;0,747;1;;0,965;0,747;0,913;0,019;0,342;0,074
0,98;0,795;1;;0,98;0,795;0,952;0;0,449;0
0,987;0,803;1;;0,987;0,803;0,969;0;0,494;0
0,986;0,791;1;;0,986;0,791;0,98;0;0,518;0
0,979;0,735;1;;0,979;0,735;0,985;0;0,548;0
0,966;0,639;1;;0,966;0,639;0,987;0;0,569;0
0,94;0,5;1;;0,94;0,5;0,986;0;0,567;0
0,897;0,328;1;;0,897;0,328;0,982;0;0,548;0
0,812;0,157;1;;0,812;0,157;0,98;0;0,542;0
0,644;0,062;1;;0,644;0,062;0,971;0;0,536;0
0,548;0,008;1;;0,548;0,008;0,977;0;0,519;0
0,515;0;1;;0,515;0;0,982;0;0,515;0
0,473;0;1;;0,473;0;0,986;0;0,495;0
0,379;0;1;;0,379;0;0,987;0;0,431;0
0,263;0;1;;0,263;0;0,983;0;0,353;0
0,231;0;1;;0,231;0;0,961;0;0,307;0
0,245;0;1;;0,245;0;0,919;0;0,299;0
0,373;0;1;;0,373;0;0,887;0;0,3;0
0,526;0,002;1;;0,526;0,002;0,844;0,003;0,298;0,008
0,445;0,049;1;;0,445;0,049;0,792;0,018;0,316;0,02
0,252;0,132;1;;0,252;0,132;0,711;0,037;0,334;0,026
0,128;0,219;1;;0,128;0,219;0,608;0,052;0,32;0,027
0,058;0,286;1;;0,058;0,286;0,522;0,05;0,297;0,022
0,065;0,312;1;;0,065;0,312;0,501;0,033;0,29;0,011
0,134;0,391;1;;0,134;0,391;0,511;0,004;0,27;0,002
0,247;0,517;1;;0,247;0,517;0,511;0;0,29;0
0,404;0,677;1;;0,404;0,677;0,526;0;0,317;0
0,605;0,719;1;;0,605;0,719;0,526;0;0,313;0
0,796;0,664;1;;0,796;0,664;0,511;0;0,32;0
0,901;0,559;1;;0,901;0,559;0,532;0;0,33;0
0,946;0,457;1;;0,946;0,457;0,551;0;0,331;0
0,966;0,327;1;;0,966;0,327;0,555;0;0,299;0
0,975;0,166;1;;0,975;0,166;0,551;0;0,277;0
0,971;0,068;1;;0,971;0,068;0,529;0;0,283;0
0,949;0,01;1;;0,949;0,01;0,518;0;0,289;0
0,893;0;1;;0,893;0;0,505;0;0,282;0
0,843;0;1;;0,843;0;0,511;0;0,276;0
0,836;0;1;;0,836;0;0,555;0;0,278;0
0,841;0;1;;0,841;0;0,607;0;0,285;0
0,874;0;1;;0,874;0;0,646;0;0,318;0
0,895;0;1;;0,895;0;0,7;0;0,312;0
0,923;0;1;;0,923;0;0,741;0;0,334;0
0,932;0,003;1;;0,932;0,003;0,766;0,004;0,32;0,02
0,958;0,043;1;;0,958;0,043;0,782;0,026;0,282;0,052
0,968;0,104;1;;0,968;0,104;0,784;0,081;0,309;0,079
0,978;0,267;1;;0,978;0,267;0,751;0,109;0,352;0,087
0,983;0,316;1;;0,983;0,316;0,736;0,109;0,366;0,089
0,986;0,3;1;;0,986;0,3;0,745;0,088;0,371;0,097
0,987;0,329;1;;0,987;0,329;0,785;0,027;0,421;0,04
0,987;0,417;1;;0,987;0,417;0,824;0;0,494;0
0,987;0,48;1;;0,987;0,48;0,846;0;0,524;0
0,986;0,598;1;;0,986;0,598;0,84;0;0,552;0
0,982;0,599;1;;0,982;0,599;0,838;0;0,594;0
0,973;0,559;1;;0,973;0,559;0,861;0;0,642;0
0,957;0,454;1;;0,957;0,454;0,876;0;0,659;0
0,927;0,319;1;;0,927;0,319;0,902;0;0,631;0
0,856;0,169;1;;0,856;0,169;0,923;0;0,623;0
0,651;0,067;1;;0,651;0,067;0,94;0;0,636;0
0,407;0,011;1;;0,407;0,011;0,954;0;0,667;0
0,165;0;1;;0,165;0;0,962;0;0,721;0
0,033;0;1;;0,033;0;0,967;0;0,763;0
0,005;0;1;;0,005;0;0,971;0;0,755;0
0,021;0;1;;0,021;0;0,971;0;0,746;0
0,117;0;1;;0,117;0;0,97;0;0,715;0
0,284;0;1;;0,284;0;0,966;0;0,671;0
0,398;0;1;;0,398;0;0,957;0;0,581;0
0,403;0;1;;0,403;0;0,943;0,059;0,53;0,007
0,372;0,006;1;;0,372;0,006;0,923;0,207;0,432;0,017
0,356;0,022;1;;0,356;0,022;0,9;0,305;0,335;0,025
0,412;0,049;1;;0,412;0,049;0,882;0,27;0,498;0,038
0,432;0,087;1;;0,432;0,087;0,849;0,174;0,664;0,048
0,396;0,121;1;;0,396;0,121;0,818;0,064;0,796;0,053
0,301;0,156;1;;0,301;0,156;0,811;0,008;0,816;0,022
0,203;0,228;1;;0,203;0,228;0,782;0;0,813;0
0,14;0,254;1;;0,14;0,254;0,72;0;0,793;0
0,124;0,198;1;;0,124;0,198;0,642;0;0,785;0
0,15;0,161;1;;0,15;0,161;0,558;0;0,802;0
0,202;0,129;1;;0,202;0,129;0,5;0;0,825;0
0,263;0,105;1;;0,263;0,105;0,452;0;0,835;0
0,281;0,09;1;;0,281;0,09;0,426;0;0,816;0
0,23;0,077;1;;0,23;0,077;0,424;0;0,747;0
0,201;0,056;1;;0,201;0,056;0,461;0;0,661;0
0,362;0,01;1;;0,362;0,01;0,542;0;0,634;0
0,545;0;1;;0,545;0;0,66;0;0,633;0
0,714;0;1;;0,714;0;0,77;0;0,686;0
0,809;0;1;;0,809;0;0,848;0;0,693;0
0,844;0;1;;0,844;0;0,905;0;0,639;0
0,808;0;1;;0,808;0;0,923;0;0,592;0
0,756;0;1;;0,756;0;0,929;0;0,717;0
0,743;0;1;;0,743;0;0,941;0;0,915;0
0,762;0,004;1;;0,762;0,004;0,93;0,002;0,937;0,097
0,629;0,056;1;;0,629;0,056;0,917;0,013;0,928;0,154
0,532;0,143;1;;0,532;0,143;0,927;0,023;0,927;0,161
0,651;0,209;1;;0,651;0,209;0,95;0,029;0,933;0,183
0,8;0,188;1;;0,8;0,188;0,975;0,037;0,938;0,235
0,912;0,182;1;;0,912;0,182;0,986;0,025;0,935;0,231
0,954;0,164;1;;0,954;0,164;0,987;0,002;0,938;0,106
0,964;0,216;1;;0,964;0,216;0,987;0;0,94;0
0,966;0,419;1;;0,966;0,419;0,985;0;0,927;0
0,964;0,438;1;;0,964;0,438;0,984;0;0,905;0
0,961;0,341;1;;0,961;0,341;0,983;0;0,883;0
0,95;0,158;1;;0,95;0,158;0,987;0;0,838;0
0,948;0,124;1;;0,948;0,124;0,985;0;0,773;0
0,94;0,108;1;;0,94;0,108;0,98;0;0,667;0
0,957;0,128;1;;0,957;0,128;0,983;0;0,57;0
0,963;0,055;1;;0,963;0,055;0,979;0;0,497;0
0,968;0,004;1;;0,968;0,004;0,968;0;0,464;0
0,976;0;1;;0,976;0;0,925;0;0,489;0
0,982;0;1;;0,982;0;0,887;0;0,54;0
0,981;0;1;;0,981;0;0,885;0;0,753;0
0,98;0;1;;0,98;0;0,91;0;0,89;0
0,981;0;1;;0,981;0;0,945;0;0,974;0
0,986;0;1;;0,986;0;0,979;0;0,971;0
0,986;0;1;;0,986;0;0,985;0;0,936;0
0,985;0,002;1;;0,985;0,002;0,955;0,021;0,882;0,033
0,984;0,034;1;;0,984;0,034;0,873;0,175;0,808;0,107
0,986;0,1;1;;0,986;0,1;0,764;0,182;0,732;0,127
0,98;0,257;1;;0,98;0,257;0,744;0,154;0,683;0,115
0,965;0,419;1;;0,965;0,419;0,783;0,206;0,651;0,099
0,957;0,535;1;;0,957;0,535;0,851;0,136;0,613;0,068
0,955;0,629;1;;0,955;0,629;0,921;0,018;0,603;0,026
0,948;0,662;1;;0,948;0,662;0,967;0;0,616;0
0,939;0,641;1;;0,939;0,641;0,984;0;0,595;0
0,935;0,627;1;;0,935;0,627;0,986;0;0,59;0
0,935;0,61;1;;0,935;0,61;0,981;0;0,571;0
0,94;0,552;1;;0,94;0,552;0,972;0;0,551;0
0,951;0,446;1;;0,951;0,446;0,96;0;0,551;0
0,969;0,307;1;;0,969;0,307;0,947;0;0,52;0
0,984;0,17;1;;0,984;0,17;0,924;0;0,466;0
0,985;0,07;1;;0,985;0,07;0,903;0;0,391;0
0,966;0,011;1;;0,966;0,011;0,916;0;0,33;0
0,94;0;1;;0,94;0;0,898;0;0,31;0
0,914;0;1;;0,914;0;0,844;0;0,372;0
0,904;0;1;;0,904;0;0,816;0;0,391;0
0,907;0;1;;0,907;0;0,835;0;0,394;0
0,896;0;1;;0,896;0;0,85;0;0,388;0
0,882;0;1;;0,882;0;0,868;0;0,41;0
0,874;0;1;;0,874;0;0,874;0;0,468;0
0,86;0,004;1;;0,86;0,004;0,861;0,005;0,452;0,025
0,817;0,056;1;;0,817;0,056;0,857;0,025;0,369;0,039
0,917;0,151;1;;0,917;0,151;0,829;0,044;0,317;0,071
0,938;0,314;1;;0,938;0,314;0,775;0,049;0,284;0,079
0,946;0,475;1;;0,946;0,475;0,745;0,04;0,292;0,083
0,945;0,605;1;;0,945;0,605;0,725;0,021;0,33;0,063
0,941;0,686;1;;0,941;0,686;0,743;0,003;0,421;0,024
0,932;0,732;1;;0,932;0,732;0,766;0;0,543;0
0,924;0,734;1;;0,924;0,734;0,756;0;0,602;0
0,923;0,694;1;;0,923;0,694;0,716;0;0,619;0
0,913;0,6;1;;0,913;0,6;0,656;0;0,613;0
0,872;0,5;1;;0,872;0,5;0,573;0;0,582;0
0,792;0,399;1;;0,792;0,399;0,452;0;0,568;0
0,649;0,288;1;;0,649;0,288;0,33;0;0,555;0
0,345;0,112;1;;0,345;0,112;0,247;0;0,496;0
0,062;0,024;1;;0,062;0,024;0,224;0;0,45;0
0,002;0,001;1;;0,002;0,001;0,261;0;0,397;0
0,076;0;1;;0,076;0;0,345;0;0,323;0
0,395;0;1;;0,395;0;0,433;0;0,318;0
0,629;0;1;;0,629;0;0,515;0;0,331;0
0,716;0;1;;0,716;0;0,54;0;0,287;0
0,74;0;1;;0,74;0;0,518;0;0,284;0
0,75;0;1;;0,75;0;0,5;0;0,32;0
0,755;0;1;;0,755;0;0,501;0;0,384;0,003
0,72;0;1;;0,72;0;0,476;0,004;0,407;0,115
0,674;0,009;1;;0,674;0,009;0,488;0,018;0,327;0,259
0,696;0,034;1;;0,696;0,034;0,568;0,033;0,243;0,293
0,807;0,104;1;;0,807;0,104;0,665;0,032;0,222;0,339
0,795;0,217;1;;0,795;0,217;0,76;0,024;0,242;0,253
0,743;0,287;1;;0,743;0,287;0,838;0,015;0,331;0,139
0,705;0,458;1;;0,705;0,458;0,896;0,007;0,452;0,047
0,674;0,493;1;;0,674;0,493;0,929;0;0,549;0
0,664;0,627;1;;0,664;0,627;0,953;0;0,584;0
0,61;0,587;1;;0,61;0,587;0,966;0;0,586;0
0,613;0,491;1;;0,613;0,491;0,976;0;0,558;0
0,579;0,337;1;;0,579;0,337;0,976;0;0,556;0
0,502;0,27;1;;0,502;0,27;0,963;0;0,572;0
0,439;0,153;1;;0,439;0,153;0,959;0;0,688;0
0,343;0,048;1;;0,343;0,048;0,963;0;0,805;0
0,229;0,028;1;;0,229;0,028;0,967;0;0,791;0
0,14;0,003;1;;0,14;0,003;0,947;0;0,745;0
0,089;0;1;;0,089;0;0,942;0;0,638;0
0,053;0;1;;0,053;0;0,922;0;0,575;0
0,042;0;1;;0,042;0;0,891;0;0,473;0
0,106;0;1;;0,106;0;0,898;0;0,346;0
0,193;0;1;;0,193;0;0,886;0;0,267;0
0,205;0;1;;0,205;0;0,876;0;0,261;0
0,132;0;1;;0,132;0;0,886;0;0,262;0
0,098;0;1;;0,098;0;0,878;0,019;0,248;0,038
0,161;0,009;1;;0,161;0,009;0,856;0,06;0,185;0,078
0,257;0,039;1;;0,257;0,039;0,825;0,088;0,111;0,132
0,287;0,074;1;;0,287;0,074;0,8;0,11;0,087;0,192
0,332;0,14;1;;0,332;0,14;0,745;0,079;0,06;0,231
0,375;0,207;1;;0,375;0,207;0,676;0,031;0,036;0,178
0,399;0,3;1;;0,399;0,3;0,642;0,004;0,044;0,07
0,405;0,382;1;;0,405;0,382;0,632;0;0,083;0
0,39;0,489;1;;0,39;0,489;0,57;0;0,175;0
0,358;0,507;1;;0,358;0,507;0,533;0;0,313;0
0,297;0,485;1;;0,297;0,485;0,561;0;0,472;0
0,234;0,305;1;;0,234;0,305;0,626;0;0,575;0
0,181;0,156;1;;0,181;0,156;0,669;0;0,574;0
0,156;0,081;1;;0,156;0,081;0,67;0;0,522;0
0,195;0,049;1;;0,195;0,049;0,674;0;0,472;0
0,324;0,024;1;;0,324;0,024;0,687;0;0,424;0
0,568;0,002;1;;0,568;0,002;0,728;0;0,36;0
0,755;0;1;;0,755;0;0,78;0;0,275;0
0,802;0;1;;0,802;0;0,827;0;0,205;0
0,8;0;1;;0,8;0;0,839;0;0,183;0
0,803;0;1;;0,803;0;0,832;0;0,179;0
0,822;0;1;;0,822;0;0,828;0;0,171;0
0,832;0;1;;0,832;0;0,831;0;0,167;0
0,835;0;1;;0,835;0;0,826;0;0,174;0
0,876;0,001;1;;0,876;0,001;0,825;0,008;0,15;0,022
0,941;0,035;1;;0,941;0,035;0,835;0,046;0,111;0,067
0,977;0,133;1;;0,977;0,133;0,83;0,128;0,098;0,127
0,985;0,307;1;;0,985;0,307;0,8;0,231;0,092;0,143
0,982;0,488;1;;0,982;0,488;0,821;0,276;0,108;0,117
0,964;0,667;1;;0,964;0,667;0,869;0,189;0,125;0,082
0,925;0,762;1;;0,925;0,762;0,906;0,043;0,153;0,033
0,878;0,792;1;;0,878;0,792;0,918;0;0,194;0
0,841;0,753;1;;0,841;0,753;0,903;0;0,241;0
0,811;0,602;1;;0,811;0,602;0,886;0;0,304;0
0,786;0,473;1;;0,786;0,473;0,874;0;0,374;0
0,77;0,397;1;;0,77;0,397;0,856;0;0,375;0
0,75;0,297;1;;0,75;0,297;0,819;0;0,292;0
0,743;0,185;1;;0,743;0,185;0,78;0;0,233;0
0,777;0,087;1;;0,777;0,087;0,745;0;0,204;0
0,829;0,023;1;;0,829;0,023;0,713;0;0,203;0
0,813;0,001;1;;0,813;0,001;0,699;0;0,257;0
0,775;0;1;;0,775;0;0,711;0;0,329;0
0,786;0;1;;0,786;0;0,704;0;0,35;0
0,832;0;1;;0,832;0;0,734;0;0,33;0
0,854;0;1;;0,854;0;0,792;0;0,287;0
0,854;0;1;;0,854;0;0,877;0;0,33;0
0,874;0;1;;0,874;0;0,897;0;0,403;0
0,866;0;1;;0,866;0;0,888;0;0,446;0
0,836;0,001;1;;0,836;0,001;0,886;0,012;0,468;0,015
0,788;0,04;1;;0,788;0,04;0,864;0,066;0,389;0,041
0,772;0,122;1;;0,772;0,122;0,854;0,139;0,365;0,053
0,935;0,232;1;;0,935;0,232;0,859;0,088;0,489;0,042
0,958;0,34;1;;0,958;0,34;0,85;0,039;0,554;0,03
0,965;0,39;1;;0,965;0,39;0,859;0,018;0,626;0,014
0,962;0,396;1;;0,962;0,396;0,891;0,005;0,713;0,002
0,961;0,508;1;;0,961;0,508;0,916;0;0,724;0
0,967;0,707;1;;0,967;0,707;0,935;0;0,739;0
0,975;0,708;1;;0,975;0,708;0,958;0;0,664;0
0,981;0,494;1;;0,981;0,494;0,923;0;0,581;0
0,98;0,265;1;;0,98;0,265;0,933;0;0,511;0
0,974;0,137;1;;0,974;0,137;0,911;0;0,449;0
0,97;0,081;1;;0,97;0,081;0,898;0;0,397;0
0,953;0,053;1;;0,953;0,053;0,899;0;0,392;0
0,931;0,026;1;;0,931;0,026;0,902;0;0,352;0
0,953;0,001;1;;0,953;0,001;0,905;0;0,358;0
0,96;0;1;;0,96;0;0,912;0;0,346;0
0,957;0;1;;0,957;0;0,909;0;0,323;0
0,958;0;1;;0,958;0;0,911;0;0,315;0
0,92;0;1;;0,92;0;0,894;0;0,291;0
0,878;0;1;;0,878;0;0,864;0;0,263;0
0,879;0;1;;0,879;0;0,846;0;0,287;0
0,886;0;1;;0,886;0;0,786;0;0,328;0
0,893;0;1;;0,893;0;0,723;0,011;0,323;0,018
0,898;0,013;1;;0,898;0,013;0,639;0,039;0,278;0,05
0,909;0,038;1;;0,909;0,038;0,628;0,062;0,259;0,075
0,926;0,078;1;;0,926;0,078;0,655;0,092;0,246;0,144
0,959;0,118;1;;0,959;0,118;0,697;0,093;0,27;0,222
0,975;0,169;1;;0,975;0,169;0,715;0,071;0,263;0,176
0,987;0,413;1;;0,987;0,413;0,765;0,024;0,27;0,052
0,984;0,725;1;;0,984;0,725;0,817;0;0,36;0
0,981;0,804;1;;0,981;0,804;0,835;0;0,432;0
0,977;0,804;1;;0,977;0,804;0,837;0;0,468;0
0,966;0,758;1;;0,966;0,758;0,819;0;0,436;0
0,957;0,659;1;;0,957;0,659;0,792;0;0,414;0
0,955;0,514;1;;0,955;0,514;0,767;0;0,432;0
0,966;0,343;1;;0,966;0,343;0,709;0;0,441;0
0,98;0,18;1;;0,98;0,18;0,662;0;0,508;0
0,987;0,073;1;;0,987;0,073;0,635;0;0,558;0
0,975;0,013;1;;0,975;0,013;0,605;0;0,592;0
0,952;0;1;;0,952;0;0,6;0;0,573;0
0,931;0;1;;0,931;0;0,629;0;0,533;0
0,882;0;1;;0,882;0;0,647;0;0,522;0
0,791;0;1;;0,791;0;0,661;0;0,499;0
0,719;0;1;;0,719;0;0,678;0;0,422;0
0,656;0;1;;0,656;0;0,705;0;0,446;0
0,661;0;1;;0,661;0;0,724;0;0,489;0,001
0,721;0,003;1;;0,721;0,003;0,733;0,001;0,474;0,062
0,755;0,032;1;;0,755;0,032;0,745;0,012;0,46;0,084
0,933;0,087;1;;0,933;0,087;0,76;0,02;0,451;0,076
0,975;0,247;1;;0,975;0,247;0,734;0,015;0,428;0,065
0,986;0,46;1;;0,986;0,46;0,703;0,009;0,418;0,051
0,984;0,455;1;;0,984;0,455;0,649;0,006;0,43;0,048
0,969;0,323;1;;0,969;0,323;0,624;0,001;0,557;0,017
0,97;0,31;1;;0,97;0,31;0,632;0;0,717;0
0,891;0,574;1;;0,891;0,574;0,685;0;0,796;0
0,777;0,546;1;;0,777;0,546;0,674;0;0,823;0
0,805;0,722;1;;0,805;0,722;0,632;0;0,816;0
0,834;0,639;1;;0,834;0,639;0,567;0;0,809;0
0,871;0,504;1;;0,871;0,504;0,514;0;0,823;0
0,9;0,333;1;;0,9;0,333;0,417;0;0,802;0
0,94;0,171;1;;0,94;0,171;0,336;0;0,757;0
0,979;0,07;1;;0,979;0,07;0,302;0;0,728;0
0,984;0,011;1;;0,984;0,011;0,341;0;0,714;0
0,983;0;1;;0,983;0;0,483;0;0,68;0
0,983;0;1;;0,983;0;0,703;0;0,65;0
0,985;0;1;;0,985;0;0,82;0;0,632;0
0,986;0;1;;0,986;0;0,87;0;0,605;0
0,981;0;1;;0,981;0;0,879;0;0,606;0
0,981;0;1;;0,981;0;0,865;0;0,646;0
0,987;0;1;;0,987;0;0,856;0;0,664;0
0,985;0,005;1;;0,985;0,005;0,849;0,015;0,695;0,017
0,98;0,058;1;;0,98;0,058;0,835;0,059;0,656;0,068
0,986;0,15;1;;0,986;0,15;0,832;0,087;0,661;0,124
0,987;0,304;1;;0,987;0,304;0,829;0,097;0,671;0,127
0,987;0,449;1;;0,987;0,449;0,839;0,091;0,617;0,127
0,987;0,551;1;;0,987;0,551;0,845;0,067;0,555;0,089
0,987;0,61;1;;0,987;0,61;0,851;0,014;0,561;0,03
0,987;0,656;1;;0,987;0,656;0,851;0;0,623;0
0,987;0,669;1;;0,987;0,669;0,836;0;0,661;0
0,987;0,613;1;;0,987;0,613;0,825;0;0,674;0
0,987;0,507;1;;0,987;0,507;0,821;0;0,687;0
0,986;0,399;1;;0,986;0,399;0,827;0;0,633;0
0,985;0,312;1;;0,985;0,312;0,835;0;0,542;0
0,981;0,227;1;;0,981;0,227;0,843;0;0,555;0
0,967;0,132;1;;0,967;0,132;0,827;0;0,551;0
0,928;0,061;1;;0,928;0,061;0,83;0;0,542;0
0,861;0,008;1;;0,861;0,008;0,875;0;0,485;0
0,788;0;1;;0,788;0;0,882;0;0,439;0
0,771;0;1;;0,771;0;0,856;0;0,398;0
0,773;0;1;;0,773;0;0,842;0;0,398;0
0,769;0;1;;0,769;0;0,824;0;0,442;0
0,757;0;1;;0,757;0;0,819;0;0,46;0
0,734;0;1;;0,734;0;0,786;0;0,436;0
0,714;0;1;;0,714;0;0,736;0;0,427;0
0,691;0,003;1;;0,691;0,003;0,707;0,003;0,449;0,009
0,683;0,045;1;;0,683;0,045;0,692;0,009;0,595;0,026
0,775;0,128;1;;0,775;0,128;0,636;0,011;0,689;0,007
0,762;0,246;1;;0,762;0,246;0,548;0,01;0,671;0,015
0,757;0,385;1;;0,757;0,385;0,427;0,01;0,695;0,047
0,776;0,479;1;;0,776;0,479;0,315;0,005;0,766;0,086
0,79;0,569;1;;0,79;0,569;0,25;0;0,825;0,041
0,809;0,608;1;;0,809;0,608;0,209;0;0,85;0
0,83;0,576;1;;0,83;0,576;0,16;0;0,833;0
0,851;0,542;1;;0,851;0,542;0,102;0;0,821;0
0,867;0,489;1;;0,867;0,489;0,048;0;0,825;0
0,872;0,456;1;;0,872;0,456;0,019;0;0,808;0
0,86;0,402;1;;0,86;0,402;0,026;0;0,79;0
0,829;0,302;1;;0,829;0,302;0,052;0;0,714;0
0,776;0,174;1;;0,776;0,174;0,076;0;0,652;0
0,71;0,071;1;;0,71;0,071;0,103;0;0,654;0
0,741;0,011;1;;0,741;0,011;0,131;0;0,647;0
0,819;0;1;;0,819;0;0,148;0;0,632;0
0,856;0;1;;0,856;0;0,145;0;0,574;0
0,885;0;1;;0,885;0;0,149;0;0,554;0
0,935;0;1;;0,935;0;0,175;0;0,561;0
0,956;0;1;;0,956;0;0,231;0;0,548;0
0,961;0;1;;0,961;0;0,305;0;0,561;0
0,959;0;1;;0,959;0;0,354;0;0,618;0
0,954;0;1;;0,954;0;0,392;0,006;0,681;0,032
0,94;0,031;1;;0,94;0,031;0,452;0,028;0,702;0,062
0,938;0,125;1;;0,938;0,125;0,514;0,05;0,685;0,081
0,968;0,204;1;;0,968;0,204;0,575;0,075;0,654;0,096
0,982;0,269;1;;0,982;0,269;0,642;0,078;0,61;0,146
0,986;0,299;1;;0,986;0,299;0,686;0,06;0,502;0,162
0,987;0,305;1;;0,987;0,305;0,697;0,02;0,46;0,072
0,983;0,315;1;;0,983;0,315;0,686;0;0,473;0
0,979;0,265;1;;0,979;0,265;0,653;0;0,452;0
0,979;0,282;1;;0,979;0,282;0,655;0;0,432;0
0,978;0,295;1;;0,978;0,295;0,659;0;0,385;0
0,984;0,227;1;;0,984;0,227;0,661;0;0,333;0
0,986;0,138;1;;0,986;0,138;0,651;0;0,287;0
0,974;0,086;1;;0,974;0,086;0,649;0;0,25;0
0,951;0,061;1;;0,951;0,061;0,691;0;0,231;0
0,935;0,039;1;;0,935;0,039;0,731;0;0,206;0
0,925;0,007;1;;0,925;0,007;0,755;0;0,174;0
0,924;0;1;;0,924;0;0,768;0;0,141;0
0,912;0;1;;0,912;0;0,767;0;0,106;0
0,899;0;1;;0,899;0;0,745;0;0,069;0
0,932;0;1;;0,932;0;0,704;0;0,032;0
0,927;0;1;;0,927;0;0,649;0;0,009;0
0,924;0;1;;0,924;0;0,599;0;0,007;0
0,924;0;1;;0,924;0;0,562;0;0,015;0
0,925;0,003;1;;0,925;0,003;0,533;0,045;0,021;0,026
0,88;0,055;1;;0,88;0,055;0,5;0,119;0,024;0,074
0,903;0,142;1;;0,903;0,142;0,433;0,159;0,033;0,127
0,963;0,273;1;;0,963;0,273;0,395;0,147;0,048;0,11
0,967;0,445;1;;0,967;0,445;0,395;0,102;0,056;0,071
0,961;0,568;1;;0,961;0,568;0,387;0,044;0,075;0,03
0,952;0,638;1;;0,952;0,638;0,313;0,005;0,128;0,005
0,944;0,663;1;;0,944;0,663;0,189;0;0,17;0
0,935;0,617;1;;0,935;0,617;0,104;0;0,192;0
0,915;0,541;1;;0,915;0,541;0,062;0;0,199;0
0,882;0,465;1;;0,882;0,465;0,038;0;0,19;0
0,811;0,345;1;;0,811;0,345;0,026;0;0,194;0
0,596;0,193;1;;0,596;0,193;0,02;0;0,228;0
0,333;0,129;1;;0,333;0,129;0,038;0;0,254;0
0,432;0,074;1;;0,432;0,074;0,103;0;0,225;0
0,796;0,024;1;;0,796;0,024;0,196;0;0,207;0
0,905;0,003;1;;0,905;0,003;0,283;0;0,191;0
0,954;0;1;;0,954;0;0,349;0;0,167;0
0,946;0;1;;0,946;0;0,414;0;0,126;0
0,924;0;1;;0,924;0;0,483;0;0,092;0
0,964;0;1;;0,964;0;0,548;0;0,086;0
0,978;0;1;;0,978;0;0,595;0;0,125;0
0,975;0;1;;0,975;0;0,619;0;0,192;0
0,967;0;1;;0,967;0;0,632;0;0,237;0
0,955;0,005;1;;0,955;0,005;0,609;0,035;0,235;0,031
0,924;0,062;1;;0,924;0,062;0,528;0,1;0,204;0,11
0,907;0,143;1;;0,907;0,143;0,468;0,145;0,222;0,214
0,956;0,229;1;;0,956;0,229;0,398;0,142;0,248;0,338
0,967;0,351;1;;0,967;0,351;0,343;0,111;0,255;0,36
0,97;0,426;1;;0,97;0,426;0,313;0,067;0,241;0,256
0,971;0,486;1;;0,971;0,486;0,322;0,018;0,256;0,108
0,975;0,475;1;;0,975;0,475;0,352;0;0,295;0
0,972;0,344;1;;0,972;0,344;0,371;0;0,316;0
0,917;0,355;1;;0,917;0,355;0,367;0;0,33;0
0,779;0,307;1;;0,779;0,307;0,337;0;0,349;0
0,564;0,224;1;;0,564;0,224;0,323;0;0,359;0
0,374;0,186;1;;0,374;0,186;0,335;0;0,341;0
0,212;0,098;1;;0,212;0,098;0,309;0;0,319;0
0,287;0,05;1;;0,287;0,05;0,23;0;0,313;0
0,551;0,014;1;;0,551;0,014;0,174;0;0,309;0
0,807;0,001;1;;0,807;0,001;0,156;0;0,286;0
0,93;0;1;;0,93;0;0,208;0;0,259;0
0,95;0;1;;0,95;0;0,268;0;0,229;0
0,947;0;1;;0,947;0;0,239;0;0,197;0
0,949;0;1;;0,949;0;0,194;0;0,159;0
0,933;0;1;;0,933;0;0,197;0;0,117;0
0,901;0;1;;0,901;0;0,264;0;0,099;0
0,897;0;1;;0,897;0;0,366;0;0,113;0,006
0,882;0,005;1;;0,882;0,005;0,403;0,052;0,103;0,154
0,815;0,061;1;;0,815;0,061;0,382;0,19;0,078;0,386
0,816;0,127;1;;0,816;0,127;0,388;0,216;0,086;0,55
0,879;0,126;1;;0,879;0,126;0,413;0,185;0,089;0,571
0,924;0,189;1;;0,924;0,189;0,442;0,105;0,082;0,536
0,95;0,18;1;;0,95;0,18;0,483;0,026;0,081;0,417
0,979;0,218;1;;0,979;0,218;0,547;0,001;0,118;0,204
0,987;0,292;1;;0,987;0,292;0,629;0;0,182;0,002
0,986;0,322;1;;0,986;0,322;0,691;0;0,224;0
0,985;0,349;1;;0,985;0,349;0,706;0;0,258;0
0,978;0,393;1;;0,978;0,393;0,693;0;0,335;0
0,962;0,354;1;;0,962;0,354;0,68;0;0,374;0
0,933;0,376;1;;0,933;0,376;0,705;0;0,324;0
0,923;0,301;1;;0,923;0,301;0,745;0;0,264;0
0,928;0,18;1;;0,928;0,18;0,765;0;0,243;0
0,944;0,074;1;;0,944;0,074;0,746;0;0,238;0
0,95;0,01;1;;0,95;0,01;0,735;0;0,259;0
0,941;0;1;;0,941;0;0,769;0;0,257;0
0,926;0;1;;0,926;0;0,731;0;0,24;0
0,937;0;1;;0,937;0;0,703;0;0,212;0
0,929;0;1;;0,929;0;0,68;0;0,201;0
0,912;0;1;;0,912;0;0,662;0;0,201;0
0,907;0;1;;0,907;0;0,675;0;0,16;0
0,918;0;1;;0,918;0;0,677;0;0,125;0,001
0,938;0,001;1;;0,938;0,001;0,688;0,015;0,075;0,038
0,968;0,041;1;;0,968;0,041;0,67;0,03;0,052;0,087
0,983;0,11;1;;0,983;0,11;0,655;0,029;0,067;0,242
0,984;0,284;1;;0,984;0,284;0,667;0,026;0,074;0,456
0,987;0,476;1;;0,987;0,476;0,7;0,028;0,075;0,254
0,986;0,617;1;;0,986;0,617;0,699;0,039;0,079;0,131
0,98;0,712;1;;0,98;0,712;0,744;0,013;0,112;0,088
0,972;0,765;1;;0,972;0,765;0,809;0;0,138;0
0,963;0,819;1;;0,963;0,819;0,828;0;0,15;0
0,949;0,816;1;;0,949;0,816;0,831;0;0,17;0
0,929;0,751;1;;0,929;0,751;0,845;0;0,2;0
0,902;0,654;1;;0,902;0,654;0,859;0;0,226;0
0,874;0,519;1;;0,874;0,519;0,859;0;0,242;0
0,838;0,343;1;;0,838;0,343;0,876;0;0,258;0
0,709;0,171;1;;0,709;0,171;0,889;0;0,256;0
0,465;0,064;1;;0,465;0,064;0,892;0;0,225;0
0,319;0,012;1;;0,319;0,012;0,896;0;0,202;0
0,244;0;1;;0,244;0;0,905;0;0,196;0
0,389;0;1;;0,389;0;0,915;0;0,199;0
0,551;0;1;;0,551;0;0,922;0;0,204;0
0,568;0;1;;0,568;0;0,924;0;0,206;0
0,623;0;1;;0,623;0;0,923;0;0,196;0
0,703;0;1;;0,703;0;0,925;0;0,178;0
0,755;0;1;;0,755;0;0,93;0;0,165;0,011
0,77;0,003;1;;0,77;0,003;0,928;0,099;0,115;0,219
0,667;0,054;1;;0,667;0,054;0,911;0,279;0,087;0,432
0,759;0,134;1;;0,759;0,134;0,894;0,389;0,1;0,537
0,934;0,246;1;;0,934;0,246;0,891;0,417;0,105;0,55
0,967;0,478;1;;0,967;0,478;0,901;0,364;0,111;0,43
0,98;0,617;1;;0,98;0,617;0,916;0,236;0,14;0,272
0,986;0,703;1;;0,986;0,703;0,933;0,06;0,224;0,118
0,986;0,746;1;;0,986;0,746;0,944;0;0,32;0,001
0,981;0,743;1;;0,981;0,743;0,945;0;0,398;0
0,976;0,707;1;;0,976;0,707;0,941;0;0,454;0
0,972;0,656;1;;0,972;0,656;0,94;0;0,485;0
0,969;0,571;1;;0,969;0,571;0,939;0;0,482;0
0,971;0,434;1;;0,971;0,434;0,926;0;0,457;0
0,979;0,306;1;;0,979;0,306;0,91;0;0,415;0
0,986;0,162;1;;0,986;0,162;0,91;0;0,374;0
0,984;0,065;1;;0,984;0,065;0,934;0;0,33;0
0,962;0,012;1;;0,962;0,012;0,944;0;0,284;0
0,9;0;1;;0,9;0;0,961;0;0,244;0
0,782;0;1;;0,782;0;0,965;0;0,196;0
0,727;0;1;;0,727;0;0,955;0;0,194;0
0,743;0;1;;0,743;0;0,954;0;0,183;0
0,74;0;1;;0,74;0;0,955;0;0,146;0
0,726;0;1;;0,726;0;0,951;0;0,109;0
0,729;0;1;;0,729;0;0,945;0;0,087;0
0,735;0,003;1;;0,735;0,003;0,933;0,086;0,073;0,049
0,677;0,051;1;;0,677;0,051;0,92;0,236;0,059;0,103
0,782;0,139;1;;0,782;0,139;0,895;0,325;0,044;0,112
0,806;0,294;1;;0,806;0,294;0,876;0,361;0,036;0,098
0,793;0,459;1;;0,793;0,459;0,875;0,286;0,027;0,09
0,768;0,601;1;;0,768;0,601;0,855;0,176;0,029;0,064
0,763;0,655;1;;0,763;0,655;0,81;0,045;0,063;0,023
0,776;0,671;1;;0,776;0,671;0,787;0;0,127;0
0,773;0,692;1;;0,773;0,692;0,736;0;0,194;0
0,726;0,672;1;;0,726;0,672;0,65;0;0,251;0
0,667;0,602;1;;0,667;0,602;0,565;0;0,273;0
0,615;0,489;1;;0,615;0,489;0,505;0;0,268;0
0,565;0,27;1;;0,565;0,27;0,463;0;0,256;0
0,411;0,114;1;;0,411;0,114;0,442;0;0,244;0
0,195;0,06;1;;0,195;0,06;0,451;0;0,245;0
0,1;0,031;1;;0,1;0,031;0,489;0;0,244;0
