Hour_of_year;Price_R-cent_per_kWh;Price_EUR-ct_per_kWh;Date;Weekday;Season;TOU_Period;;Wechselkurs Stand 02.10.2026:;;
1;140,7906;7,495280533;01.01.;Mon;Low;Off-Peak;;Eur;Rand;
2;140,7906;7,495280533;01.01.;Mon;Low;Off-Peak;;1;18,7839;https://www.ecb.europa.eu/stats/policy_and_exchange_rates/euro_reference_exchange_rates/html/eurofxref-graph-zar.de.html
3;140,7906;7,495280533;01.01.;Mon;Low;Off-Peak;;;;
4;140,7906;7,495280533;01.01.;Mon;Low;Off-Peak;;;;
5;140,7906;7,495280533;01.01.;Mon;Low;Off-Peak;;;;
6;140,7906;7,495280533;01.01.;Mon;Low;Off-Peak;;;;
7;197,1252;10,49437018;01.01.;Mon;Low;Standard;;;;
8;350,5944;18,66462236;01.01.;Mon;Low;Peak;;;;
9;350,5944;18,66462236;01.01.;Mon;Low;Peak;;;;
10;197,1252;10,49437018;01.01.;Mon;Low;Standard;;;;
11;197,1252;10,49437018;01.01.;Mon;Low;Standard;;;;
12;197,1252;10,49437018;01.01.;Mon;Low;Standard;;;;
13;197,1252;10,49437018;01.01.;Mon;Low;Standard;;;;
14;197,1252;10,49437018;01.01.;Mon;Low;Standard;;;;
15;197,1252;10,49437018;01.01.;Mon;Low;Standard;;;;
16;197,1252;10,49437018;01.01.;Mon;Low;Standard;;;;
17;197,1252;10,49437018;01.01.;Mon;Low;Standard;;;;
18;197,1252;10,49437018;01.01.;Mon;Low;Standard;;;;
19;350,5944;18,66462236;01.01.;Mon;Low;Peak;;;;
20;350,5944;18,66462236;01.01.;Mon;Low;Peak;;;;
21;350,5944;18,66462236;01.01.;Mon;Low;Peak;;;;
22;197,1252;10,49437018;01.01.;Mon;Low;Standard;;;;
23;140,7906;7,495280533;01.01.;Mon;Low;Off-Peak;;;;
24;140,7906;7,495280533;01.01.;Mon;Low;Off-Peak;;;;
25;140,7906;7,495280533;02.01.;Tue;Low;Off-Peak;;;;
26;140,7906;7,495280533;02.01.;Tue;Low;Off-Peak;;;;
27;140,7906;7,495280533;02.01.;Tue;Low;Off-Peak;;;;
28;140,7906;7,495280533;02.01.;Tue;Low;Off-Peak;;;;
29;140,7906;7,495280533;02.01.;Tue;Low;Off-Peak;;;;
30;140,7906;7,495280533;02.01.;Tue;Low;Off-Peak;;;;
31;197,1252;10,49437018;02.01.;Tue;Low;Standard;;;;
32;350,5944;18,66462236;02.01.;Tue;Low;Peak;;;;
33;350,5944;18,66462236;02.01.;Tue;Low;Peak;;;;
34;197,1252;10,49437018;02.01.;Tue;Low;Standard;;;;
35;197,1252;10,49437018;02.01.;Tue;Low;Standard;;;;
36;197,1252;10,49437018;02.01.;Tue;Low;Standard;;;;
37;197,1252;10,49437018;02.01.;Tue;Low;Standard;;;;
38;197,1252;10,49437018;02.01.;Tue;Low;Standard;;;;
39;197,1252;10,49437018;02.01.;Tue;Low;Standard;;;;
40;197,1252;10,49437018;02.01.;Tue;Low;Standard;;;;
41;197,1252;10,49437018;02.01.;Tue;Low;Standard;;;;
42;197,1252;10,49437018;02.01.;Tue;Low;Standard;;;;
43;350,5944;18,66462236;02.01.;Tue;Low;Peak;;;;
44;350,5944;18,66462236;02.01.;Tue;Low;Peak;;;;
45;350,5944;18,66462236;02.01.;Tue;Low;Peak;;;;
46;197,1252;10,49437018;02.01.;Tue;Low;Standard;;;;
47;140,7906;7,495280533;02.01.;Tue;Low;Off-Peak;;;;
48;140,7906;7,495280533;02.01.;Tue;Low;Off-Peak;;;;
49;140,7906;7,495280533;03.01.;Wed;Low;Off-Peak;;;;
50;140,7906;7,495280533;03.01.;Wed;Low;Off-Peak;;;;
51;140,7906;7,495280533;03.01.;Wed;Low;Off-Peak;;;;
52;140,7906;7,495280533;03.01.;Wed;Low;Off-Peak;;;;
53;140,7906;7,495280533;03.01.;Wed;Low;Off-Peak;;;;
54;140,7906;7,495280533;03.01.;Wed;Low;Off-Peak;;;;
55;197,1252;10,49437018;03.01.;Wed;Low;Standard;;;;
56;350,5944;18,66462236;03.01.;Wed;Low;Peak;;;;
57;350,5944;18,66462236;03.01.;Wed;Low;Peak;;;;
58;197,1252;10,49437018;03.01.;Wed;Low;Standard;;;;
59;197,1252;10,49437018;03.01.;Wed;Low;Standard;;;;
60;197,1252;10,49437018;03.01.;Wed;Low;Standard;;;;
61;197,1252;10,49437018;03.01.;Wed;Low;Standard;;;;
62;197,1252;10,49437018;03.01.;Wed;Low;Standard;;;;
63;197,1252;10,49437018;03.01.;Wed;Low;Standard;;;;
64;197,1252;10,49437018;03.01.;Wed;Low;Standard;;;;
65;197,1252;10,49437018;03.01.;Wed;Low;Standard;;;;
66;197,1252;10,49437018;03.01.;Wed;Low;Standard;;;;
67;350,5944;18,66462236;03.01.;Wed;Low;Peak;;;;
68;350,5944;18,66462236;03.01.;Wed;Low;Peak;;;;
69;350,5944;18,66462236;03.01.;Wed;Low;Peak;;;;
70;197,1252;10,49437018;03.01.;Wed;Low;Standard;;;;
71;140,7906;7,495280533;03.01.;Wed;Low;Off-Peak;;;;
72;140,7906;7,495280533;03.01.;Wed;Low;Off-Peak;;;;
73;140,7906;7,495280533;04.01.;Thu;Low;Off-Peak;;;;
74;140,7906;7,495280533;04.01.;Thu;Low;Off-Peak;;;;
75;140,7906;7,495280533;04.01.;Thu;Low;Off-Peak;;;;
76;140,7906;7,495280533;04.01.;Thu;Low;Off-Peak;;;;
77;140,7906;7,495280533;04.01.;Thu;Low;Off-Peak;;;;
78;140,7906;7,495280533;04.01.;Thu;Low;Off-Peak;;;;
79;197,1252;10,49437018;04.01.;Thu;Low;Standard;;;;
80;350,5944;18,66462236;04.01.;Thu;Low;Peak;;;;
81;350,5944;18,66462236;04.01.;Thu;Low;Peak;;;;
82;197,1252;10,49437018;04.01.;Thu;Low;Standard;;;;
83;197,1252;10,49437018;04.01.;Thu;Low;Standard;;;;
84;197,1252;10,49437018;04.01.;Thu;Low;Standard;;;;
85;197,1252;10,49437018;04.01.;Thu;Low;Standard;;;;
86;197,1252;10,49437018;04.01.;Thu;Low;Standard;;;;
87;197,1252;10,49437018;04.01.;Thu;Low;Standard;;;;
88;197,1252;10,49437018;04.01.;Thu;Low;Standard;;;;
89;197,1252;10,49437018;04.01.;Thu;Low;Standard;;;;
90;197,1252;10,49437018;04.01.;Thu;Low;Standard;;;;
91;350,5944;18,66462236;04.01.;Thu;Low;Peak;;;;
92;350,5944;18,66462236;04.01.;Thu;Low;Peak;;;;
93;350,5944;18,66462236;04.01.;Thu;Low;Peak;;;;
94;197,1252;10,49437018;04.01.;Thu;Low;Standard;;;;
95;140,7906;7,495280533;04.01.;Thu;Low;Off-Peak;;;;
96;140,7906;7,495280533;04.01.;Thu;Low;Off-Peak;;;;
97;140,7906;7,495280533;05.01.;Fri;Low;Off-Peak;;;;
98;140,7906;7,495280533;05.01.;Fri;Low;Off-Peak;;;;
99;140,7906;7,495280533;05.01.;Fri;Low;Off-Peak;;;;
100;140,7906;7,495280533;05.01.;Fri;Low;Off-Peak;;;;
101;140,7906;7,495280533;05.01.;Fri;Low;Off-Peak;;;;
102;140,7906;7,495280533;05.01.;Fri;Low;Off-Peak;;;;
103;197,1252;10,49437018;05.01.;Fri;Low;Standard;;;;
104;350,5944;18,66462236;05.01.;Fri;Low;Peak;;;;
105;350,5944;18,66462236;05.01.;Fri;Low;Peak;;;;
106;197,1252;10,49437018;05.01.;Fri;Low;Standard;;;;
107;197,1252;10,49437018;05.01.;Fri;Low;Standard;;;;
108;197,1252;10,49437018;05.01.;Fri;Low;Standard;;;;
109;197,1252;10,49437018;05.01.;Fri;Low;Standard;;;;
110;197,1252;10,49437018;05.01.;Fri;Low;Standard;;;;
111;197,1252;10,49437018;05.01.;Fri;Low;Standard;;;;
112;197,1252;10,49437018;05.01.;Fri;Low;Standard;;;;
113;197,1252;10,49437018;05.01.;Fri;Low;Standard;;;;
114;197,1252;10,49437018;05.01.;Fri;Low;Standard;;;;
115;350,5944;18,66462236;05.01.;Fri;Low;Peak;;;;
116;350,5944;18,66462236;05.01.;Fri;Low;Peak;;;;
117;350,5944;18,66462236;05.01.;Fri;Low;Peak;;;;
118;197,1252;10,49437018;05.01.;Fri;Low;Standard;;;;
119;140,7906;7,495280533;05.01.;Fri;Low;Off-Peak;;;;
120;140,7906;7,495280533;05.01.;Fri;Low;Off-Peak;;;;
121;140,7906;7,495280533;06.01.;Sat;Low;Off-Peak;;;;
122;140,7906;7,495280533;06.01.;Sat;Low;Off-Peak;;;;
123;140,7906;7,495280533;06.01.;Sat;Low;Off-Peak;;;;
124;140,7906;7,495280533;06.01.;Sat;Low;Off-Peak;;;;
125;140,7906;7,495280533;06.01.;Sat;Low;Off-Peak;;;;
126;140,7906;7,495280533;06.01.;Sat;Low;Off-Peak;;;;
127;140,7906;7,495280533;06.01.;Sat;Low;Off-Peak;;;;
128;197,1252;10,49437018;06.01.;Sat;Low;Standard;;;;
129;197,1252;10,49437018;06.01.;Sat;Low;Standard;;;;
130;197,1252;10,49437018;06.01.;Sat;Low;Standard;;;;
131;197,1252;10,49437018;06.01.;Sat;Low;Standard;;;;
132;197,1252;10,49437018;06.01.;Sat;Low;Standard;;;;
133;140,7906;7,495280533;06.01.;Sat;Low;Off-Peak;;;;
134;140,7906;7,495280533;06.01.;Sat;Low;Off-Peak;;;;
135;140,7906;7,495280533;06.01.;Sat;Low;Off-Peak;;;;
136;140,7906;7,495280533;06.01.;Sat;Low;Off-Peak;;;;
137;140,7906;7,495280533;06.01.;Sat;Low;Off-Peak;;;;
138;140,7906;7,495280533;06.01.;Sat;Low;Off-Peak;;;;
139;197,1252;10,49437018;06.01.;Sat;Low;Standard;;;;
140;197,1252;10,49437018;06.01.;Sat;Low;Standard;;;;
141;140,7906;7,495280533;06.01.;Sat;Low;Off-Peak;;;;
142;140,7906;7,495280533;06.01.;Sat;Low;Off-Peak;;;;
143;140,7906;7,495280533;06.01.;Sat;Low;Off-Peak;;;;
144;140,7906;7,495280533;06.01.;Sat;Low;Off-Peak;;;;
145;140,7906;7,495280533;07.01.;Sun;Low;Off-Peak;;;;
146;140,7906;7,495280533;07.01.;Sun;Low;Off-Peak;;;;
147;140,7906;7,495280533;07.01.;Sun;Low;Off-Peak;;;;
148;140,7906;7,495280533;07.01.;Sun;Low;Off-Peak;;;;
149;140,7906;7,495280533;07.01.;Sun;Low;Off-Peak;;;;
150;140,7906;7,495280533;07.01.;Sun;Low;Off-Peak;;;;
151;140,7906;7,495280533;07.01.;Sun;Low;Off-Peak;;;;
152;140,7906;7,495280533;07.01.;Sun;Low;Off-Peak;;;;
153;140,7906;7,495280533;07.01.;Sun;Low;Off-Peak;;;;
154;140,7906;7,495280533;07.01.;Sun;Low;Off-Peak;;;;
155;140,7906;7,495280533;07.01.;Sun;Low;Off-Peak;;;;
156;140,7906;7,495280533;07.01.;Sun;Low;Off-Peak;;;;
157;140,7906;7,495280533;07.01.;Sun;Low;Off-Peak;;;;
158;140,7906;7,495280533;07.01.;Sun;Low;Off-Peak;;;;
159;140,7906;7,495280533;07.01.;Sun;Low;Off-Peak;;;;
160;140,7906;7,495280533;07.01.;Sun;Low;Off-Peak;;;;
161;140,7906;7,495280533;07.01.;Sun;Low;Off-Peak;;;;
162;140,7906;7,495280533;07.01.;Sun;Low;Off-Peak;;;;
163;197,1252;10,49437018;07.01.;Sun;Low;Standard;;;;
164;197,1252;10,49437018;07.01.;Sun;Low;Standard;;;;
165;140,7906;7,495280533;07.01.;Sun;Low;Off-Peak;;;;
166;140,7906;7,495280533;07.01.;Sun;Low;Off-Peak;;;;
167;140,7906;7,495280533;07.01.;Sun;Low;Off-Peak;;;;
168;140,7906;7,495280533;07.01.;Sun;Low;Off-Peak;;;;
169;140,7906;7,495280533;08.01.;Mon;Low;Off-Peak;;;;
170;140,7906;7,495280533;08.01.;Mon;Low;Off-Peak;;;;
171;140,7906;7,495280533;08.01.;Mon;Low;Off-Peak;;;;
172;140,7906;7,495280533;08.01.;Mon;Low;Off-Peak;;;;
173;140,7906;7,495280533;08.01.;Mon;Low;Off-Peak;;;;
174;140,7906;7,495280533;08.01.;Mon;Low;Off-Peak;;;;
175;197,1252;10,49437018;08.01.;Mon;Low;Standard;;;;
176;350,5944;18,66462236;08.01.;Mon;Low;Peak;;;;
177;350,5944;18,66462236;08.01.;Mon;Low;Peak;;;;
178;197,1252;10,49437018;08.01.;Mon;Low;Standard;;;;
179;197,1252;10,49437018;08.01.;Mon;Low;Standard;;;;
180;197,1252;10,49437018;08.01.;Mon;Low;Standard;;;;
181;197,1252;10,49437018;08.01.;Mon;Low;Standard;;;;
182;197,1252;10,49437018;08.01.;Mon;Low;Standard;;;;
183;197,1252;10,49437018;08.01.;Mon;Low;Standard;;;;
184;197,1252;10,49437018;08.01.;Mon;Low;Standard;;;;
185;197,1252;10,49437018;08.01.;Mon;Low;Standard;;;;
186;197,1252;10,49437018;08.01.;Mon;Low;Standard;;;;
187;350,5944;18,66462236;08.01.;Mon;Low;Peak;;;;
188;350,5944;18,66462236;08.01.;Mon;Low;Peak;;;;
189;350,5944;18,66462236;08.01.;Mon;Low;Peak;;;;
190;197,1252;10,49437018;08.01.;Mon;Low;Standard;;;;
191;140,7906;7,495280533;08.01.;Mon;Low;Off-Peak;;;;
192;140,7906;7,495280533;08.01.;Mon;Low;Off-Peak;;;;
193;140,7906;7,495280533;09.01.;Tue;Low;Off-Peak;;;;
194;140,7906;7,495280533;09.01.;Tue;Low;Off-Peak;;;;
195;140,7906;7,495280533;09.01.;Tue;Low;Off-Peak;;;;
196;140,7906;7,495280533;09.01.;Tue;Low;Off-Peak;;;;
197;140,7906;7,495280533;09.01.;Tue;Low;Off-Peak;;;;
198;140,7906;7,495280533;09.01.;Tue;Low;Off-Peak;;;;
199;197,1252;10,49437018;09.01.;Tue;Low;Standard;;;;
200;350,5944;18,66462236;09.01.;Tue;Low;Peak;;;;
201;350,5944;18,66462236;09.01.;Tue;Low;Peak;;;;
202;197,1252;10,49437018;09.01.;Tue;Low;Standard;;;;
203;197,1252;10,49437018;09.01.;Tue;Low;Standard;;;;
204;197,1252;10,49437018;09.01.;Tue;Low;Standard;;;;
205;197,1252;10,49437018;09.01.;Tue;Low;Standard;;;;
206;197,1252;10,49437018;09.01.;Tue;Low;Standard;;;;
207;197,1252;10,49437018;09.01.;Tue;Low;Standard;;;;
208;197,1252;10,49437018;09.01.;Tue;Low;Standard;;;;
209;197,1252;10,49437018;09.01.;Tue;Low;Standard;;;;
210;197,1252;10,49437018;09.01.;Tue;Low;Standard;;;;
211;350,5944;18,66462236;09.01.;Tue;Low;Peak;;;;
212;350,5944;18,66462236;09.01.;Tue;Low;Peak;;;;
213;350,5944;18,66462236;09.01.;Tue;Low;Peak;;;;
214;197,1252;10,49437018;09.01.;Tue;Low;Standard;;;;
215;140,7906;7,495280533;09.01.;Tue;Low;Off-Peak;;;;
216;140,7906;7,495280533;09.01.;Tue;Low;Off-Peak;;;;
217;140,7906;7,495280533;10.01.;Wed;Low;Off-Peak;;;;
218;140,7906;7,495280533;10.01.;Wed;Low;Off-Peak;;;;
219;140,7906;7,495280533;10.01.;Wed;Low;Off-Peak;;;;
220;140,7906;7,495280533;10.01.;Wed;Low;Off-Peak;;;;
221;140,7906;7,495280533;10.01.;Wed;Low;Off-Peak;;;;
222;140,7906;7,495280533;10.01.;Wed;Low;Off-Peak;;;;
223;197,1252;10,49437018;10.01.;Wed;Low;Standard;;;;
224;350,5944;18,66462236;10.01.;Wed;Low;Peak;;;;
225;350,5944;18,66462236;10.01.;Wed;Low;Peak;;;;
226;197,1252;10,49437018;10.01.;Wed;Low;Standard;;;;
227;197,1252;10,49437018;10.01.;Wed;Low;Standard;;;;
228;197,1252;10,49437018;10.01.;Wed;Low;Standard;;;;
229;197,1252;10,49437018;10.01.;Wed;Low;Standard;;;;
230;197,1252;10,49437018;10.01.;Wed;Low;Standard;;;;
231;197,1252;10,49437018;10.01.;Wed;Low;Standard;;;;
232;197,1252;10,49437018;10.01.;Wed;Low;Standard;;;;
233;197,1252;10,49437018;10.01.;Wed;Low;Standard;;;;
234;197,1252;10,49437018;10.01.;Wed;Low;Standard;;;;
235;350,5944;18,66462236;10.01.;Wed;Low;Peak;;;;
236;350,5944;18,66462236;10.01.;Wed;Low;Peak;;;;
237;350,5944;18,66462236;10.01.;Wed;Low;Peak;;;;
238;197,1252;10,49437018;10.01.;Wed;Low;Standard;;;;
239;140,7906;7,495280533;10.01.;Wed;Low;Off-Peak;;;;
240;140,7906;7,495280533;10.01.;Wed;Low;Off-Peak;;;;
241;140,7906;7,495280533;11.01.;Thu;Low;Off-Peak;;;;
242;140,7906;7,495280533;11.01.;Thu;Low;Off-Peak;;;;
243;140,7906;7,495280533;11.01.;Thu;Low;Off-Peak;;;;
244;140,7906;7,495280533;11.01.;Thu;Low;Off-Peak;;;;
245;140,7906;7,495280533;11.01.;Thu;Low;Off-Peak;;;;
246;140,7906;7,495280533;11.01.;Thu;Low;Off-Peak;;;;
247;197,1252;10,49437018;11.01.;Thu;Low;Standard;;;;
248;350,5944;18,66462236;11.01.;Thu;Low;Peak;;;;
249;350,5944;18,66462236;11.01.;Thu;Low;Peak;;;;
250;197,1252;10,49437018;11.01.;Thu;Low;Standard;;;;
251;197,1252;10,49437018;11.01.;Thu;Low;Standard;;;;
252;197,1252;10,49437018;11.01.;Thu;Low;Standard;;;;
253;197,1252;10,49437018;11.01.;Thu;Low;Standard;;;;
254;197,1252;10,49437018;11.01.;Thu;Low;Standard;;;;
255;197,1252;10,49437018;11.01.;Thu;Low;Standard;;;;
256;197,1252;10,49437018;11.01.;Thu;Low;Standard;;;;
257;197,1252;10,49437018;11.01.;Thu;Low;Standard;;;;
258;197,1252;10,49437018;11.01.;Thu;Low;Standard;;;;
259;350,5944;18,66462236;11.01.;Thu;Low;Peak;;;;
260;350,5944;18,66462236;11.01.;Thu;Low;Peak;;;;
261;350,5944;18,66462236;11.01.;Thu;Low;Peak;;;;
262;197,1252;10,49437018;11.01.;Thu;Low;Standard;;;;
263;140,7906;7,495280533;11.01.;Thu;Low;Off-Peak;;;;
264;140,7906;7,495280533;11.01.;Thu;Low;Off-Peak;;;;
265;140,7906;7,495280533;12.01.;Fri;Low;Off-Peak;;;;
266;140,7906;7,495280533;12.01.;Fri;Low;Off-Peak;;;;
267;140,7906;7,495280533;12.01.;Fri;Low;Off-Peak;;;;
268;140,7906;7,495280533;12.01.;Fri;Low;Off-Peak;;;;
269;140,7906;7,495280533;12.01.;Fri;Low;Off-Peak;;;;
270;140,7906;7,495280533;12.01.;Fri;Low;Off-Peak;;;;
271;197,1252;10,49437018;12.01.;Fri;Low;Standard;;;;
272;350,5944;18,66462236;12.01.;Fri;Low;Peak;;;;
273;350,5944;18,66462236;12.01.;Fri;Low;Peak;;;;
274;197,1252;10,49437018;12.01.;Fri;Low;Standard;;;;
275;197,1252;10,49437018;12.01.;Fri;Low;Standard;;;;
276;197,1252;10,49437018;12.01.;Fri;Low;Standard;;;;
277;197,1252;10,49437018;12.01.;Fri;Low;Standard;;;;
278;197,1252;10,49437018;12.01.;Fri;Low;Standard;;;;
279;197,1252;10,49437018;12.01.;Fri;Low;Standard;;;;
280;197,1252;10,49437018;12.01.;Fri;Low;Standard;;;;
281;197,1252;10,49437018;12.01.;Fri;Low;Standard;;;;
282;197,1252;10,49437018;12.01.;Fri;Low;Standard;;;;
283;350,5944;18,66462236;12.01.;Fri;Low;Peak;;;;
284;350,5944;18,66462236;12.01.;Fri;Low;Peak;;;;
285;350,5944;18,66462236;12.01.;Fri;Low;Peak;;;;
286;197,1252;10,49437018;12.01.;Fri;Low;Standard;;;;
287;140,7906;7,495280533;12.01.;Fri;Low;Off-Peak;;;;
288;140,7906;7,495280533;12.01.;Fri;Low;Off-Peak;;;;
289;140,7906;7,495280533;13.01.;Sat;Low;Off-Peak;;;;
290;140,7906;7,495280533;13.01.;Sat;Low;Off-Peak;;;;
291;140,7906;7,495280533;13.01.;Sat;Low;Off-Peak;;;;
292;140,7906;7,495280533;13.01.;Sat;Low;Off-Peak;;;;
293;140,7906;7,495280533;13.01.;Sat;Low;Off-Peak;;;;
294;140,7906;7,495280533;13.01.;Sat;Low;Off-Peak;;;;
295;140,7906;7,495280533;13.01.;Sat;Low;Off-Peak;;;;
296;197,1252;10,49437018;13.01.;Sat;Low;Standard;;;;
297;197,1252;10,49437018;13.01.;Sat;Low;Standard;;;;
298;197,1252;10,49437018;13.01.;Sat;Low;Standard;;;;
299;197,1252;10,49437018;13.01.;Sat;Low;Standard;;;;
300;197,1252;10,49437018;13.01.;Sat;Low;Standard;;;;
301;140,7906;7,495280533;13.01.;Sat;Low;Off-Peak;;;;
302;140,7906;7,495280533;13.01.;Sat;Low;Off-Peak;;;;
303;140,7906;7,495280533;13.01.;Sat;Low;Off-Peak;;;;
304;140,7906;7,495280533;13.01.;Sat;Low;Off-Peak;;;;
305;140,7906;7,495280533;13.01.;Sat;Low;Off-Peak;;;;
306;140,7906;7,495280533;13.01.;Sat;Low;Off-Peak;;;;
307;197,1252;10,49437018;13.01.;Sat;Low;Standard;;;;
308;197,1252;10,49437018;13.01.;Sat;Low;Standard;;;;
309;140,7906;7,495280533;13.01.;Sat;Low;Off-Peak;;;;
310;140,7906;7,495280533;13.01.;Sat;Low;Off-Peak;;;;
311;140,7906;7,495280533;13.01.;Sat;Low;Off-Peak;;;;
312;140,7906;7,495280533;13.01.;Sat;Low;Off-Peak;;;;
313;140,7906;7,495280533;14.01.;Sun;Low;Off-Peak;;;;
314;140,7906;7,495280533;14.01.;Sun;Low;Off-Peak;;;;
315;140,7906;7,495280533;14.01.;Sun;Low;Off-Peak;;;;
316;140,7906;7,495280533;14.01.;Sun;Low;Off-Peak;;;;
317;140,7906;7,495280533;14.01.;Sun;Low;Off-Peak;;;;
318;140,7906;7,495280533;14.01.;Sun;Low;Off-Peak;;;;
319;140,7906;7,495280533;14.01.;Sun;Low;Off-Peak;;;;
320;140,7906;7,495280533;14.01.;Sun;Low;Off-Peak;;;;
321;140,7906;7,495280533;14.01.;Sun;Low;Off-Peak;;;;
322;140,7906;7,495280533;14.01.;Sun;Low;Off-Peak;;;;
323;140,7906;7,495280533;14.01.;Sun;Low;Off-Peak;;;;
324;140,7906;7,495280533;14.01.;Sun;Low;Off-Peak;;;;
325;140,7906;7,495280533;14.01.;Sun;Low;Off-Peak;;;;
326;140,7906;7,495280533;14.01.;Sun;Low;Off-Peak;;;;
327;140,7906;7,495280533;14.01.;Sun;Low;Off-Peak;;;;
328;140,7906;7,495280533;14.01.;Sun;Low;Off-Peak;;;;
329;140,7906;7,495280533;14.01.;Sun;Low;Off-Peak;;;;
330;140,7906;7,495280533;14.01.;Sun;Low;Off-Peak;;;;
331;197,1252;10,49437018;14.01.;Sun;Low;Standard;;;;
332;197,1252;10,49437018;14.01.;Sun;Low;Standard;;;;
333;140,7906;7,495280533;14.01.;Sun;Low;Off-Peak;;;;
334;140,7906;7,495280533;14.01.;Sun;Low;Off-Peak;;;;
335;140,7906;7,495280533;14.01.;Sun;Low;Off-Peak;;;;
336;140,7906;7,495280533;14.01.;Sun;Low;Off-Peak;;;;
337;140,7906;7,495280533;15.01.;Mon;Low;Off-Peak;;;;
338;140,7906;7,495280533;15.01.;Mon;Low;Off-Peak;;;;
339;140,7906;7,495280533;15.01.;Mon;Low;Off-Peak;;;;
340;140,7906;7,495280533;15.01.;Mon;Low;Off-Peak;;;;
341;140,7906;7,495280533;15.01.;Mon;Low;Off-Peak;;;;
342;140,7906;7,495280533;15.01.;Mon;Low;Off-Peak;;;;
343;197,1252;10,49437018;15.01.;Mon;Low;Standard;;;;
344;350,5944;18,66462236;15.01.;Mon;Low;Peak;;;;
345;350,5944;18,66462236;15.01.;Mon;Low;Peak;;;;
346;197,1252;10,49437018;15.01.;Mon;Low;Standard;;;;
347;197,1252;10,49437018;15.01.;Mon;Low;Standard;;;;
348;197,1252;10,49437018;15.01.;Mon;Low;Standard;;;;
349;197,1252;10,49437018;15.01.;Mon;Low;Standard;;;;
350;197,1252;10,49437018;15.01.;Mon;Low;Standard;;;;
351;197,1252;10,49437018;15.01.;Mon;Low;Standard;;;;
352;197,1252;10,49437018;15.01.;Mon;Low;Standard;;;;
353;197,1252;10,49437018;15.01.;Mon;Low;Standard;;;;
354;197,1252;10,49437018;15.01.;Mon;Low;Standard;;;;
355;350,5944;18,66462236;15.01.;Mon;Low;Peak;;;;
356;350,5944;18,66462236;15.01.;Mon;Low;Peak;;;;
357;350,5944;18,66462236;15.01.;Mon;Low;Peak;;;;
358;197,1252;10,49437018;15.01.;Mon;Low;Standard;;;;
359;140,7906;7,495280533;15.01.;Mon;Low;Off-Peak;;;;
360;140,7906;7,495280533;15.01.;Mon;Low;Off-Peak;;;;
361;140,7906;7,495280533;16.01.;Tue;Low;Off-Peak;;;;
362;140,7906;7,495280533;16.01.;Tue;Low;Off-Peak;;;;
363;140,7906;7,495280533;16.01.;Tue;Low;Off-Peak;;;;
364;140,7906;7,495280533;16.01.;Tue;Low;Off-Peak;;;;
365;140,7906;7,495280533;16.01.;Tue;Low;Off-Peak;;;;
366;140,7906;7,495280533;16.01.;Tue;Low;Off-Peak;;;;
367;197,1252;10,49437018;16.01.;Tue;Low;Standard;;;;
368;350,5944;18,66462236;16.01.;Tue;Low;Peak;;;;
369;350,5944;18,66462236;16.01.;Tue;Low;Peak;;;;
370;197,1252;10,49437018;16.01.;Tue;Low;Standard;;;;
371;197,1252;10,49437018;16.01.;Tue;Low;Standard;;;;
372;197,1252;10,49437018;16.01.;Tue;Low;Standard;;;;
373;197,1252;10,49437018;16.01.;Tue;Low;Standard;;;;
374;197,1252;10,49437018;16.01.;Tue;Low;Standard;;;;
375;197,1252;10,49437018;16.01.;Tue;Low;Standard;;;;
376;197,1252;10,49437018;16.01.;Tue;Low;Standard;;;;
377;197,1252;10,49437018;16.01.;Tue;Low;Standard;;;;
378;197,1252;10,49437018;16.01.;Tue;Low;Standard;;;;
379;350,5944;18,66462236;16.01.;Tue;Low;Peak;;;;
380;350,5944;18,66462236;16.01.;Tue;Low;Peak;;;;
381;350,5944;18,66462236;16.01.;Tue;Low;Peak;;;;
382;197,1252;10,49437018;16.01.;Tue;Low;Standard;;;;
383;140,7906;7,495280533;16.01.;Tue;Low;Off-Peak;;;;
384;140,7906;7,495280533;16.01.;Tue;Low;Off-Peak;;;;
385;140,7906;7,495280533;17.01.;Wed;Low;Off-Peak;;;;
386;140,7906;7,495280533;17.01.;Wed;Low;Off-Peak;;;;
387;140,7906;7,495280533;17.01.;Wed;Low;Off-Peak;;;;
388;140,7906;7,495280533;17.01.;Wed;Low;Off-Peak;;;;
389;140,7906;7,495280533;17.01.;Wed;Low;Off-Peak;;;;
390;140,7906;7,495280533;17.01.;Wed;Low;Off-Peak;;;;
391;197,1252;10,49437018;17.01.;Wed;Low;Standard;;;;
392;350,5944;18,66462236;17.01.;Wed;Low;Peak;;;;
393;350,5944;18,66462236;17.01.;Wed;Low;Peak;;;;
394;197,1252;10,49437018;17.01.;Wed;Low;Standard;;;;
395;197,1252;10,49437018;17.01.;Wed;Low;Standard;;;;
396;197,1252;10,49437018;17.01.;Wed;Low;Standard;;;;
397;197,1252;10,49437018;17.01.;Wed;Low;Standard;;;;
398;197,1252;10,49437018;17.01.;Wed;Low;Standard;;;;
399;197,1252;10,49437018;17.01.;Wed;Low;Standard;;;;
400;197,1252;10,49437018;17.01.;Wed;Low;Standard;;;;
401;197,1252;10,49437018;17.01.;Wed;Low;Standard;;;;
402;197,1252;10,49437018;17.01.;Wed;Low;Standard;;;;
403;350,5944;18,66462236;17.01.;Wed;Low;Peak;;;;
404;350,5944;18,66462236;17.01.;Wed;Low;Peak;;;;
405;350,5944;18,66462236;17.01.;Wed;Low;Peak;;;;
406;197,1252;10,49437018;17.01.;Wed;Low;Standard;;;;
407;140,7906;7,495280533;17.01.;Wed;Low;Off-Peak;;;;
408;140,7906;7,495280533;17.01.;Wed;Low;Off-Peak;;;;
409;140,7906;7,495280533;18.01.;Thu;Low;Off-Peak;;;;
410;140,7906;7,495280533;18.01.;Thu;Low;Off-Peak;;;;
411;140,7906;7,495280533;18.01.;Thu;Low;Off-Peak;;;;
412;140,7906;7,495280533;18.01.;Thu;Low;Off-Peak;;;;
413;140,7906;7,495280533;18.01.;Thu;Low;Off-Peak;;;;
414;140,7906;7,495280533;18.01.;Thu;Low;Off-Peak;;;;
415;197,1252;10,49437018;18.01.;Thu;Low;Standard;;;;
416;350,5944;18,66462236;18.01.;Thu;Low;Peak;;;;
417;350,5944;18,66462236;18.01.;Thu;Low;Peak;;;;
418;197,1252;10,49437018;18.01.;Thu;Low;Standard;;;;
419;197,1252;10,49437018;18.01.;Thu;Low;Standard;;;;
420;197,1252;10,49437018;18.01.;Thu;Low;Standard;;;;
421;197,1252;10,49437018;18.01.;Thu;Low;Standard;;;;
422;197,1252;10,49437018;18.01.;Thu;Low;Standard;;;;
423;197,1252;10,49437018;18.01.;Thu;Low;Standard;;;;
424;197,1252;10,49437018;18.01.;Thu;Low;Standard;;;;
425;197,1252;10,49437018;18.01.;Thu;Low;Standard;;;;
426;197,1252;10,49437018;18.01.;Thu;Low;Standard;;;;
427;350,5944;18,66462236;18.01.;Thu;Low;Peak;;;;
428;350,5944;18,66462236;18.01.;Thu;Low;Peak;;;;
429;350,5944;18,66462236;18.01.;Thu;Low;Peak;;;;
430;197,1252;10,49437018;18.01.;Thu;Low;Standard;;;;
431;140,7906;7,495280533;18.01.;Thu;Low;Off-Peak;;;;
432;140,7906;7,495280533;18.01.;Thu;Low;Off-Peak;;;;
433;140,7906;7,495280533;19.01.;Fri;Low;Off-Peak;;;;
434;140,7906;7,495280533;19.01.;Fri;Low;Off-Peak;;;;
435;140,7906;7,495280533;19.01.;Fri;Low;Off-Peak;;;;
436;140,7906;7,495280533;19.01.;Fri;Low;Off-Peak;;;;
437;140,7906;7,495280533;19.01.;Fri;Low;Off-Peak;;;;
438;140,7906;7,495280533;19.01.;Fri;Low;Off-Peak;;;;
439;197,1252;10,49437018;19.01.;Fri;Low;Standard;;;;
440;350,5944;18,66462236;19.01.;Fri;Low;Peak;;;;
441;350,5944;18,66462236;19.01.;Fri;Low;Peak;;;;
442;197,1252;10,49437018;19.01.;Fri;Low;Standard;;;;
443;197,1252;10,49437018;19.01.;Fri;Low;Standard;;;;
444;197,1252;10,49437018;19.01.;Fri;Low;Standard;;;;
445;197,1252;10,49437018;19.01.;Fri;Low;Standard;;;;
446;197,1252;10,49437018;19.01.;Fri;Low;Standard;;;;
447;197,1252;10,49437018;19.01.;Fri;Low;Standard;;;;
448;197,1252;10,49437018;19.01.;Fri;Low;Standard;;;;
449;197,1252;10,49437018;19.01.;Fri;Low;Standard;;;;
450;197,1252;10,49437018;19.01.;Fri;Low;Standard;;;;
451;350,5944;18,66462236;19.01.;Fri;Low;Peak;;;;
452;350,5944;18,66462236;19.01.;Fri;Low;Peak;;;;
453;350,5944;18,66462236;19.01.;Fri;Low;Peak;;;;
454;197,1252;10,49437018;19.01.;Fri;Low;Standard;;;;
455;140,7906;7,495280533;19.01.;Fri;Low;Off-Peak;;;;
456;140,7906;7,495280533;19.01.;Fri;Low;Off-Peak;;;;
457;140,7906;7,495280533;20.01.;Sat;Low;Off-Peak;;;;
458;140,7906;7,495280533;20.01.;Sat;Low;Off-Peak;;;;
459;140,7906;7,495280533;20.01.;Sat;Low;Off-Peak;;;;
460;140,7906;7,495280533;20.01.;Sat;Low;Off-Peak;;;;
461;140,7906;7,495280533;20.01.;Sat;Low;Off-Peak;;;;
462;140,7906;7,495280533;20.01.;Sat;Low;Off-Peak;;;;
463;140,7906;7,495280533;20.01.;Sat;Low;Off-Peak;;;;
464;197,1252;10,49437018;20.01.;Sat;Low;Standard;;;;
465;197,1252;10,49437018;20.01.;Sat;Low;Standard;;;;
466;197,1252;10,49437018;20.01.;Sat;Low;Standard;;;;
467;197,1252;10,49437018;20.01.;Sat;Low;Standard;;;;
468;197,1252;10,49437018;20.01.;Sat;Low;Standard;;;;
469;140,7906;7,495280533;20.01.;Sat;Low;Off-Peak;;;;
470;140,7906;7,495280533;20.01.;Sat;Low;Off-Peak;;;;
471;140,7906;7,495280533;20.01.;Sat;Low;Off-Peak;;;;
472;140,7906;7,495280533;20.01.;Sat;Low;Off-Peak;;;;
473;140,7906;7,495280533;20.01.;Sat;Low;Off-Peak;;;;
474;140,7906;7,495280533;20.01.;Sat;Low;Off-Peak;;;;
475;197,1252;10,49437018;20.01.;Sat;Low;Standard;;;;
476;197,1252;10,49437018;20.01.;Sat;Low;Standard;;;;
477;140,7906;7,495280533;20.01.;Sat;Low;Off-Peak;;;;
478;140,7906;7,495280533;20.01.;Sat;Low;Off-Peak;;;;
479;140,7906;7,495280533;20.01.;Sat;Low;Off-Peak;;;;
480;140,7906;7,495280533;20.01.;Sat;Low;Off-Peak;;;;
481;140,7906;7,495280533;21.01.;Sun;Low;Off-Peak;;;;
482;140,7906;7,495280533;21.01.;Sun;Low;Off-Peak;;;;
483;140,7906;7,495280533;21.01.;Sun;Low;Off-Peak;;;;
484;140,7906;7,495280533;21.01.;Sun;Low;Off-Peak;;;;
485;140,7906;7,495280533;21.01.;Sun;Low;Off-Peak;;;;
486;140,7906;7,495280533;21.01.;Sun;Low;Off-Peak;;;;
487;140,7906;7,495280533;21.01.;Sun;Low;Off-Peak;;;;
488;140,7906;7,495280533;21.01.;Sun;Low;Off-Peak;;;;
489;140,7906;7,495280533;21.01.;Sun;Low;Off-Peak;;;;
490;140,7906;7,495280533;21.01.;Sun;Low;Off-Peak;;;;
491;140,7906;7,495280533;21.01.;Sun;Low;Off-Peak;;;;
492;140,7906;7,495280533;21.01.;Sun;Low;Off-Peak;;;;
493;140,7906;7,495280533;21.01.;Sun;Low;Off-Peak;;;;
494;140,7906;7,495280533;21.01.;Sun;Low;Off-Peak;;;;
495;140,7906;7,495280533;21.01.;Sun;Low;Off-Peak;;;;
496;140,7906;7,495280533;21.01.;Sun;Low;Off-Peak;;;;
497;140,7906;7,495280533;21.01.;Sun;Low;Off-Peak;;;;
498;140,7906;7,495280533;21.01.;Sun;Low;Off-Peak;;;;
499;197,1252;10,49437018;21.01.;Sun;Low;Standard;;;;
500;197,1252;10,49437018;21.01.;Sun;Low;Standard;;;;
501;140,7906;7,495280533;21.01.;Sun;Low;Off-Peak;;;;
502;140,7906;7,495280533;21.01.;Sun;Low;Off-Peak;;;;
503;140,7906;7,495280533;21.01.;Sun;Low;Off-Peak;;;;
504;140,7906;7,495280533;21.01.;Sun;Low;Off-Peak;;;;
505;140,7906;7,495280533;22.01.;Mon;Low;Off-Peak;;;;
506;140,7906;7,495280533;22.01.;Mon;Low;Off-Peak;;;;
507;140,7906;7,495280533;22.01.;Mon;Low;Off-Peak;;;;
508;140,7906;7,495280533;22.01.;Mon;Low;Off-Peak;;;;
509;140,7906;7,495280533;22.01.;Mon;Low;Off-Peak;;;;
510;140,7906;7,495280533;22.01.;Mon;Low;Off-Peak;;;;
511;197,1252;10,49437018;22.01.;Mon;Low;Standard;;;;
512;350,5944;18,66462236;22.01.;Mon;Low;Peak;;;;
513;350,5944;18,66462236;22.01.;Mon;Low;Peak;;;;
514;197,1252;10,49437018;22.01.;Mon;Low;Standard;;;;
515;197,1252;10,49437018;22.01.;Mon;Low;Standard;;;;
516;197,1252;10,49437018;22.01.;Mon;Low;Standard;;;;
517;197,1252;10,49437018;22.01.;Mon;Low;Standard;;;;
518;197,1252;10,49437018;22.01.;Mon;Low;Standard;;;;
519;197,1252;10,49437018;22.01.;Mon;Low;Standard;;;;
520;197,1252;10,49437018;22.01.;Mon;Low;Standard;;;;
521;197,1252;10,49437018;22.01.;Mon;Low;Standard;;;;
522;197,1252;10,49437018;22.01.;Mon;Low;Standard;;;;
523;350,5944;18,66462236;22.01.;Mon;Low;Peak;;;;
524;350,5944;18,66462236;22.01.;Mon;Low;Peak;;;;
525;350,5944;18,66462236;22.01.;Mon;Low;Peak;;;;
526;197,1252;10,49437018;22.01.;Mon;Low;Standard;;;;
527;140,7906;7,495280533;22.01.;Mon;Low;Off-Peak;;;;
528;140,7906;7,495280533;22.01.;Mon;Low;Off-Peak;;;;
529;140,7906;7,495280533;23.01.;Tue;Low;Off-Peak;;;;
530;140,7906;7,495280533;23.01.;Tue;Low;Off-Peak;;;;
531;140,7906;7,495280533;23.01.;Tue;Low;Off-Peak;;;;
532;140,7906;7,495280533;23.01.;Tue;Low;Off-Peak;;;;
533;140,7906;7,495280533;23.01.;Tue;Low;Off-Peak;;;;
534;140,7906;7,495280533;23.01.;Tue;Low;Off-Peak;;;;
535;197,1252;10,49437018;23.01.;Tue;Low;Standard;;;;
536;350,5944;18,66462236;23.01.;Tue;Low;Peak;;;;
537;350,5944;18,66462236;23.01.;Tue;Low;Peak;;;;
538;197,1252;10,49437018;23.01.;Tue;Low;Standard;;;;
539;197,1252;10,49437018;23.01.;Tue;Low;Standard;;;;
540;197,1252;10,49437018;23.01.;Tue;Low;Standard;;;;
541;197,1252;10,49437018;23.01.;Tue;Low;Standard;;;;
542;197,1252;10,49437018;23.01.;Tue;Low;Standard;;;;
543;197,1252;10,49437018;23.01.;Tue;Low;Standard;;;;
544;197,1252;10,49437018;23.01.;Tue;Low;Standard;;;;
545;197,1252;10,49437018;23.01.;Tue;Low;Standard;;;;
546;197,1252;10,49437018;23.01.;Tue;Low;Standard;;;;
547;350,5944;18,66462236;23.01.;Tue;Low;Peak;;;;
548;350,5944;18,66462236;23.01.;Tue;Low;Peak;;;;
549;350,5944;18,66462236;23.01.;Tue;Low;Peak;;;;
550;197,1252;10,49437018;23.01.;Tue;Low;Standard;;;;
551;140,7906;7,495280533;23.01.;Tue;Low;Off-Peak;;;;
552;140,7906;7,495280533;23.01.;Tue;Low;Off-Peak;;;;
553;140,7906;7,495280533;24.01.;Wed;Low;Off-Peak;;;;
554;140,7906;7,495280533;24.01.;Wed;Low;Off-Peak;;;;
555;140,7906;7,495280533;24.01.;Wed;Low;Off-Peak;;;;
556;140,7906;7,495280533;24.01.;Wed;Low;Off-Peak;;;;
557;140,7906;7,495280533;24.01.;Wed;Low;Off-Peak;;;;
558;140,7906;7,495280533;24.01.;Wed;Low;Off-Peak;;;;
559;197,1252;10,49437018;24.01.;Wed;Low;Standard;;;;
560;350,5944;18,66462236;24.01.;Wed;Low;Peak;;;;
561;350,5944;18,66462236;24.01.;Wed;Low;Peak;;;;
562;197,1252;10,49437018;24.01.;Wed;Low;Standard;;;;
563;197,1252;10,49437018;24.01.;Wed;Low;Standard;;;;
564;197,1252;10,49437018;24.01.;Wed;Low;Standard;;;;
565;197,1252;10,49437018;24.01.;Wed;Low;Standard;;;;
566;197,1252;10,49437018;24.01.;Wed;Low;Standard;;;;
567;197,1252;10,49437018;24.01.;Wed;Low;Standard;;;;
568;197,1252;10,49437018;24.01.;Wed;Low;Standard;;;;
569;197,1252;10,49437018;24.01.;Wed;Low;Standard;;;;
570;197,1252;10,49437018;24.01.;Wed;Low;Standard;;;;
571;350,5944;18,66462236;24.01.;Wed;Low;Peak;;;;
572;350,5944;18,66462236;24.01.;Wed;Low;Peak;;;;
573;350,5944;18,66462236;24.01.;Wed;Low;Peak;;;;
574;197,1252;10,49437018;24.01.;Wed;Low;Standard;;;;
575;140,7906;7,495280533;24.01.;Wed;Low;Off-Peak;;;;
576;140,7906;7,495280533;24.01.;Wed;Low;Off-Peak;;;;
577;140,7906;7,495280533;25.01.;Thu;Low;Off-Peak;;;;
578;140,7906;7,495280533;25.01.;Thu;Low;Off-Peak;;;;
579;140,7906;7,495280533;25.01.;Thu;Low;Off-Peak;;;;
580;140,7906;7,495280533;25.01.;Thu;Low;Off-Peak;;;;
581;140,7906;7,495280533;25.01.;Thu;Low;Off-Peak;;;;
582;140,7906;7,495280533;25.01.;Thu;Low;Off-Peak;;;;
583;197,1252;10,49437018;25.01.;Thu;Low;Standard;;;;
584;350,5944;18,66462236;25.01.;Thu;Low;Peak;;;;
585;350,5944;18,66462236;25.01.;Thu;Low;Peak;;;;
586;197,1252;10,49437018;25.01.;Thu;Low;Standard;;;;
587;197,1252;10,49437018;25.01.;Thu;Low;Standard;;;;
588;197,1252;10,49437018;25.01.;Thu;Low;Standard;;;;
589;197,1252;10,49437018;25.01.;Thu;Low;Standard;;;;
590;197,1252;10,49437018;25.01.;Thu;Low;Standard;;;;
591;197,1252;10,49437018;25.01.;Thu;Low;Standard;;;;
592;197,1252;10,49437018;25.01.;Thu;Low;Standard;;;;
593;197,1252;10,49437018;25.01.;Thu;Low;Standard;;;;
594;197,1252;10,49437018;25.01.;Thu;Low;Standard;;;;
595;350,5944;18,66462236;25.01.;Thu;Low;Peak;;;;
596;350,5944;18,66462236;25.01.;Thu;Low;Peak;;;;
597;350,5944;18,66462236;25.01.;Thu;Low;Peak;;;;
598;197,1252;10,49437018;25.01.;Thu;Low;Standard;;;;
599;140,7906;7,495280533;25.01.;Thu;Low;Off-Peak;;;;
600;140,7906;7,495280533;25.01.;Thu;Low;Off-Peak;;;;
601;140,7906;7,495280533;26.01.;Fri;Low;Off-Peak;;;;
602;140,7906;7,495280533;26.01.;Fri;Low;Off-Peak;;;;
603;140,7906;7,495280533;26.01.;Fri;Low;Off-Peak;;;;
604;140,7906;7,495280533;26.01.;Fri;Low;Off-Peak;;;;
605;140,7906;7,495280533;26.01.;Fri;Low;Off-Peak;;;;
606;140,7906;7,495280533;26.01.;Fri;Low;Off-Peak;;;;
607;197,1252;10,49437018;26.01.;Fri;Low;Standard;;;;
608;350,5944;18,66462236;26.01.;Fri;Low;Peak;;;;
609;350,5944;18,66462236;26.01.;Fri;Low;Peak;;;;
610;197,1252;10,49437018;26.01.;Fri;Low;Standard;;;;
611;197,1252;10,49437018;26.01.;Fri;Low;Standard;;;;
612;197,1252;10,49437018;26.01.;Fri;Low;Standard;;;;
613;197,1252;10,49437018;26.01.;Fri;Low;Standard;;;;
614;197,1252;10,49437018;26.01.;Fri;Low;Standard;;;;
615;197,1252;10,49437018;26.01.;Fri;Low;Standard;;;;
616;197,1252;10,49437018;26.01.;Fri;Low;Standard;;;;
617;197,1252;10,49437018;26.01.;Fri;Low;Standard;;;;
618;197,1252;10,49437018;26.01.;Fri;Low;Standard;;;;
619;350,5944;18,66462236;26.01.;Fri;Low;Peak;;;;
620;350,5944;18,66462236;26.01.;Fri;Low;Peak;;;;
621;350,5944;18,66462236;26.01.;Fri;Low;Peak;;;;
622;197,1252;10,49437018;26.01.;Fri;Low;Standard;;;;
623;140,7906;7,495280533;26.01.;Fri;Low;Off-Peak;;;;
624;140,7906;7,495280533;26.01.;Fri;Low;Off-Peak;;;;
625;140,7906;7,495280533;27.01.;Sat;Low;Off-Peak;;;;
626;140,7906;7,495280533;27.01.;Sat;Low;Off-Peak;;;;
627;140,7906;7,495280533;27.01.;Sat;Low;Off-Peak;;;;
628;140,7906;7,495280533;27.01.;Sat;Low;Off-Peak;;;;
629;140,7906;7,495280533;27.01.;Sat;Low;Off-Peak;;;;
630;140,7906;7,495280533;27.01.;Sat;Low;Off-Peak;;;;
631;140,7906;7,495280533;27.01.;Sat;Low;Off-Peak;;;;
632;197,1252;10,49437018;27.01.;Sat;Low;Standard;;;;
633;197,1252;10,49437018;27.01.;Sat;Low;Standard;;;;
634;197,1252;10,49437018;27.01.;Sat;Low;Standard;;;;
635;197,1252;10,49437018;27.01.;Sat;Low;Standard;;;;
636;197,1252;10,49437018;27.01.;Sat;Low;Standard;;;;
637;140,7906;7,495280533;27.01.;Sat;Low;Off-Peak;;;;
638;140,7906;7,495280533;27.01.;Sat;Low;Off-Peak;;;;
639;140,7906;7,495280533;27.01.;Sat;Low;Off-Peak;;;;
640;140,7906;7,495280533;27.01.;Sat;Low;Off-Peak;;;;
641;140,7906;7,495280533;27.01.;Sat;Low;Off-Peak;;;;
642;140,7906;7,495280533;27.01.;Sat;Low;Off-Peak;;;;
643;197,1252;10,49437018;27.01.;Sat;Low;Standard;;;;
644;197,1252;10,49437018;27.01.;Sat;Low;Standard;;;;
645;140,7906;7,495280533;27.01.;Sat;Low;Off-Peak;;;;
646;140,7906;7,495280533;27.01.;Sat;Low;Off-Peak;;;;
647;140,7906;7,495280533;27.01.;Sat;Low;Off-Peak;;;;
648;140,7906;7,495280533;27.01.;Sat;Low;Off-Peak;;;;
649;140,7906;7,495280533;28.01.;Sun;Low;Off-Peak;;;;
650;140,7906;7,495280533;28.01.;Sun;Low;Off-Peak;;;;
651;140,7906;7,495280533;28.01.;Sun;Low;Off-Peak;;;;
652;140,7906;7,495280533;28.01.;Sun;Low;Off-Peak;;;;
653;140,7906;7,495280533;28.01.;Sun;Low;Off-Peak;;;;
654;140,7906;7,495280533;28.01.;Sun;Low;Off-Peak;;;;
655;140,7906;7,495280533;28.01.;Sun;Low;Off-Peak;;;;
656;140,7906;7,495280533;28.01.;Sun;Low;Off-Peak;;;;
657;140,7906;7,495280533;28.01.;Sun;Low;Off-Peak;;;;
658;140,7906;7,495280533;28.01.;Sun;Low;Off-Peak;;;;
659;140,7906;7,495280533;28.01.;Sun;Low;Off-Peak;;;;
660;140,7906;7,495280533;28.01.;Sun;Low;Off-Peak;;;;
661;140,7906;7,495280533;28.01.;Sun;Low;Off-Peak;;;;
662;140,7906;7,495280533;28.01.;Sun;Low;Off-Peak;;;;
663;140,7906;7,495280533;28.01.;Sun;Low;Off-Peak;;;;
664;140,7906;7,495280533;28.01.;Sun;Low;Off-Peak;;;;
665;140,7906;7,495280533;28.01.;Sun;Low;Off-Peak;;;;
666;140,7906;7,495280533;28.01.;Sun;Low;Off-Peak;;;;
667;197,1252;10,49437018;28.01.;Sun;Low;Standard;;;;
668;197,1252;10,49437018;28.01.;Sun;Low;Standard;;;;
669;140,7906;7,495280533;28.01.;Sun;Low;Off-Peak;;;;
670;140,7906;7,495280533;28.01.;Sun;Low;Off-Peak;;;;
671;140,7906;7,495280533;28.01.;Sun;Low;Off-Peak;;;;
672;140,7906;7,495280533;28.01.;Sun;Low;Off-Peak;;;;
673;140,7906;7,495280533;29.01.;Mon;Low;Off-Peak;;;;
674;140,7906;7,495280533;29.01.;Mon;Low;Off-Peak;;;;
675;140,7906;7,495280533;29.01.;Mon;Low;Off-Peak;;;;
676;140,7906;7,495280533;29.01.;Mon;Low;Off-Peak;;;;
677;140,7906;7,495280533;29.01.;Mon;Low;Off-Peak;;;;
678;140,7906;7,495280533;29.01.;Mon;Low;Off-Peak;;;;
679;197,1252;10,49437018;29.01.;Mon;Low;Standard;;;;
680;350,5944;18,66462236;29.01.;Mon;Low;Peak;;;;
681;350,5944;18,66462236;29.01.;Mon;Low;Peak;;;;
682;197,1252;10,49437018;29.01.;Mon;Low;Standard;;;;
683;197,1252;10,49437018;29.01.;Mon;Low;Standard;;;;
684;197,1252;10,49437018;29.01.;Mon;Low;Standard;;;;
685;197,1252;10,49437018;29.01.;Mon;Low;Standard;;;;
686;197,1252;10,49437018;29.01.;Mon;Low;Standard;;;;
687;197,1252;10,49437018;29.01.;Mon;Low;Standard;;;;
688;197,1252;10,49437018;29.01.;Mon;Low;Standard;;;;
689;197,1252;10,49437018;29.01.;Mon;Low;Standard;;;;
690;197,1252;10,49437018;29.01.;Mon;Low;Standard;;;;
691;350,5944;18,66462236;29.01.;Mon;Low;Peak;;;;
692;350,5944;18,66462236;29.01.;Mon;Low;Peak;;;;
693;350,5944;18,66462236;29.01.;Mon;Low;Peak;;;;
694;197,1252;10,49437018;29.01.;Mon;Low;Standard;;;;
695;140,7906;7,495280533;29.01.;Mon;Low;Off-Peak;;;;
696;140,7906;7,495280533;29.01.;Mon;Low;Off-Peak;;;;
697;140,7906;7,495280533;30.01.;Tue;Low;Off-Peak;;;;
698;140,7906;7,495280533;30.01.;Tue;Low;Off-Peak;;;;
699;140,7906;7,495280533;30.01.;Tue;Low;Off-Peak;;;;
700;140,7906;7,495280533;30.01.;Tue;Low;Off-Peak;;;;
701;140,7906;7,495280533;30.01.;Tue;Low;Off-Peak;;;;
702;140,7906;7,495280533;30.01.;Tue;Low;Off-Peak;;;;
703;197,1252;10,49437018;30.01.;Tue;Low;Standard;;;;
704;350,5944;18,66462236;30.01.;Tue;Low;Peak;;;;
705;350,5944;18,66462236;30.01.;Tue;Low;Peak;;;;
706;197,1252;10,49437018;30.01.;Tue;Low;Standard;;;;
707;197,1252;10,49437018;30.01.;Tue;Low;Standard;;;;
708;197,1252;10,49437018;30.01.;Tue;Low;Standard;;;;
709;197,1252;10,49437018;30.01.;Tue;Low;Standard;;;;
710;197,1252;10,49437018;30.01.;Tue;Low;Standard;;;;
711;197,1252;10,49437018;30.01.;Tue;Low;Standard;;;;
712;197,1252;10,49437018;30.01.;Tue;Low;Standard;;;;
713;197,1252;10,49437018;30.01.;Tue;Low;Standard;;;;
714;197,1252;10,49437018;30.01.;Tue;Low;Standard;;;;
715;350,5944;18,66462236;30.01.;Tue;Low;Peak;;;;
716;350,5944;18,66462236;30.01.;Tue;Low;Peak;;;;
717;350,5944;18,66462236;30.01.;Tue;Low;Peak;;;;
718;197,1252;10,49437018;30.01.;Tue;Low;Standard;;;;
719;140,7906;7,495280533;30.01.;Tue;Low;Off-Peak;;;;
720;140,7906;7,495280533;30.01.;Tue;Low;Off-Peak;;;;
721;140,7906;7,495280533;31.01.;Wed;Low;Off-Peak;;;;
722;140,7906;7,495280533;31.01.;Wed;Low;Off-Peak;;;;
723;140,7906;7,495280533;31.01.;Wed;Low;Off-Peak;;;;
724;140,7906;7,495280533;31.01.;Wed;Low;Off-Peak;;;;
725;140,7906;7,495280533;31.01.;Wed;Low;Off-Peak;;;;
726;140,7906;7,495280533;31.01.;Wed;Low;Off-Peak;;;;
727;197,1252;10,49437018;31.01.;Wed;Low;Standard;;;;
728;350,5944;18,66462236;31.01.;Wed;Low;Peak;;;;
729;350,5944;18,66462236;31.01.;Wed;Low;Peak;;;;
730;197,1252;10,49437018;31.01.;Wed;Low;Standard;;;;
731;197,1252;10,49437018;31.01.;Wed;Low;Standard;;;;
732;197,1252;10,49437018;31.01.;Wed;Low;Standard;;;;
733;197,1252;10,49437018;31.01.;Wed;Low;Standard;;;;
734;197,1252;10,49437018;31.01.;Wed;Low;Standard;;;;
735;197,1252;10,49437018;31.01.;Wed;Low;Standard;;;;
736;197,1252;10,49437018;31.01.;Wed;Low;Standard;;;;
737;197,1252;10,49437018;31.01.;Wed;Low;Standard;;;;
738;197,1252;10,49437018;31.01.;Wed;Low;Standard;;;;
739;350,5944;18,66462236;31.01.;Wed;Low;Peak;;;;
740;350,5944;18,66462236;31.01.;Wed;Low;Peak;;;;
741;350,5944;18,66462236;31.01.;Wed;Low;Peak;;;;
742;197,1252;10,49437018;31.01.;Wed;Low;Standard;;;;
743;140,7906;7,495280533;31.01.;Wed;Low;Off-Peak;;;;
744;140,7906;7,495280533;31.01.;Wed;Low;Off-Peak;;;;
745;140,7906;7,495280533;01.02.;Thu;Low;Off-Peak;;;;
746;140,7906;7,495280533;01.02.;Thu;Low;Off-Peak;;;;
747;140,7906;7,495280533;01.02.;Thu;Low;Off-Peak;;;;
748;140,7906;7,495280533;01.02.;Thu;Low;Off-Peak;;;;
749;140,7906;7,495280533;01.02.;Thu;Low;Off-Peak;;;;
750;140,7906;7,495280533;01.02.;Thu;Low;Off-Peak;;;;
751;197,1252;10,49437018;01.02.;Thu;Low;Standard;;;;
752;350,5944;18,66462236;01.02.;Thu;Low;Peak;;;;
753;350,5944;18,66462236;01.02.;Thu;Low;Peak;;;;
754;197,1252;10,49437018;01.02.;Thu;Low;Standard;;;;
755;197,1252;10,49437018;01.02.;Thu;Low;Standard;;;;
756;197,1252;10,49437018;01.02.;Thu;Low;Standard;;;;
757;197,1252;10,49437018;01.02.;Thu;Low;Standard;;;;
758;197,1252;10,49437018;01.02.;Thu;Low;Standard;;;;
759;197,1252;10,49437018;01.02.;Thu;Low;Standard;;;;
760;197,1252;10,49437018;01.02.;Thu;Low;Standard;;;;
761;197,1252;10,49437018;01.02.;Thu;Low;Standard;;;;
762;197,1252;10,49437018;01.02.;Thu;Low;Standard;;;;
763;350,5944;18,66462236;01.02.;Thu;Low;Peak;;;;
764;350,5944;18,66462236;01.02.;Thu;Low;Peak;;;;
765;350,5944;18,66462236;01.02.;Thu;Low;Peak;;;;
766;197,1252;10,49437018;01.02.;Thu;Low;Standard;;;;
767;140,7906;7,495280533;01.02.;Thu;Low;Off-Peak;;;;
768;140,7906;7,495280533;01.02.;Thu;Low;Off-Peak;;;;
769;140,7906;7,495280533;02.02.;Fri;Low;Off-Peak;;;;
770;140,7906;7,495280533;02.02.;Fri;Low;Off-Peak;;;;
771;140,7906;7,495280533;02.02.;Fri;Low;Off-Peak;;;;
772;140,7906;7,495280533;02.02.;Fri;Low;Off-Peak;;;;
773;140,7906;7,495280533;02.02.;Fri;Low;Off-Peak;;;;
774;140,7906;7,495280533;02.02.;Fri;Low;Off-Peak;;;;
775;197,1252;10,49437018;02.02.;Fri;Low;Standard;;;;
776;350,5944;18,66462236;02.02.;Fri;Low;Peak;;;;
777;350,5944;18,66462236;02.02.;Fri;Low;Peak;;;;
778;197,1252;10,49437018;02.02.;Fri;Low;Standard;;;;
779;197,1252;10,49437018;02.02.;Fri;Low;Standard;;;;
780;197,1252;10,49437018;02.02.;Fri;Low;Standard;;;;
781;197,1252;10,49437018;02.02.;Fri;Low;Standard;;;;
782;197,1252;10,49437018;02.02.;Fri;Low;Standard;;;;
783;197,1252;10,49437018;02.02.;Fri;Low;Standard;;;;
784;197,1252;10,49437018;02.02.;Fri;Low;Standard;;;;
785;197,1252;10,49437018;02.02.;Fri;Low;Standard;;;;
786;197,1252;10,49437018;02.02.;Fri;Low;Standard;;;;
787;350,5944;18,66462236;02.02.;Fri;Low;Peak;;;;
788;350,5944;18,66462236;02.02.;Fri;Low;Peak;;;;
789;350,5944;18,66462236;02.02.;Fri;Low;Peak;;;;
790;197,1252;10,49437018;02.02.;Fri;Low;Standard;;;;
791;140,7906;7,495280533;02.02.;Fri;Low;Off-Peak;;;;
792;140,7906;7,495280533;02.02.;Fri;Low;Off-Peak;;;;
793;140,7906;7,495280533;03.02.;Sat;Low;Off-Peak;;;;
794;140,7906;7,495280533;03.02.;Sat;Low;Off-Peak;;;;
795;140,7906;7,495280533;03.02.;Sat;Low;Off-Peak;;;;
796;140,7906;7,495280533;03.02.;Sat;Low;Off-Peak;;;;
797;140,7906;7,495280533;03.02.;Sat;Low;Off-Peak;;;;
798;140,7906;7,495280533;03.02.;Sat;Low;Off-Peak;;;;
799;140,7906;7,495280533;03.02.;Sat;Low;Off-Peak;;;;
800;197,1252;10,49437018;03.02.;Sat;Low;Standard;;;;
801;197,1252;10,49437018;03.02.;Sat;Low;Standard;;;;
802;197,1252;10,49437018;03.02.;Sat;Low;Standard;;;;
803;197,1252;10,49437018;03.02.;Sat;Low;Standard;;;;
804;197,1252;10,49437018;03.02.;Sat;Low;Standard;;;;
805;140,7906;7,495280533;03.02.;Sat;Low;Off-Peak;;;;
806;140,7906;7,495280533;03.02.;Sat;Low;Off-Peak;;;;
807;140,7906;7,495280533;03.02.;Sat;Low;Off-Peak;;;;
808;140,7906;7,495280533;03.02.;Sat;Low;Off-Peak;;;;
809;140,7906;7,495280533;03.02.;Sat;Low;Off-Peak;;;;
810;140,7906;7,495280533;03.02.;Sat;Low;Off-Peak;;;;
811;197,1252;10,49437018;03.02.;Sat;Low;Standard;;;;
812;197,1252;10,49437018;03.02.;Sat;Low;Standard;;;;
813;140,7906;7,495280533;03.02.;Sat;Low;Off-Peak;;;;
814;140,7906;7,495280533;03.02.;Sat;Low;Off-Peak;;;;
815;140,7906;7,495280533;03.02.;Sat;Low;Off-Peak;;;;
816;140,7906;7,495280533;03.02.;Sat;Low;Off-Peak;;;;
817;140,7906;7,495280533;04.02.;Sun;Low;Off-Peak;;;;
818;140,7906;7,495280533;04.02.;Sun;Low;Off-Peak;;;;
819;140,7906;7,495280533;04.02.;Sun;Low;Off-Peak;;;;
820;140,7906;7,495280533;04.02.;Sun;Low;Off-Peak;;;;
821;140,7906;7,495280533;04.02.;Sun;Low;Off-Peak;;;;
822;140,7906;7,495280533;04.02.;Sun;Low;Off-Peak;;;;
823;140,7906;7,495280533;04.02.;Sun;Low;Off-Peak;;;;
824;140,7906;7,495280533;04.02.;Sun;Low;Off-Peak;;;;
825;140,7906;7,495280533;04.02.;Sun;Low;Off-Peak;;;;
826;140,7906;7,495280533;04.02.;Sun;Low;Off-Peak;;;;
827;140,7906;7,495280533;04.02.;Sun;Low;Off-Peak;;;;
828;140,7906;7,495280533;04.02.;Sun;Low;Off-Peak;;;;
829;140,7906;7,495280533;04.02.;Sun;Low;Off-Peak;;;;
830;140,7906;7,495280533;04.02.;Sun;Low;Off-Peak;;;;
831;140,7906;7,495280533;04.02.;Sun;Low;Off-Peak;;;;
832;140,7906;7,495280533;04.02.;Sun;Low;Off-Peak;;;;
833;140,7906;7,495280533;04.02.;Sun;Low;Off-Peak;;;;
834;140,7906;7,495280533;04.02.;Sun;Low;Off-Peak;;;;
835;197,1252;10,49437018;04.02.;Sun;Low;Standard;;;;
836;197,1252;10,49437018;04.02.;Sun;Low;Standard;;;;
837;140,7906;7,495280533;04.02.;Sun;Low;Off-Peak;;;;
838;140,7906;7,495280533;04.02.;Sun;Low;Off-Peak;;;;
839;140,7906;7,495280533;04.02.;Sun;Low;Off-Peak;;;;
840;140,7906;7,495280533;04.02.;Sun;Low;Off-Peak;;;;
841;140,7906;7,495280533;05.02.;Mon;Low;Off-Peak;;;;
842;140,7906;7,495280533;05.02.;Mon;Low;Off-Peak;;;;
843;140,7906;7,495280533;05.02.;Mon;Low;Off-Peak;;;;
844;140,7906;7,495280533;05.02.;Mon;Low;Off-Peak;;;;
845;140,7906;7,495280533;05.02.;Mon;Low;Off-Peak;;;;
846;140,7906;7,495280533;05.02.;Mon;Low;Off-Peak;;;;
847;197,1252;10,49437018;05.02.;Mon;Low;Standard;;;;
848;350,5944;18,66462236;05.02.;Mon;Low;Peak;;;;
849;350,5944;18,66462236;05.02.;Mon;Low;Peak;;;;
850;197,1252;10,49437018;05.02.;Mon;Low;Standard;;;;
851;197,1252;10,49437018;05.02.;Mon;Low;Standard;;;;
852;197,1252;10,49437018;05.02.;Mon;Low;Standard;;;;
853;197,1252;10,49437018;05.02.;Mon;Low;Standard;;;;
854;197,1252;10,49437018;05.02.;Mon;Low;Standard;;;;
855;197,1252;10,49437018;05.02.;Mon;Low;Standard;;;;
856;197,1252;10,49437018;05.02.;Mon;Low;Standard;;;;
857;197,1252;10,49437018;05.02.;Mon;Low;Standard;;;;
858;197,1252;10,49437018;05.02.;Mon;Low;Standard;;;;
859;350,5944;18,66462236;05.02.;Mon;Low;Peak;;;;
860;350,5944;18,66462236;05.02.;Mon;Low;Peak;;;;
861;350,5944;18,66462236;05.02.;Mon;Low;Peak;;;;
862;197,1252;10,49437018;05.02.;Mon;Low;Standard;;;;
863;140,7906;7,495280533;05.02.;Mon;Low;Off-Peak;;;;
864;140,7906;7,495280533;05.02.;Mon;Low;Off-Peak;;;;
865;140,7906;7,495280533;06.02.;Tue;Low;Off-Peak;;;;
866;140,7906;7,495280533;06.02.;Tue;Low;Off-Peak;;;;
867;140,7906;7,495280533;06.02.;Tue;Low;Off-Peak;;;;
868;140,7906;7,495280533;06.02.;Tue;Low;Off-Peak;;;;
869;140,7906;7,495280533;06.02.;Tue;Low;Off-Peak;;;;
870;140,7906;7,495280533;06.02.;Tue;Low;Off-Peak;;;;
871;197,1252;10,49437018;06.02.;Tue;Low;Standard;;;;
872;350,5944;18,66462236;06.02.;Tue;Low;Peak;;;;
873;350,5944;18,66462236;06.02.;Tue;Low;Peak;;;;
874;197,1252;10,49437018;06.02.;Tue;Low;Standard;;;;
875;197,1252;10,49437018;06.02.;Tue;Low;Standard;;;;
876;197,1252;10,49437018;06.02.;Tue;Low;Standard;;;;
877;197,1252;10,49437018;06.02.;Tue;Low;Standard;;;;
878;197,1252;10,49437018;06.02.;Tue;Low;Standard;;;;
879;197,1252;10,49437018;06.02.;Tue;Low;Standard;;;;
880;197,1252;10,49437018;06.02.;Tue;Low;Standard;;;;
881;197,1252;10,49437018;06.02.;Tue;Low;Standard;;;;
882;197,1252;10,49437018;06.02.;Tue;Low;Standard;;;;
883;350,5944;18,66462236;06.02.;Tue;Low;Peak;;;;
884;350,5944;18,66462236;06.02.;Tue;Low;Peak;;;;
885;350,5944;18,66462236;06.02.;Tue;Low;Peak;;;;
886;197,1252;10,49437018;06.02.;Tue;Low;Standard;;;;
887;140,7906;7,495280533;06.02.;Tue;Low;Off-Peak;;;;
888;140,7906;7,495280533;06.02.;Tue;Low;Off-Peak;;;;
889;140,7906;7,495280533;07.02.;Wed;Low;Off-Peak;;;;
890;140,7906;7,495280533;07.02.;Wed;Low;Off-Peak;;;;
891;140,7906;7,495280533;07.02.;Wed;Low;Off-Peak;;;;
892;140,7906;7,495280533;07.02.;Wed;Low;Off-Peak;;;;
893;140,7906;7,495280533;07.02.;Wed;Low;Off-Peak;;;;
894;140,7906;7,495280533;07.02.;Wed;Low;Off-Peak;;;;
895;197,1252;10,49437018;07.02.;Wed;Low;Standard;;;;
896;350,5944;18,66462236;07.02.;Wed;Low;Peak;;;;
897;350,5944;18,66462236;07.02.;Wed;Low;Peak;;;;
898;197,1252;10,49437018;07.02.;Wed;Low;Standard;;;;
899;197,1252;10,49437018;07.02.;Wed;Low;Standard;;;;
900;197,1252;10,49437018;07.02.;Wed;Low;Standard;;;;
901;197,1252;10,49437018;07.02.;Wed;Low;Standard;;;;
902;197,1252;10,49437018;07.02.;Wed;Low;Standard;;;;
903;197,1252;10,49437018;07.02.;Wed;Low;Standard;;;;
904;197,1252;10,49437018;07.02.;Wed;Low;Standard;;;;
905;197,1252;10,49437018;07.02.;Wed;Low;Standard;;;;
906;197,1252;10,49437018;07.02.;Wed;Low;Standard;;;;
907;350,5944;18,66462236;07.02.;Wed;Low;Peak;;;;
908;350,5944;18,66462236;07.02.;Wed;Low;Peak;;;;
909;350,5944;18,66462236;07.02.;Wed;Low;Peak;;;;
910;197,1252;10,49437018;07.02.;Wed;Low;Standard;;;;
911;140,7906;7,495280533;07.02.;Wed;Low;Off-Peak;;;;
912;140,7906;7,495280533;07.02.;Wed;Low;Off-Peak;;;;
913;140,7906;7,495280533;08.02.;Thu;Low;Off-Peak;;;;
914;140,7906;7,495280533;08.02.;Thu;Low;Off-Peak;;;;
915;140,7906;7,495280533;08.02.;Thu;Low;Off-Peak;;;;
916;140,7906;7,495280533;08.02.;Thu;Low;Off-Peak;;;;
917;140,7906;7,495280533;08.02.;Thu;Low;Off-Peak;;;;
918;140,7906;7,495280533;08.02.;Thu;Low;Off-Peak;;;;
919;197,1252;10,49437018;08.02.;Thu;Low;Standard;;;;
920;350,5944;18,66462236;08.02.;Thu;Low;Peak;;;;
921;350,5944;18,66462236;08.02.;Thu;Low;Peak;;;;
922;197,1252;10,49437018;08.02.;Thu;Low;Standard;;;;
923;197,1252;10,49437018;08.02.;Thu;Low;Standard;;;;
924;197,1252;10,49437018;08.02.;Thu;Low;Standard;;;;
925;197,1252;10,49437018;08.02.;Thu;Low;Standard;;;;
926;197,1252;10,49437018;08.02.;Thu;Low;Standard;;;;
927;197,1252;10,49437018;08.02.;Thu;Low;Standard;;;;
928;197,1252;10,49437018;08.02.;Thu;Low;Standard;;;;
929;197,1252;10,49437018;08.02.;Thu;Low;Standard;;;;
930;197,1252;10,49437018;08.02.;Thu;Low;Standard;;;;
931;350,5944;18,66462236;08.02.;Thu;Low;Peak;;;;
932;350,5944;18,66462236;08.02.;Thu;Low;Peak;;;;
933;350,5944;18,66462236;08.02.;Thu;Low;Peak;;;;
934;197,1252;10,49437018;08.02.;Thu;Low;Standard;;;;
935;140,7906;7,495280533;08.02.;Thu;Low;Off-Peak;;;;
936;140,7906;7,495280533;08.02.;Thu;Low;Off-Peak;;;;
937;140,7906;7,495280533;09.02.;Fri;Low;Off-Peak;;;;
938;140,7906;7,495280533;09.02.;Fri;Low;Off-Peak;;;;
939;140,7906;7,495280533;09.02.;Fri;Low;Off-Peak;;;;
940;140,7906;7,495280533;09.02.;Fri;Low;Off-Peak;;;;
941;140,7906;7,495280533;09.02.;Fri;Low;Off-Peak;;;;
942;140,7906;7,495280533;09.02.;Fri;Low;Off-Peak;;;;
943;197,1252;10,49437018;09.02.;Fri;Low;Standard;;;;
944;350,5944;18,66462236;09.02.;Fri;Low;Peak;;;;
945;350,5944;18,66462236;09.02.;Fri;Low;Peak;;;;
946;197,1252;10,49437018;09.02.;Fri;Low;Standard;;;;
947;197,1252;10,49437018;09.02.;Fri;Low;Standard;;;;
948;197,1252;10,49437018;09.02.;Fri;Low;Standard;;;;
949;197,1252;10,49437018;09.02.;Fri;Low;Standard;;;;
950;197,1252;10,49437018;09.02.;Fri;Low;Standard;;;;
951;197,1252;10,49437018;09.02.;Fri;Low;Standard;;;;
952;197,1252;10,49437018;09.02.;Fri;Low;Standard;;;;
953;197,1252;10,49437018;09.02.;Fri;Low;Standard;;;;
954;197,1252;10,49437018;09.02.;Fri;Low;Standard;;;;
955;350,5944;18,66462236;09.02.;Fri;Low;Peak;;;;
956;350,5944;18,66462236;09.02.;Fri;Low;Peak;;;;
957;350,5944;18,66462236;09.02.;Fri;Low;Peak;;;;
958;197,1252;10,49437018;09.02.;Fri;Low;Standard;;;;
959;140,7906;7,495280533;09.02.;Fri;Low;Off-Peak;;;;
960;140,7906;7,495280533;09.02.;Fri;Low;Off-Peak;;;;
961;140,7906;7,495280533;10.02.;Sat;Low;Off-Peak;;;;
962;140,7906;7,495280533;10.02.;Sat;Low;Off-Peak;;;;
963;140,7906;7,495280533;10.02.;Sat;Low;Off-Peak;;;;
964;140,7906;7,495280533;10.02.;Sat;Low;Off-Peak;;;;
965;140,7906;7,495280533;10.02.;Sat;Low;Off-Peak;;;;
966;140,7906;7,495280533;10.02.;Sat;Low;Off-Peak;;;;
967;140,7906;7,495280533;10.02.;Sat;Low;Off-Peak;;;;
968;197,1252;10,49437018;10.02.;Sat;Low;Standard;;;;
969;197,1252;10,49437018;10.02.;Sat;Low;Standard;;;;
970;197,1252;10,49437018;10.02.;Sat;Low;Standard;;;;
971;197,1252;10,49437018;10.02.;Sat;Low;Standard;;;;
972;197,1252;10,49437018;10.02.;Sat;Low;Standard;;;;
973;140,7906;7,495280533;10.02.;Sat;Low;Off-Peak;;;;
974;140,7906;7,495280533;10.02.;Sat;Low;Off-Peak;;;;
975;140,7906;7,495280533;10.02.;Sat;Low;Off-Peak;;;;
976;140,7906;7,495280533;10.02.;Sat;Low;Off-Peak;;;;
977;140,7906;7,495280533;10.02.;Sat;Low;Off-Peak;;;;
978;140,7906;7,495280533;10.02.;Sat;Low;Off-Peak;;;;
979;197,1252;10,49437018;10.02.;Sat;Low;Standard;;;;
980;197,1252;10,49437018;10.02.;Sat;Low;Standard;;;;
981;140,7906;7,495280533;10.02.;Sat;Low;Off-Peak;;;;
982;140,7906;7,495280533;10.02.;Sat;Low;Off-Peak;;;;
983;140,7906;7,495280533;10.02.;Sat;Low;Off-Peak;;;;
984;140,7906;7,495280533;10.02.;Sat;Low;Off-Peak;;;;
985;140,7906;7,495280533;11.02.;Sun;Low;Off-Peak;;;;
986;140,7906;7,495280533;11.02.;Sun;Low;Off-Peak;;;;
987;140,7906;7,495280533;11.02.;Sun;Low;Off-Peak;;;;
988;140,7906;7,495280533;11.02.;Sun;Low;Off-Peak;;;;
989;140,7906;7,495280533;11.02.;Sun;Low;Off-Peak;;;;
990;140,7906;7,495280533;11.02.;Sun;Low;Off-Peak;;;;
991;140,7906;7,495280533;11.02.;Sun;Low;Off-Peak;;;;
992;140,7906;7,495280533;11.02.;Sun;Low;Off-Peak;;;;
993;140,7906;7,495280533;11.02.;Sun;Low;Off-Peak;;;;
994;140,7906;7,495280533;11.02.;Sun;Low;Off-Peak;;;;
995;140,7906;7,495280533;11.02.;Sun;Low;Off-Peak;;;;
996;140,7906;7,495280533;11.02.;Sun;Low;Off-Peak;;;;
997;140,7906;7,495280533;11.02.;Sun;Low;Off-Peak;;;;
998;140,7906;7,495280533;11.02.;Sun;Low;Off-Peak;;;;
999;140,7906;7,495280533;11.02.;Sun;Low;Off-Peak;;;;
1000;140,7906;7,495280533;11.02.;Sun;Low;Off-Peak;;;;
1001;140,7906;7,495280533;11.02.;Sun;Low;Off-Peak;;;;
1002;140,7906;7,495280533;11.02.;Sun;Low;Off-Peak;;;;
1003;197,1252;10,49437018;11.02.;Sun;Low;Standard;;;;
1004;197,1252;10,49437018;11.02.;Sun;Low;Standard;;;;
1005;140,7906;7,495280533;11.02.;Sun;Low;Off-Peak;;;;
1006;140,7906;7,495280533;11.02.;Sun;Low;Off-Peak;;;;
1007;140,7906;7,495280533;11.02.;Sun;Low;Off-Peak;;;;
1008;140,7906;7,495280533;11.02.;Sun;Low;Off-Peak;;;;
1009;140,7906;7,495280533;12.02.;Mon;Low;Off-Peak;;;;
1010;140,7906;7,495280533;12.02.;Mon;Low;Off-Peak;;;;
1011;140,7906;7,495280533;12.02.;Mon;Low;Off-Peak;;;;
1012;140,7906;7,495280533;12.02.;Mon;Low;Off-Peak;;;;
1013;140,7906;7,495280533;12.02.;Mon;Low;Off-Peak;;;;
1014;140,7906;7,495280533;12.02.;Mon;Low;Off-Peak;;;;
1015;197,1252;10,49437018;12.02.;Mon;Low;Standard;;;;
1016;350,5944;18,66462236;12.02.;Mon;Low;Peak;;;;
1017;350,5944;18,66462236;12.02.;Mon;Low;Peak;;;;
1018;197,1252;10,49437018;12.02.;Mon;Low;Standard;;;;
1019;197,1252;10,49437018;12.02.;Mon;Low;Standard;;;;
1020;197,1252;10,49437018;12.02.;Mon;Low;Standard;;;;
1021;197,1252;10,49437018;12.02.;Mon;Low;Standard;;;;
1022;197,1252;10,49437018;12.02.;Mon;Low;Standard;;;;
1023;197,1252;10,49437018;12.02.;Mon;Low;Standard;;;;
1024;197,1252;10,49437018;12.02.;Mon;Low;Standard;;;;
1025;197,1252;10,49437018;12.02.;Mon;Low;Standard;;;;
1026;197,1252;10,49437018;12.02.;Mon;Low;Standard;;;;
1027;350,5944;18,66462236;12.02.;Mon;Low;Peak;;;;
1028;350,5944;18,66462236;12.02.;Mon;Low;Peak;;;;
1029;350,5944;18,66462236;12.02.;Mon;Low;Peak;;;;
1030;197,1252;10,49437018;12.02.;Mon;Low;Standard;;;;
1031;140,7906;7,495280533;12.02.;Mon;Low;Off-Peak;;;;
1032;140,7906;7,495280533;12.02.;Mon;Low;Off-Peak;;;;
1033;140,7906;7,495280533;13.02.;Tue;Low;Off-Peak;;;;
1034;140,7906;7,495280533;13.02.;Tue;Low;Off-Peak;;;;
1035;140,7906;7,495280533;13.02.;Tue;Low;Off-Peak;;;;
1036;140,7906;7,495280533;13.02.;Tue;Low;Off-Peak;;;;
1037;140,7906;7,495280533;13.02.;Tue;Low;Off-Peak;;;;
1038;140,7906;7,495280533;13.02.;Tue;Low;Off-Peak;;;;
1039;197,1252;10,49437018;13.02.;Tue;Low;Standard;;;;
1040;350,5944;18,66462236;13.02.;Tue;Low;Peak;;;;
1041;350,5944;18,66462236;13.02.;Tue;Low;Peak;;;;
1042;197,1252;10,49437018;13.02.;Tue;Low;Standard;;;;
1043;197,1252;10,49437018;13.02.;Tue;Low;Standard;;;;
1044;197,1252;10,49437018;13.02.;Tue;Low;Standard;;;;
1045;197,1252;10,49437018;13.02.;Tue;Low;Standard;;;;
1046;197,1252;10,49437018;13.02.;Tue;Low;Standard;;;;
1047;197,1252;10,49437018;13.02.;Tue;Low;Standard;;;;
1048;197,1252;10,49437018;13.02.;Tue;Low;Standard;;;;
1049;197,1252;10,49437018;13.02.;Tue;Low;Standard;;;;
1050;197,1252;10,49437018;13.02.;Tue;Low;Standard;;;;
1051;350,5944;18,66462236;13.02.;Tue;Low;Peak;;;;
1052;350,5944;18,66462236;13.02.;Tue;Low;Peak;;;;
1053;350,5944;18,66462236;13.02.;Tue;Low;Peak;;;;
1054;197,1252;10,49437018;13.02.;Tue;Low;Standard;;;;
1055;140,7906;7,495280533;13.02.;Tue;Low;Off-Peak;;;;
1056;140,7906;7,495280533;13.02.;Tue;Low;Off-Peak;;;;
1057;140,7906;7,495280533;14.02.;Wed;Low;Off-Peak;;;;
1058;140,7906;7,495280533;14.02.;Wed;Low;Off-Peak;;;;
1059;140,7906;7,495280533;14.02.;Wed;Low;Off-Peak;;;;
1060;140,7906;7,495280533;14.02.;Wed;Low;Off-Peak;;;;
1061;140,7906;7,495280533;14.02.;Wed;Low;Off-Peak;;;;
1062;140,7906;7,495280533;14.02.;Wed;Low;Off-Peak;;;;
1063;197,1252;10,49437018;14.02.;Wed;Low;Standard;;;;
1064;350,5944;18,66462236;14.02.;Wed;Low;Peak;;;;
1065;350,5944;18,66462236;14.02.;Wed;Low;Peak;;;;
1066;197,1252;10,49437018;14.02.;Wed;Low;Standard;;;;
1067;197,1252;10,49437018;14.02.;Wed;Low;Standard;;;;
1068;197,1252;10,49437018;14.02.;Wed;Low;Standard;;;;
1069;197,1252;10,49437018;14.02.;Wed;Low;Standard;;;;
1070;197,1252;10,49437018;14.02.;Wed;Low;Standard;;;;
1071;197,1252;10,49437018;14.02.;Wed;Low;Standard;;;;
1072;197,1252;10,49437018;14.02.;Wed;Low;Standard;;;;
1073;197,1252;10,49437018;14.02.;Wed;Low;Standard;;;;
1074;197,1252;10,49437018;14.02.;Wed;Low;Standard;;;;
1075;350,5944;18,66462236;14.02.;Wed;Low;Peak;;;;
1076;350,5944;18,66462236;14.02.;Wed;Low;Peak;;;;
1077;350,5944;18,66462236;14.02.;Wed;Low;Peak;;;;
1078;197,1252;10,49437018;14.02.;Wed;Low;Standard;;;;
1079;140,7906;7,495280533;14.02.;Wed;Low;Off-Peak;;;;
1080;140,7906;7,495280533;14.02.;Wed;Low;Off-Peak;;;;
1081;140,7906;7,495280533;15.02.;Thu;Low;Off-Peak;;;;
1082;140,7906;7,495280533;15.02.;Thu;Low;Off-Peak;;;;
1083;140,7906;7,495280533;15.02.;Thu;Low;Off-Peak;;;;
1084;140,7906;7,495280533;15.02.;Thu;Low;Off-Peak;;;;
1085;140,7906;7,495280533;15.02.;Thu;Low;Off-Peak;;;;
1086;140,7906;7,495280533;15.02.;Thu;Low;Off-Peak;;;;
1087;197,1252;10,49437018;15.02.;Thu;Low;Standard;;;;
1088;350,5944;18,66462236;15.02.;Thu;Low;Peak;;;;
1089;350,5944;18,66462236;15.02.;Thu;Low;Peak;;;;
1090;197,1252;10,49437018;15.02.;Thu;Low;Standard;;;;
1091;197,1252;10,49437018;15.02.;Thu;Low;Standard;;;;
1092;197,1252;10,49437018;15.02.;Thu;Low;Standard;;;;
1093;197,1252;10,49437018;15.02.;Thu;Low;Standard;;;;
1094;197,1252;10,49437018;15.02.;Thu;Low;Standard;;;;
1095;197,1252;10,49437018;15.02.;Thu;Low;Standard;;;;
1096;197,1252;10,49437018;15.02.;Thu;Low;Standard;;;;
1097;197,1252;10,49437018;15.02.;Thu;Low;Standard;;;;
1098;197,1252;10,49437018;15.02.;Thu;Low;Standard;;;;
1099;350,5944;18,66462236;15.02.;Thu;Low;Peak;;;;
1100;350,5944;18,66462236;15.02.;Thu;Low;Peak;;;;
1101;350,5944;18,66462236;15.02.;Thu;Low;Peak;;;;
1102;197,1252;10,49437018;15.02.;Thu;Low;Standard;;;;
1103;140,7906;7,495280533;15.02.;Thu;Low;Off-Peak;;;;
1104;140,7906;7,495280533;15.02.;Thu;Low;Off-Peak;;;;
1105;140,7906;7,495280533;16.02.;Fri;Low;Off-Peak;;;;
1106;140,7906;7,495280533;16.02.;Fri;Low;Off-Peak;;;;
1107;140,7906;7,495280533;16.02.;Fri;Low;Off-Peak;;;;
1108;140,7906;7,495280533;16.02.;Fri;Low;Off-Peak;;;;
1109;140,7906;7,495280533;16.02.;Fri;Low;Off-Peak;;;;
1110;140,7906;7,495280533;16.02.;Fri;Low;Off-Peak;;;;
1111;197,1252;10,49437018;16.02.;Fri;Low;Standard;;;;
1112;350,5944;18,66462236;16.02.;Fri;Low;Peak;;;;
1113;350,5944;18,66462236;16.02.;Fri;Low;Peak;;;;
1114;197,1252;10,49437018;16.02.;Fri;Low;Standard;;;;
1115;197,1252;10,49437018;16.02.;Fri;Low;Standard;;;;
1116;197,1252;10,49437018;16.02.;Fri;Low;Standard;;;;
1117;197,1252;10,49437018;16.02.;Fri;Low;Standard;;;;
1118;197,1252;10,49437018;16.02.;Fri;Low;Standard;;;;
1119;197,1252;10,49437018;16.02.;Fri;Low;Standard;;;;
1120;197,1252;10,49437018;16.02.;Fri;Low;Standard;;;;
1121;197,1252;10,49437018;16.02.;Fri;Low;Standard;;;;
1122;197,1252;10,49437018;16.02.;Fri;Low;Standard;;;;
1123;350,5944;18,66462236;16.02.;Fri;Low;Peak;;;;
1124;350,5944;18,66462236;16.02.;Fri;Low;Peak;;;;
1125;350,5944;18,66462236;16.02.;Fri;Low;Peak;;;;
1126;197,1252;10,49437018;16.02.;Fri;Low;Standard;;;;
1127;140,7906;7,495280533;16.02.;Fri;Low;Off-Peak;;;;
1128;140,7906;7,495280533;16.02.;Fri;Low;Off-Peak;;;;
1129;140,7906;7,495280533;17.02.;Sat;Low;Off-Peak;;;;
1130;140,7906;7,495280533;17.02.;Sat;Low;Off-Peak;;;;
1131;140,7906;7,495280533;17.02.;Sat;Low;Off-Peak;;;;
1132;140,7906;7,495280533;17.02.;Sat;Low;Off-Peak;;;;
1133;140,7906;7,495280533;17.02.;Sat;Low;Off-Peak;;;;
1134;140,7906;7,495280533;17.02.;Sat;Low;Off-Peak;;;;
1135;140,7906;7,495280533;17.02.;Sat;Low;Off-Peak;;;;
1136;197,1252;10,49437018;17.02.;Sat;Low;Standard;;;;
1137;197,1252;10,49437018;17.02.;Sat;Low;Standard;;;;
1138;197,1252;10,49437018;17.02.;Sat;Low;Standard;;;;
1139;197,1252;10,49437018;17.02.;Sat;Low;Standard;;;;
1140;197,1252;10,49437018;17.02.;Sat;Low;Standard;;;;
1141;140,7906;7,495280533;17.02.;Sat;Low;Off-Peak;;;;
1142;140,7906;7,495280533;17.02.;Sat;Low;Off-Peak;;;;
1143;140,7906;7,495280533;17.02.;Sat;Low;Off-Peak;;;;
1144;140,7906;7,495280533;17.02.;Sat;Low;Off-Peak;;;;
1145;140,7906;7,495280533;17.02.;Sat;Low;Off-Peak;;;;
1146;140,7906;7,495280533;17.02.;Sat;Low;Off-Peak;;;;
1147;197,1252;10,49437018;17.02.;Sat;Low;Standard;;;;
1148;197,1252;10,49437018;17.02.;Sat;Low;Standard;;;;
1149;140,7906;7,495280533;17.02.;Sat;Low;Off-Peak;;;;
1150;140,7906;7,495280533;17.02.;Sat;Low;Off-Peak;;;;
1151;140,7906;7,495280533;17.02.;Sat;Low;Off-Peak;;;;
1152;140,7906;7,495280533;17.02.;Sat;Low;Off-Peak;;;;
1153;140,7906;7,495280533;18.02.;Sun;Low;Off-Peak;;;;
1154;140,7906;7,495280533;18.02.;Sun;Low;Off-Peak;;;;
1155;140,7906;7,495280533;18.02.;Sun;Low;Off-Peak;;;;
1156;140,7906;7,495280533;18.02.;Sun;Low;Off-Peak;;;;
1157;140,7906;7,495280533;18.02.;Sun;Low;Off-Peak;;;;
1158;140,7906;7,495280533;18.02.;Sun;Low;Off-Peak;;;;
1159;140,7906;7,495280533;18.02.;Sun;Low;Off-Peak;;;;
1160;140,7906;7,495280533;18.02.;Sun;Low;Off-Peak;;;;
1161;140,7906;7,495280533;18.02.;Sun;Low;Off-Peak;;;;
1162;140,7906;7,495280533;18.02.;Sun;Low;Off-Peak;;;;
1163;140,7906;7,495280533;18.02.;Sun;Low;Off-Peak;;;;
1164;140,7906;7,495280533;18.02.;Sun;Low;Off-Peak;;;;
1165;140,7906;7,495280533;18.02.;Sun;Low;Off-Peak;;;;
1166;140,7906;7,495280533;18.02.;Sun;Low;Off-Peak;;;;
1167;140,7906;7,495280533;18.02.;Sun;Low;Off-Peak;;;;
1168;140,7906;7,495280533;18.02.;Sun;Low;Off-Peak;;;;
1169;140,7906;7,495280533;18.02.;Sun;Low;Off-Peak;;;;
1170;140,7906;7,495280533;18.02.;Sun;Low;Off-Peak;;;;
1171;197,1252;10,49437018;18.02.;Sun;Low;Standard;;;;
1172;197,1252;10,49437018;18.02.;Sun;Low;Standard;;;;
1173;140,7906;7,495280533;18.02.;Sun;Low;Off-Peak;;;;
1174;140,7906;7,495280533;18.02.;Sun;Low;Off-Peak;;;;
1175;140,7906;7,495280533;18.02.;Sun;Low;Off-Peak;;;;
1176;140,7906;7,495280533;18.02.;Sun;Low;Off-Peak;;;;
1177;140,7906;7,495280533;19.02.;Mon;Low;Off-Peak;;;;
1178;140,7906;7,495280533;19.02.;Mon;Low;Off-Peak;;;;
1179;140,7906;7,495280533;19.02.;Mon;Low;Off-Peak;;;;
1180;140,7906;7,495280533;19.02.;Mon;Low;Off-Peak;;;;
1181;140,7906;7,495280533;19.02.;Mon;Low;Off-Peak;;;;
1182;140,7906;7,495280533;19.02.;Mon;Low;Off-Peak;;;;
1183;197,1252;10,49437018;19.02.;Mon;Low;Standard;;;;
1184;350,5944;18,66462236;19.02.;Mon;Low;Peak;;;;
1185;350,5944;18,66462236;19.02.;Mon;Low;Peak;;;;
1186;197,1252;10,49437018;19.02.;Mon;Low;Standard;;;;
1187;197,1252;10,49437018;19.02.;Mon;Low;Standard;;;;
1188;197,1252;10,49437018;19.02.;Mon;Low;Standard;;;;
1189;197,1252;10,49437018;19.02.;Mon;Low;Standard;;;;
1190;197,1252;10,49437018;19.02.;Mon;Low;Standard;;;;
1191;197,1252;10,49437018;19.02.;Mon;Low;Standard;;;;
1192;197,1252;10,49437018;19.02.;Mon;Low;Standard;;;;
1193;197,1252;10,49437018;19.02.;Mon;Low;Standard;;;;
1194;197,1252;10,49437018;19.02.;Mon;Low;Standard;;;;
1195;350,5944;18,66462236;19.02.;Mon;Low;Peak;;;;
1196;350,5944;18,66462236;19.02.;Mon;Low;Peak;;;;
1197;350,5944;18,66462236;19.02.;Mon;Low;Peak;;;;
1198;197,1252;10,49437018;19.02.;Mon;Low;Standard;;;;
1199;140,7906;7,495280533;19.02.;Mon;Low;Off-Peak;;;;
1200;140,7906;7,495280533;19.02.;Mon;Low;Off-Peak;;;;
1201;140,7906;7,495280533;20.02.;Tue;Low;Off-Peak;;;;
1202;140,7906;7,495280533;20.02.;Tue;Low;Off-Peak;;;;
1203;140,7906;7,495280533;20.02.;Tue;Low;Off-Peak;;;;
1204;140,7906;7,495280533;20.02.;Tue;Low;Off-Peak;;;;
1205;140,7906;7,495280533;20.02.;Tue;Low;Off-Peak;;;;
1206;140,7906;7,495280533;20.02.;Tue;Low;Off-Peak;;;;
1207;197,1252;10,49437018;20.02.;Tue;Low;Standard;;;;
1208;350,5944;18,66462236;20.02.;Tue;Low;Peak;;;;
1209;350,5944;18,66462236;20.02.;Tue;Low;Peak;;;;
1210;197,1252;10,49437018;20.02.;Tue;Low;Standard;;;;
1211;197,1252;10,49437018;20.02.;Tue;Low;Standard;;;;
1212;197,1252;10,49437018;20.02.;Tue;Low;Standard;;;;
1213;197,1252;10,49437018;20.02.;Tue;Low;Standard;;;;
1214;197,1252;10,49437018;20.02.;Tue;Low;Standard;;;;
1215;197,1252;10,49437018;20.02.;Tue;Low;Standard;;;;
1216;197,1252;10,49437018;20.02.;Tue;Low;Standard;;;;
1217;197,1252;10,49437018;20.02.;Tue;Low;Standard;;;;
1218;197,1252;10,49437018;20.02.;Tue;Low;Standard;;;;
1219;350,5944;18,66462236;20.02.;Tue;Low;Peak;;;;
1220;350,5944;18,66462236;20.02.;Tue;Low;Peak;;;;
1221;350,5944;18,66462236;20.02.;Tue;Low;Peak;;;;
1222;197,1252;10,49437018;20.02.;Tue;Low;Standard;;;;
1223;140,7906;7,495280533;20.02.;Tue;Low;Off-Peak;;;;
1224;140,7906;7,495280533;20.02.;Tue;Low;Off-Peak;;;;
1225;140,7906;7,495280533;21.02.;Wed;Low;Off-Peak;;;;
1226;140,7906;7,495280533;21.02.;Wed;Low;Off-Peak;;;;
1227;140,7906;7,495280533;21.02.;Wed;Low;Off-Peak;;;;
1228;140,7906;7,495280533;21.02.;Wed;Low;Off-Peak;;;;
1229;140,7906;7,495280533;21.02.;Wed;Low;Off-Peak;;;;
1230;140,7906;7,495280533;21.02.;Wed;Low;Off-Peak;;;;
1231;197,1252;10,49437018;21.02.;Wed;Low;Standard;;;;
1232;350,5944;18,66462236;21.02.;Wed;Low;Peak;;;;
1233;350,5944;18,66462236;21.02.;Wed;Low;Peak;;;;
1234;197,1252;10,49437018;21.02.;Wed;Low;Standard;;;;
1235;197,1252;10,49437018;21.02.;Wed;Low;Standard;;;;
1236;197,1252;10,49437018;21.02.;Wed;Low;Standard;;;;
1237;197,1252;10,49437018;21.02.;Wed;Low;Standard;;;;
1238;197,1252;10,49437018;21.02.;Wed;Low;Standard;;;;
1239;197,1252;10,49437018;21.02.;Wed;Low;Standard;;;;
1240;197,1252;10,49437018;21.02.;Wed;Low;Standard;;;;
1241;197,1252;10,49437018;21.02.;Wed;Low;Standard;;;;
1242;197,1252;10,49437018;21.02.;Wed;Low;Standard;;;;
1243;350,5944;18,66462236;21.02.;Wed;Low;Peak;;;;
1244;350,5944;18,66462236;21.02.;Wed;Low;Peak;;;;
1245;350,5944;18,66462236;21.02.;Wed;Low;Peak;;;;
1246;197,1252;10,49437018;21.02.;Wed;Low;Standard;;;;
1247;140,7906;7,495280533;21.02.;Wed;Low;Off-Peak;;;;
1248;140,7906;7,495280533;21.02.;Wed;Low;Off-Peak;;;;
1249;140,7906;7,495280533;22.02.;Thu;Low;Off-Peak;;;;
1250;140,7906;7,495280533;22.02.;Thu;Low;Off-Peak;;;;
1251;140,7906;7,495280533;22.02.;Thu;Low;Off-Peak;;;;
1252;140,7906;7,495280533;22.02.;Thu;Low;Off-Peak;;;;
1253;140,7906;7,495280533;22.02.;Thu;Low;Off-Peak;;;;
1254;140,7906;7,495280533;22.02.;Thu;Low;Off-Peak;;;;
1255;197,1252;10,49437018;22.02.;Thu;Low;Standard;;;;
1256;350,5944;18,66462236;22.02.;Thu;Low;Peak;;;;
1257;350,5944;18,66462236;22.02.;Thu;Low;Peak;;;;
1258;197,1252;10,49437018;22.02.;Thu;Low;Standard;;;;
1259;197,1252;10,49437018;22.02.;Thu;Low;Standard;;;;
1260;197,1252;10,49437018;22.02.;Thu;Low;Standard;;;;
1261;197,1252;10,49437018;22.02.;Thu;Low;Standard;;;;
1262;197,1252;10,49437018;22.02.;Thu;Low;Standard;;;;
1263;197,1252;10,49437018;22.02.;Thu;Low;Standard;;;;
1264;197,1252;10,49437018;22.02.;Thu;Low;Standard;;;;
1265;197,1252;10,49437018;22.02.;Thu;Low;Standard;;;;
1266;197,1252;10,49437018;22.02.;Thu;Low;Standard;;;;
1267;350,5944;18,66462236;22.02.;Thu;Low;Peak;;;;
1268;350,5944;18,66462236;22.02.;Thu;Low;Peak;;;;
1269;350,5944;18,66462236;22.02.;Thu;Low;Peak;;;;
1270;197,1252;10,49437018;22.02.;Thu;Low;Standard;;;;
1271;140,7906;7,495280533;22.02.;Thu;Low;Off-Peak;;;;
1272;140,7906;7,495280533;22.02.;Thu;Low;Off-Peak;;;;
1273;140,7906;7,495280533;23.02.;Fri;Low;Off-Peak;;;;
1274;140,7906;7,495280533;23.02.;Fri;Low;Off-Peak;;;;
1275;140,7906;7,495280533;23.02.;Fri;Low;Off-Peak;;;;
1276;140,7906;7,495280533;23.02.;Fri;Low;Off-Peak;;;;
1277;140,7906;7,495280533;23.02.;Fri;Low;Off-Peak;;;;
1278;140,7906;7,495280533;23.02.;Fri;Low;Off-Peak;;;;
1279;197,1252;10,49437018;23.02.;Fri;Low;Standard;;;;
1280;350,5944;18,66462236;23.02.;Fri;Low;Peak;;;;
1281;350,5944;18,66462236;23.02.;Fri;Low;Peak;;;;
1282;197,1252;10,49437018;23.02.;Fri;Low;Standard;;;;
1283;197,1252;10,49437018;23.02.;Fri;Low;Standard;;;;
1284;197,1252;10,49437018;23.02.;Fri;Low;Standard;;;;
1285;197,1252;10,49437018;23.02.;Fri;Low;Standard;;;;
1286;197,1252;10,49437018;23.02.;Fri;Low;Standard;;;;
1287;197,1252;10,49437018;23.02.;Fri;Low;Standard;;;;
1288;197,1252;10,49437018;23.02.;Fri;Low;Standard;;;;
1289;197,1252;10,49437018;23.02.;Fri;Low;Standard;;;;
1290;197,1252;10,49437018;23.02.;Fri;Low;Standard;;;;
1291;350,5944;18,66462236;23.02.;Fri;Low;Peak;;;;
1292;350,5944;18,66462236;23.02.;Fri;Low;Peak;;;;
1293;350,5944;18,66462236;23.02.;Fri;Low;Peak;;;;
1294;197,1252;10,49437018;23.02.;Fri;Low;Standard;;;;
1295;140,7906;7,495280533;23.02.;Fri;Low;Off-Peak;;;;
1296;140,7906;7,495280533;23.02.;Fri;Low;Off-Peak;;;;
1297;140,7906;7,495280533;24.02.;Sat;Low;Off-Peak;;;;
1298;140,7906;7,495280533;24.02.;Sat;Low;Off-Peak;;;;
1299;140,7906;7,495280533;24.02.;Sat;Low;Off-Peak;;;;
1300;140,7906;7,495280533;24.02.;Sat;Low;Off-Peak;;;;
1301;140,7906;7,495280533;24.02.;Sat;Low;Off-Peak;;;;
1302;140,7906;7,495280533;24.02.;Sat;Low;Off-Peak;;;;
1303;140,7906;7,495280533;24.02.;Sat;Low;Off-Peak;;;;
1304;197,1252;10,49437018;24.02.;Sat;Low;Standard;;;;
1305;197,1252;10,49437018;24.02.;Sat;Low;Standard;;;;
1306;197,1252;10,49437018;24.02.;Sat;Low;Standard;;;;
1307;197,1252;10,49437018;24.02.;Sat;Low;Standard;;;;
1308;197,1252;10,49437018;24.02.;Sat;Low;Standard;;;;
1309;140,7906;7,495280533;24.02.;Sat;Low;Off-Peak;;;;
1310;140,7906;7,495280533;24.02.;Sat;Low;Off-Peak;;;;
1311;140,7906;7,495280533;24.02.;Sat;Low;Off-Peak;;;;
1312;140,7906;7,495280533;24.02.;Sat;Low;Off-Peak;;;;
1313;140,7906;7,495280533;24.02.;Sat;Low;Off-Peak;;;;
1314;140,7906;7,495280533;24.02.;Sat;Low;Off-Peak;;;;
1315;197,1252;10,49437018;24.02.;Sat;Low;Standard;;;;
1316;197,1252;10,49437018;24.02.;Sat;Low;Standard;;;;
1317;140,7906;7,495280533;24.02.;Sat;Low;Off-Peak;;;;
1318;140,7906;7,495280533;24.02.;Sat;Low;Off-Peak;;;;
1319;140,7906;7,495280533;24.02.;Sat;Low;Off-Peak;;;;
1320;140,7906;7,495280533;24.02.;Sat;Low;Off-Peak;;;;
1321;140,7906;7,495280533;25.02.;Sun;Low;Off-Peak;;;;
1322;140,7906;7,495280533;25.02.;Sun;Low;Off-Peak;;;;
1323;140,7906;7,495280533;25.02.;Sun;Low;Off-Peak;;;;
1324;140,7906;7,495280533;25.02.;Sun;Low;Off-Peak;;;;
1325;140,7906;7,495280533;25.02.;Sun;Low;Off-Peak;;;;
1326;140,7906;7,495280533;25.02.;Sun;Low;Off-Peak;;;;
1327;140,7906;7,495280533;25.02.;Sun;Low;Off-Peak;;;;
1328;140,7906;7,495280533;25.02.;Sun;Low;Off-Peak;;;;
1329;140,7906;7,495280533;25.02.;Sun;Low;Off-Peak;;;;
1330;140,7906;7,495280533;25.02.;Sun;Low;Off-Peak;;;;
1331;140,7906;7,495280533;25.02.;Sun;Low;Off-Peak;;;;
1332;140,7906;7,495280533;25.02.;Sun;Low;Off-Peak;;;;
1333;140,7906;7,495280533;25.02.;Sun;Low;Off-Peak;;;;
1334;140,7906;7,495280533;25.02.;Sun;Low;Off-Peak;;;;
1335;140,7906;7,495280533;25.02.;Sun;Low;Off-Peak;;;;
1336;140,7906;7,495280533;25.02.;Sun;Low;Off-Peak;;;;
1337;140,7906;7,495280533;25.02.;Sun;Low;Off-Peak;;;;
1338;140,7906;7,495280533;25.02.;Sun;Low;Off-Peak;;;;
1339;197,1252;10,49437018;25.02.;Sun;Low;Standard;;;;
1340;197,1252;10,49437018;25.02.;Sun;Low;Standard;;;;
1341;140,7906;7,495280533;25.02.;Sun;Low;Off-Peak;;;;
1342;140,7906;7,495280533;25.02.;Sun;Low;Off-Peak;;;;
1343;140,7906;7,495280533;25.02.;Sun;Low;Off-Peak;;;;
1344;140,7906;7,495280533;25.02.;Sun;Low;Off-Peak;;;;
1345;140,7906;7,495280533;26.02.;Mon;Low;Off-Peak;;;;
1346;140,7906;7,495280533;26.02.;Mon;Low;Off-Peak;;;;
1347;140,7906;7,495280533;26.02.;Mon;Low;Off-Peak;;;;
1348;140,7906;7,495280533;26.02.;Mon;Low;Off-Peak;;;;
1349;140,7906;7,495280533;26.02.;Mon;Low;Off-Peak;;;;
1350;140,7906;7,495280533;26.02.;Mon;Low;Off-Peak;;;;
1351;197,1252;10,49437018;26.02.;Mon;Low;Standard;;;;
1352;350,5944;18,66462236;26.02.;Mon;Low;Peak;;;;
1353;350,5944;18,66462236;26.02.;Mon;Low;Peak;;;;
1354;197,1252;10,49437018;26.02.;Mon;Low;Standard;;;;
1355;197,1252;10,49437018;26.02.;Mon;Low;Standard;;;;
1356;197,1252;10,49437018;26.02.;Mon;Low;Standard;;;;
1357;197,1252;10,49437018;26.02.;Mon;Low;Standard;;;;
1358;197,1252;10,49437018;26.02.;Mon;Low;Standard;;;;
1359;197,1252;10,49437018;26.02.;Mon;Low;Standard;;;;
1360;197,1252;10,49437018;26.02.;Mon;Low;Standard;;;;
1361;197,1252;10,49437018;26.02.;Mon;Low;Standard;;;;
1362;197,1252;10,49437018;26.02.;Mon;Low;Standard;;;;
1363;350,5944;18,66462236;26.02.;Mon;Low;Peak;;;;
1364;350,5944;18,66462236;26.02.;Mon;Low;Peak;;;;
1365;350,5944;18,66462236;26.02.;Mon;Low;Peak;;;;
1366;197,1252;10,49437018;26.02.;Mon;Low;Standard;;;;
1367;140,7906;7,495280533;26.02.;Mon;Low;Off-Peak;;;;
1368;140,7906;7,495280533;26.02.;Mon;Low;Off-Peak;;;;
1369;140,7906;7,495280533;27.02.;Tue;Low;Off-Peak;;;;
1370;140,7906;7,495280533;27.02.;Tue;Low;Off-Peak;;;;
1371;140,7906;7,495280533;27.02.;Tue;Low;Off-Peak;;;;
1372;140,7906;7,495280533;27.02.;Tue;Low;Off-Peak;;;;
1373;140,7906;7,495280533;27.02.;Tue;Low;Off-Peak;;;;
1374;140,7906;7,495280533;27.02.;Tue;Low;Off-Peak;;;;
1375;197,1252;10,49437018;27.02.;Tue;Low;Standard;;;;
1376;350,5944;18,66462236;27.02.;Tue;Low;Peak;;;;
1377;350,5944;18,66462236;27.02.;Tue;Low;Peak;;;;
1378;197,1252;10,49437018;27.02.;Tue;Low;Standard;;;;
1379;197,1252;10,49437018;27.02.;Tue;Low;Standard;;;;
1380;197,1252;10,49437018;27.02.;Tue;Low;Standard;;;;
1381;197,1252;10,49437018;27.02.;Tue;Low;Standard;;;;
1382;197,1252;10,49437018;27.02.;Tue;Low;Standard;;;;
1383;197,1252;10,49437018;27.02.;Tue;Low;Standard;;;;
1384;197,1252;10,49437018;27.02.;Tue;Low;Standard;;;;
1385;197,1252;10,49437018;27.02.;Tue;Low;Standard;;;;
1386;197,1252;10,49437018;27.02.;Tue;Low;Standard;;;;
1387;350,5944;18,66462236;27.02.;Tue;Low;Peak;;;;
1388;350,5944;18,66462236;27.02.;Tue;Low;Peak;;;;
1389;350,5944;18,66462236;27.02.;Tue;Low;Peak;;;;
1390;197,1252;10,49437018;27.02.;Tue;Low;Standard;;;;
1391;140,7906;7,495280533;27.02.;Tue;Low;Off-Peak;;;;
1392;140,7906;7,495280533;27.02.;Tue;Low;Off-Peak;;;;
1393;140,7906;7,495280533;28.02.;Wed;Low;Off-Peak;;;;
1394;140,7906;7,495280533;28.02.;Wed;Low;Off-Peak;;;;
1395;140,7906;7,495280533;28.02.;Wed;Low;Off-Peak;;;;
1396;140,7906;7,495280533;28.02.;Wed;Low;Off-Peak;;;;
1397;140,7906;7,495280533;28.02.;Wed;Low;Off-Peak;;;;
1398;140,7906;7,495280533;28.02.;Wed;Low;Off-Peak;;;;
1399;197,1252;10,49437018;28.02.;Wed;Low;Standard;;;;
1400;350,5944;18,66462236;28.02.;Wed;Low;Peak;;;;
1401;350,5944;18,66462236;28.02.;Wed;Low;Peak;;;;
1402;197,1252;10,49437018;28.02.;Wed;Low;Standard;;;;
1403;197,1252;10,49437018;28.02.;Wed;Low;Standard;;;;
1404;197,1252;10,49437018;28.02.;Wed;Low;Standard;;;;
1405;197,1252;10,49437018;28.02.;Wed;Low;Standard;;;;
1406;197,1252;10,49437018;28.02.;Wed;Low;Standard;;;;
1407;197,1252;10,49437018;28.02.;Wed;Low;Standard;;;;
1408;197,1252;10,49437018;28.02.;Wed;Low;Standard;;;;
1409;197,1252;10,49437018;28.02.;Wed;Low;Standard;;;;
1410;197,1252;10,49437018;28.02.;Wed;Low;Standard;;;;
1411;350,5944;18,66462236;28.02.;Wed;Low;Peak;;;;
1412;350,5944;18,66462236;28.02.;Wed;Low;Peak;;;;
1413;350,5944;18,66462236;28.02.;Wed;Low;Peak;;;;
1414;197,1252;10,49437018;28.02.;Wed;Low;Standard;;;;
1415;140,7906;7,495280533;28.02.;Wed;Low;Off-Peak;;;;
1416;140,7906;7,495280533;28.02.;Wed;Low;Off-Peak;;;;
1417;140,7906;7,495280533;01.03.;Thu;Low;Off-Peak;;;;
1418;140,7906;7,495280533;01.03.;Thu;Low;Off-Peak;;;;
1419;140,7906;7,495280533;01.03.;Thu;Low;Off-Peak;;;;
1420;140,7906;7,495280533;01.03.;Thu;Low;Off-Peak;;;;
1421;140,7906;7,495280533;01.03.;Thu;Low;Off-Peak;;;;
1422;140,7906;7,495280533;01.03.;Thu;Low;Off-Peak;;;;
1423;197,1252;10,49437018;01.03.;Thu;Low;Standard;;;;
1424;350,5944;18,66462236;01.03.;Thu;Low;Peak;;;;
1425;350,5944;18,66462236;01.03.;Thu;Low;Peak;;;;
1426;197,1252;10,49437018;01.03.;Thu;Low;Standard;;;;
1427;197,1252;10,49437018;01.03.;Thu;Low;Standard;;;;
1428;197,1252;10,49437018;01.03.;Thu;Low;Standard;;;;
1429;197,1252;10,49437018;01.03.;Thu;Low;Standard;;;;
1430;197,1252;10,49437018;01.03.;Thu;Low;Standard;;;;
1431;197,1252;10,49437018;01.03.;Thu;Low;Standard;;;;
1432;197,1252;10,49437018;01.03.;Thu;Low;Standard;;;;
1433;197,1252;10,49437018;01.03.;Thu;Low;Standard;;;;
1434;197,1252;10,49437018;01.03.;Thu;Low;Standard;;;;
1435;350,5944;18,66462236;01.03.;Thu;Low;Peak;;;;
1436;350,5944;18,66462236;01.03.;Thu;Low;Peak;;;;
1437;350,5944;18,66462236;01.03.;Thu;Low;Peak;;;;
1438;197,1252;10,49437018;01.03.;Thu;Low;Standard;;;;
1439;140,7906;7,495280533;01.03.;Thu;Low;Off-Peak;;;;
1440;140,7906;7,495280533;01.03.;Thu;Low;Off-Peak;;;;
1441;140,7906;7,495280533;02.03.;Fri;Low;Off-Peak;;;;
1442;140,7906;7,495280533;02.03.;Fri;Low;Off-Peak;;;;
1443;140,7906;7,495280533;02.03.;Fri;Low;Off-Peak;;;;
1444;140,7906;7,495280533;02.03.;Fri;Low;Off-Peak;;;;
1445;140,7906;7,495280533;02.03.;Fri;Low;Off-Peak;;;;
1446;140,7906;7,495280533;02.03.;Fri;Low;Off-Peak;;;;
1447;197,1252;10,49437018;02.03.;Fri;Low;Standard;;;;
1448;350,5944;18,66462236;02.03.;Fri;Low;Peak;;;;
1449;350,5944;18,66462236;02.03.;Fri;Low;Peak;;;;
1450;197,1252;10,49437018;02.03.;Fri;Low;Standard;;;;
1451;197,1252;10,49437018;02.03.;Fri;Low;Standard;;;;
1452;197,1252;10,49437018;02.03.;Fri;Low;Standard;;;;
1453;197,1252;10,49437018;02.03.;Fri;Low;Standard;;;;
1454;197,1252;10,49437018;02.03.;Fri;Low;Standard;;;;
1455;197,1252;10,49437018;02.03.;Fri;Low;Standard;;;;
1456;197,1252;10,49437018;02.03.;Fri;Low;Standard;;;;
1457;197,1252;10,49437018;02.03.;Fri;Low;Standard;;;;
1458;197,1252;10,49437018;02.03.;Fri;Low;Standard;;;;
1459;350,5944;18,66462236;02.03.;Fri;Low;Peak;;;;
1460;350,5944;18,66462236;02.03.;Fri;Low;Peak;;;;
1461;350,5944;18,66462236;02.03.;Fri;Low;Peak;;;;
1462;197,1252;10,49437018;02.03.;Fri;Low;Standard;;;;
1463;140,7906;7,495280533;02.03.;Fri;Low;Off-Peak;;;;
1464;140,7906;7,495280533;02.03.;Fri;Low;Off-Peak;;;;
1465;140,7906;7,495280533;03.03.;Sat;Low;Off-Peak;;;;
1466;140,7906;7,495280533;03.03.;Sat;Low;Off-Peak;;;;
1467;140,7906;7,495280533;03.03.;Sat;Low;Off-Peak;;;;
1468;140,7906;7,495280533;03.03.;Sat;Low;Off-Peak;;;;
1469;140,7906;7,495280533;03.03.;Sat;Low;Off-Peak;;;;
1470;140,7906;7,495280533;03.03.;Sat;Low;Off-Peak;;;;
1471;140,7906;7,495280533;03.03.;Sat;Low;Off-Peak;;;;
1472;197,1252;10,49437018;03.03.;Sat;Low;Standard;;;;
1473;197,1252;10,49437018;03.03.;Sat;Low;Standard;;;;
1474;197,1252;10,49437018;03.03.;Sat;Low;Standard;;;;
1475;197,1252;10,49437018;03.03.;Sat;Low;Standard;;;;
1476;197,1252;10,49437018;03.03.;Sat;Low;Standard;;;;
1477;140,7906;7,495280533;03.03.;Sat;Low;Off-Peak;;;;
1478;140,7906;7,495280533;03.03.;Sat;Low;Off-Peak;;;;
1479;140,7906;7,495280533;03.03.;Sat;Low;Off-Peak;;;;
1480;140,7906;7,495280533;03.03.;Sat;Low;Off-Peak;;;;
1481;140,7906;7,495280533;03.03.;Sat;Low;Off-Peak;;;;
1482;140,7906;7,495280533;03.03.;Sat;Low;Off-Peak;;;;
1483;197,1252;10,49437018;03.03.;Sat;Low;Standard;;;;
1484;197,1252;10,49437018;03.03.;Sat;Low;Standard;;;;
1485;140,7906;7,495280533;03.03.;Sat;Low;Off-Peak;;;;
1486;140,7906;7,495280533;03.03.;Sat;Low;Off-Peak;;;;
1487;140,7906;7,495280533;03.03.;Sat;Low;Off-Peak;;;;
1488;140,7906;7,495280533;03.03.;Sat;Low;Off-Peak;;;;
1489;140,7906;7,495280533;04.03.;Sun;Low;Off-Peak;;;;
1490;140,7906;7,495280533;04.03.;Sun;Low;Off-Peak;;;;
1491;140,7906;7,495280533;04.03.;Sun;Low;Off-Peak;;;;
1492;140,7906;7,495280533;04.03.;Sun;Low;Off-Peak;;;;
1493;140,7906;7,495280533;04.03.;Sun;Low;Off-Peak;;;;
1494;140,7906;7,495280533;04.03.;Sun;Low;Off-Peak;;;;
1495;140,7906;7,495280533;04.03.;Sun;Low;Off-Peak;;;;
1496;140,7906;7,495280533;04.03.;Sun;Low;Off-Peak;;;;
1497;140,7906;7,495280533;04.03.;Sun;Low;Off-Peak;;;;
1498;140,7906;7,495280533;04.03.;Sun;Low;Off-Peak;;;;
1499;140,7906;7,495280533;04.03.;Sun;Low;Off-Peak;;;;
1500;140,7906;7,495280533;04.03.;Sun;Low;Off-Peak;;;;
1501;140,7906;7,495280533;04.03.;Sun;Low;Off-Peak;;;;
1502;140,7906;7,495280533;04.03.;Sun;Low;Off-Peak;;;;
1503;140,7906;7,495280533;04.03.;Sun;Low;Off-Peak;;;;
1504;140,7906;7,495280533;04.03.;Sun;Low;Off-Peak;;;;
1505;140,7906;7,495280533;04.03.;Sun;Low;Off-Peak;;;;
1506;140,7906;7,495280533;04.03.;Sun;Low;Off-Peak;;;;
1507;197,1252;10,49437018;04.03.;Sun;Low;Standard;;;;
1508;197,1252;10,49437018;04.03.;Sun;Low;Standard;;;;
1509;140,7906;7,495280533;04.03.;Sun;Low;Off-Peak;;;;
1510;140,7906;7,495280533;04.03.;Sun;Low;Off-Peak;;;;
1511;140,7906;7,495280533;04.03.;Sun;Low;Off-Peak;;;;
1512;140,7906;7,495280533;04.03.;Sun;Low;Off-Peak;;;;
1513;140,7906;7,495280533;05.03.;Mon;Low;Off-Peak;;;;
1514;140,7906;7,495280533;05.03.;Mon;Low;Off-Peak;;;;
1515;140,7906;7,495280533;05.03.;Mon;Low;Off-Peak;;;;
1516;140,7906;7,495280533;05.03.;Mon;Low;Off-Peak;;;;
1517;140,7906;7,495280533;05.03.;Mon;Low;Off-Peak;;;;
1518;140,7906;7,495280533;05.03.;Mon;Low;Off-Peak;;;;
1519;197,1252;10,49437018;05.03.;Mon;Low;Standard;;;;
1520;350,5944;18,66462236;05.03.;Mon;Low;Peak;;;;
1521;350,5944;18,66462236;05.03.;Mon;Low;Peak;;;;
1522;197,1252;10,49437018;05.03.;Mon;Low;Standard;;;;
1523;197,1252;10,49437018;05.03.;Mon;Low;Standard;;;;
1524;197,1252;10,49437018;05.03.;Mon;Low;Standard;;;;
1525;197,1252;10,49437018;05.03.;Mon;Low;Standard;;;;
1526;197,1252;10,49437018;05.03.;Mon;Low;Standard;;;;
1527;197,1252;10,49437018;05.03.;Mon;Low;Standard;;;;
1528;197,1252;10,49437018;05.03.;Mon;Low;Standard;;;;
1529;197,1252;10,49437018;05.03.;Mon;Low;Standard;;;;
1530;197,1252;10,49437018;05.03.;Mon;Low;Standard;;;;
1531;350,5944;18,66462236;05.03.;Mon;Low;Peak;;;;
1532;350,5944;18,66462236;05.03.;Mon;Low;Peak;;;;
1533;350,5944;18,66462236;05.03.;Mon;Low;Peak;;;;
1534;197,1252;10,49437018;05.03.;Mon;Low;Standard;;;;
1535;140,7906;7,495280533;05.03.;Mon;Low;Off-Peak;;;;
1536;140,7906;7,495280533;05.03.;Mon;Low;Off-Peak;;;;
1537;140,7906;7,495280533;06.03.;Tue;Low;Off-Peak;;;;
1538;140,7906;7,495280533;06.03.;Tue;Low;Off-Peak;;;;
1539;140,7906;7,495280533;06.03.;Tue;Low;Off-Peak;;;;
1540;140,7906;7,495280533;06.03.;Tue;Low;Off-Peak;;;;
1541;140,7906;7,495280533;06.03.;Tue;Low;Off-Peak;;;;
1542;140,7906;7,495280533;06.03.;Tue;Low;Off-Peak;;;;
1543;197,1252;10,49437018;06.03.;Tue;Low;Standard;;;;
1544;350,5944;18,66462236;06.03.;Tue;Low;Peak;;;;
1545;350,5944;18,66462236;06.03.;Tue;Low;Peak;;;;
1546;197,1252;10,49437018;06.03.;Tue;Low;Standard;;;;
1547;197,1252;10,49437018;06.03.;Tue;Low;Standard;;;;
1548;197,1252;10,49437018;06.03.;Tue;Low;Standard;;;;
1549;197,1252;10,49437018;06.03.;Tue;Low;Standard;;;;
1550;197,1252;10,49437018;06.03.;Tue;Low;Standard;;;;
1551;197,1252;10,49437018;06.03.;Tue;Low;Standard;;;;
1552;197,1252;10,49437018;06.03.;Tue;Low;Standard;;;;
1553;197,1252;10,49437018;06.03.;Tue;Low;Standard;;;;
1554;197,1252;10,49437018;06.03.;Tue;Low;Standard;;;;
1555;350,5944;18,66462236;06.03.;Tue;Low;Peak;;;;
1556;350,5944;18,66462236;06.03.;Tue;Low;Peak;;;;
1557;350,5944;18,66462236;06.03.;Tue;Low;Peak;;;;
1558;197,1252;10,49437018;06.03.;Tue;Low;Standard;;;;
1559;140,7906;7,495280533;06.03.;Tue;Low;Off-Peak;;;;
1560;140,7906;7,495280533;06.03.;Tue;Low;Off-Peak;;;;
1561;140,7906;7,495280533;07.03.;Wed;Low;Off-Peak;;;;
1562;140,7906;7,495280533;07.03.;Wed;Low;Off-Peak;;;;
1563;140,7906;7,495280533;07.03.;Wed;Low;Off-Peak;;;;
1564;140,7906;7,495280533;07.03.;Wed;Low;Off-Peak;;;;
1565;140,7906;7,495280533;07.03.;Wed;Low;Off-Peak;;;;
1566;140,7906;7,495280533;07.03.;Wed;Low;Off-Peak;;;;
1567;197,1252;10,49437018;07.03.;Wed;Low;Standard;;;;
1568;350,5944;18,66462236;07.03.;Wed;Low;Peak;;;;
1569;350,5944;18,66462236;07.03.;Wed;Low;Peak;;;;
1570;197,1252;10,49437018;07.03.;Wed;Low;Standard;;;;
1571;197,1252;10,49437018;07.03.;Wed;Low;Standard;;;;
1572;197,1252;10,49437018;07.03.;Wed;Low;Standard;;;;
1573;197,1252;10,49437018;07.03.;Wed;Low;Standard;;;;
1574;197,1252;10,49437018;07.03.;Wed;Low;Standard;;;;
1575;197,1252;10,49437018;07.03.;Wed;Low;Standard;;;;
1576;197,1252;10,49437018;07.03.;Wed;Low;Standard;;;;
1577;197,1252;10,49437018;07.03.;Wed;Low;Standard;;;;
1578;197,1252;10,49437018;07.03.;Wed;Low;Standard;;;;
1579;350,5944;18,66462236;07.03.;Wed;Low;Peak;;;;
1580;350,5944;18,66462236;07.03.;Wed;Low;Peak;;;;
1581;350,5944;18,66462236;07.03.;Wed;Low;Peak;;;;
1582;197,1252;10,49437018;07.03.;Wed;Low;Standard;;;;
1583;140,7906;7,495280533;07.03.;Wed;Low;Off-Peak;;;;
1584;140,7906;7,495280533;07.03.;Wed;Low;Off-Peak;;;;
1585;140,7906;7,495280533;08.03.;Thu;Low;Off-Peak;;;;
1586;140,7906;7,495280533;08.03.;Thu;Low;Off-Peak;;;;
1587;140,7906;7,495280533;08.03.;Thu;Low;Off-Peak;;;;
1588;140,7906;7,495280533;08.03.;Thu;Low;Off-Peak;;;;
1589;140,7906;7,495280533;08.03.;Thu;Low;Off-Peak;;;;
1590;140,7906;7,495280533;08.03.;Thu;Low;Off-Peak;;;;
1591;197,1252;10,49437018;08.03.;Thu;Low;Standard;;;;
1592;350,5944;18,66462236;08.03.;Thu;Low;Peak;;;;
1593;350,5944;18,66462236;08.03.;Thu;Low;Peak;;;;
1594;197,1252;10,49437018;08.03.;Thu;Low;Standard;;;;
1595;197,1252;10,49437018;08.03.;Thu;Low;Standard;;;;
1596;197,1252;10,49437018;08.03.;Thu;Low;Standard;;;;
1597;197,1252;10,49437018;08.03.;Thu;Low;Standard;;;;
1598;197,1252;10,49437018;08.03.;Thu;Low;Standard;;;;
1599;197,1252;10,49437018;08.03.;Thu;Low;Standard;;;;
1600;197,1252;10,49437018;08.03.;Thu;Low;Standard;;;;
1601;197,1252;10,49437018;08.03.;Thu;Low;Standard;;;;
1602;197,1252;10,49437018;08.03.;Thu;Low;Standard;;;;
1603;350,5944;18,66462236;08.03.;Thu;Low;Peak;;;;
1604;350,5944;18,66462236;08.03.;Thu;Low;Peak;;;;
1605;350,5944;18,66462236;08.03.;Thu;Low;Peak;;;;
1606;197,1252;10,49437018;08.03.;Thu;Low;Standard;;;;
1607;140,7906;7,495280533;08.03.;Thu;Low;Off-Peak;;;;
1608;140,7906;7,495280533;08.03.;Thu;Low;Off-Peak;;;;
1609;140,7906;7,495280533;09.03.;Fri;Low;Off-Peak;;;;
1610;140,7906;7,495280533;09.03.;Fri;Low;Off-Peak;;;;
1611;140,7906;7,495280533;09.03.;Fri;Low;Off-Peak;;;;
1612;140,7906;7,495280533;09.03.;Fri;Low;Off-Peak;;;;
1613;140,7906;7,495280533;09.03.;Fri;Low;Off-Peak;;;;
1614;140,7906;7,495280533;09.03.;Fri;Low;Off-Peak;;;;
1615;197,1252;10,49437018;09.03.;Fri;Low;Standard;;;;
1616;350,5944;18,66462236;09.03.;Fri;Low;Peak;;;;
1617;350,5944;18,66462236;09.03.;Fri;Low;Peak;;;;
1618;197,1252;10,49437018;09.03.;Fri;Low;Standard;;;;
1619;197,1252;10,49437018;09.03.;Fri;Low;Standard;;;;
1620;197,1252;10,49437018;09.03.;Fri;Low;Standard;;;;
1621;197,1252;10,49437018;09.03.;Fri;Low;Standard;;;;
1622;197,1252;10,49437018;09.03.;Fri;Low;Standard;;;;
1623;197,1252;10,49437018;09.03.;Fri;Low;Standard;;;;
1624;197,1252;10,49437018;09.03.;Fri;Low;Standard;;;;
1625;197,1252;10,49437018;09.03.;Fri;Low;Standard;;;;
1626;197,1252;10,49437018;09.03.;Fri;Low;Standard;;;;
1627;350,5944;18,66462236;09.03.;Fri;Low;Peak;;;;
1628;350,5944;18,66462236;09.03.;Fri;Low;Peak;;;;
1629;350,5944;18,66462236;09.03.;Fri;Low;Peak;;;;
1630;197,1252;10,49437018;09.03.;Fri;Low;Standard;;;;
1631;140,7906;7,495280533;09.03.;Fri;Low;Off-Peak;;;;
1632;140,7906;7,495280533;09.03.;Fri;Low;Off-Peak;;;;
1633;140,7906;7,495280533;10.03.;Sat;Low;Off-Peak;;;;
1634;140,7906;7,495280533;10.03.;Sat;Low;Off-Peak;;;;
1635;140,7906;7,495280533;10.03.;Sat;Low;Off-Peak;;;;
1636;140,7906;7,495280533;10.03.;Sat;Low;Off-Peak;;;;
1637;140,7906;7,495280533;10.03.;Sat;Low;Off-Peak;;;;
1638;140,7906;7,495280533;10.03.;Sat;Low;Off-Peak;;;;
1639;140,7906;7,495280533;10.03.;Sat;Low;Off-Peak;;;;
1640;197,1252;10,49437018;10.03.;Sat;Low;Standard;;;;
1641;197,1252;10,49437018;10.03.;Sat;Low;Standard;;;;
1642;197,1252;10,49437018;10.03.;Sat;Low;Standard;;;;
1643;197,1252;10,49437018;10.03.;Sat;Low;Standard;;;;
1644;197,1252;10,49437018;10.03.;Sat;Low;Standard;;;;
1645;140,7906;7,495280533;10.03.;Sat;Low;Off-Peak;;;;
1646;140,7906;7,495280533;10.03.;Sat;Low;Off-Peak;;;;
1647;140,7906;7,495280533;10.03.;Sat;Low;Off-Peak;;;;
1648;140,7906;7,495280533;10.03.;Sat;Low;Off-Peak;;;;
1649;140,7906;7,495280533;10.03.;Sat;Low;Off-Peak;;;;
1650;140,7906;7,495280533;10.03.;Sat;Low;Off-Peak;;;;
1651;197,1252;10,49437018;10.03.;Sat;Low;Standard;;;;
1652;197,1252;10,49437018;10.03.;Sat;Low;Standard;;;;
1653;140,7906;7,495280533;10.03.;Sat;Low;Off-Peak;;;;
1654;140,7906;7,495280533;10.03.;Sat;Low;Off-Peak;;;;
1655;140,7906;7,495280533;10.03.;Sat;Low;Off-Peak;;;;
1656;140,7906;7,495280533;10.03.;Sat;Low;Off-Peak;;;;
1657;140,7906;7,495280533;11.03.;Sun;Low;Off-Peak;;;;
1658;140,7906;7,495280533;11.03.;Sun;Low;Off-Peak;;;;
1659;140,7906;7,495280533;11.03.;Sun;Low;Off-Peak;;;;
1660;140,7906;7,495280533;11.03.;Sun;Low;Off-Peak;;;;
1661;140,7906;7,495280533;11.03.;Sun;Low;Off-Peak;;;;
1662;140,7906;7,495280533;11.03.;Sun;Low;Off-Peak;;;;
1663;140,7906;7,495280533;11.03.;Sun;Low;Off-Peak;;;;
1664;140,7906;7,495280533;11.03.;Sun;Low;Off-Peak;;;;
1665;140,7906;7,495280533;11.03.;Sun;Low;Off-Peak;;;;
1666;140,7906;7,495280533;11.03.;Sun;Low;Off-Peak;;;;
1667;140,7906;7,495280533;11.03.;Sun;Low;Off-Peak;;;;
1668;140,7906;7,495280533;11.03.;Sun;Low;Off-Peak;;;;
1669;140,7906;7,495280533;11.03.;Sun;Low;Off-Peak;;;;
1670;140,7906;7,495280533;11.03.;Sun;Low;Off-Peak;;;;
1671;140,7906;7,495280533;11.03.;Sun;Low;Off-Peak;;;;
1672;140,7906;7,495280533;11.03.;Sun;Low;Off-Peak;;;;
1673;140,7906;7,495280533;11.03.;Sun;Low;Off-Peak;;;;
1674;140,7906;7,495280533;11.03.;Sun;Low;Off-Peak;;;;
1675;197,1252;10,49437018;11.03.;Sun;Low;Standard;;;;
1676;197,1252;10,49437018;11.03.;Sun;Low;Standard;;;;
1677;140,7906;7,495280533;11.03.;Sun;Low;Off-Peak;;;;
1678;140,7906;7,495280533;11.03.;Sun;Low;Off-Peak;;;;
1679;140,7906;7,495280533;11.03.;Sun;Low;Off-Peak;;;;
1680;140,7906;7,495280533;11.03.;Sun;Low;Off-Peak;;;;
1681;140,7906;7,495280533;12.03.;Mon;Low;Off-Peak;;;;
1682;140,7906;7,495280533;12.03.;Mon;Low;Off-Peak;;;;
1683;140,7906;7,495280533;12.03.;Mon;Low;Off-Peak;;;;
1684;140,7906;7,495280533;12.03.;Mon;Low;Off-Peak;;;;
1685;140,7906;7,495280533;12.03.;Mon;Low;Off-Peak;;;;
1686;140,7906;7,495280533;12.03.;Mon;Low;Off-Peak;;;;
1687;197,1252;10,49437018;12.03.;Mon;Low;Standard;;;;
1688;350,5944;18,66462236;12.03.;Mon;Low;Peak;;;;
1689;350,5944;18,66462236;12.03.;Mon;Low;Peak;;;;
1690;197,1252;10,49437018;12.03.;Mon;Low;Standard;;;;
1691;197,1252;10,49437018;12.03.;Mon;Low;Standard;;;;
1692;197,1252;10,49437018;12.03.;Mon;Low;Standard;;;;
1693;197,1252;10,49437018;12.03.;Mon;Low;Standard;;;;
1694;197,1252;10,49437018;12.03.;Mon;Low;Standard;;;;
1695;197,1252;10,49437018;12.03.;Mon;Low;Standard;;;;
1696;197,1252;10,49437018;12.03.;Mon;Low;Standard;;;;
1697;197,1252;10,49437018;12.03.;Mon;Low;Standard;;;;
1698;197,1252;10,49437018;12.03.;Mon;Low;Standard;;;;
1699;350,5944;18,66462236;12.03.;Mon;Low;Peak;;;;
1700;350,5944;18,66462236;12.03.;Mon;Low;Peak;;;;
1701;350,5944;18,66462236;12.03.;Mon;Low;Peak;;;;
1702;197,1252;10,49437018;12.03.;Mon;Low;Standard;;;;
1703;140,7906;7,495280533;12.03.;Mon;Low;Off-Peak;;;;
1704;140,7906;7,495280533;12.03.;Mon;Low;Off-Peak;;;;
1705;140,7906;7,495280533;13.03.;Tue;Low;Off-Peak;;;;
1706;140,7906;7,495280533;13.03.;Tue;Low;Off-Peak;;;;
1707;140,7906;7,495280533;13.03.;Tue;Low;Off-Peak;;;;
1708;140,7906;7,495280533;13.03.;Tue;Low;Off-Peak;;;;
1709;140,7906;7,495280533;13.03.;Tue;Low;Off-Peak;;;;
1710;140,7906;7,495280533;13.03.;Tue;Low;Off-Peak;;;;
1711;197,1252;10,49437018;13.03.;Tue;Low;Standard;;;;
1712;350,5944;18,66462236;13.03.;Tue;Low;Peak;;;;
1713;350,5944;18,66462236;13.03.;Tue;Low;Peak;;;;
1714;197,1252;10,49437018;13.03.;Tue;Low;Standard;;;;
1715;197,1252;10,49437018;13.03.;Tue;Low;Standard;;;;
1716;197,1252;10,49437018;13.03.;Tue;Low;Standard;;;;
1717;197,1252;10,49437018;13.03.;Tue;Low;Standard;;;;
1718;197,1252;10,49437018;13.03.;Tue;Low;Standard;;;;
1719;197,1252;10,49437018;13.03.;Tue;Low;Standard;;;;
1720;197,1252;10,49437018;13.03.;Tue;Low;Standard;;;;
1721;197,1252;10,49437018;13.03.;Tue;Low;Standard;;;;
1722;197,1252;10,49437018;13.03.;Tue;Low;Standard;;;;
1723;350,5944;18,66462236;13.03.;Tue;Low;Peak;;;;
1724;350,5944;18,66462236;13.03.;Tue;Low;Peak;;;;
1725;350,5944;18,66462236;13.03.;Tue;Low;Peak;;;;
1726;197,1252;10,49437018;13.03.;Tue;Low;Standard;;;;
1727;140,7906;7,495280533;13.03.;Tue;Low;Off-Peak;;;;
1728;140,7906;7,495280533;13.03.;Tue;Low;Off-Peak;;;;
1729;140,7906;7,495280533;14.03.;Wed;Low;Off-Peak;;;;
1730;140,7906;7,495280533;14.03.;Wed;Low;Off-Peak;;;;
1731;140,7906;7,495280533;14.03.;Wed;Low;Off-Peak;;;;
1732;140,7906;7,495280533;14.03.;Wed;Low;Off-Peak;;;;
1733;140,7906;7,495280533;14.03.;Wed;Low;Off-Peak;;;;
1734;140,7906;7,495280533;14.03.;Wed;Low;Off-Peak;;;;
1735;197,1252;10,49437018;14.03.;Wed;Low;Standard;;;;
1736;350,5944;18,66462236;14.03.;Wed;Low;Peak;;;;
1737;350,5944;18,66462236;14.03.;Wed;Low;Peak;;;;
1738;197,1252;10,49437018;14.03.;Wed;Low;Standard;;;;
1739;197,1252;10,49437018;14.03.;Wed;Low;Standard;;;;
1740;197,1252;10,49437018;14.03.;Wed;Low;Standard;;;;
1741;197,1252;10,49437018;14.03.;Wed;Low;Standard;;;;
1742;197,1252;10,49437018;14.03.;Wed;Low;Standard;;;;
1743;197,1252;10,49437018;14.03.;Wed;Low;Standard;;;;
1744;197,1252;10,49437018;14.03.;Wed;Low;Standard;;;;
1745;197,1252;10,49437018;14.03.;Wed;Low;Standard;;;;
1746;197,1252;10,49437018;14.03.;Wed;Low;Standard;;;;
1747;350,5944;18,66462236;14.03.;Wed;Low;Peak;;;;
1748;350,5944;18,66462236;14.03.;Wed;Low;Peak;;;;
1749;350,5944;18,66462236;14.03.;Wed;Low;Peak;;;;
1750;197,1252;10,49437018;14.03.;Wed;Low;Standard;;;;
1751;140,7906;7,495280533;14.03.;Wed;Low;Off-Peak;;;;
1752;140,7906;7,495280533;14.03.;Wed;Low;Off-Peak;;;;
1753;140,7906;7,495280533;15.03.;Thu;Low;Off-Peak;;;;
1754;140,7906;7,495280533;15.03.;Thu;Low;Off-Peak;;;;
1755;140,7906;7,495280533;15.03.;Thu;Low;Off-Peak;;;;
1756;140,7906;7,495280533;15.03.;Thu;Low;Off-Peak;;;;
1757;140,7906;7,495280533;15.03.;Thu;Low;Off-Peak;;;;
1758;140,7906;7,495280533;15.03.;Thu;Low;Off-Peak;;;;
1759;197,1252;10,49437018;15.03.;Thu;Low;Standard;;;;
1760;350,5944;18,66462236;15.03.;Thu;Low;Peak;;;;
1761;350,5944;18,66462236;15.03.;Thu;Low;Peak;;;;
1762;197,1252;10,49437018;15.03.;Thu;Low;Standard;;;;
1763;197,1252;10,49437018;15.03.;Thu;Low;Standard;;;;
1764;197,1252;10,49437018;15.03.;Thu;Low;Standard;;;;
1765;197,1252;10,49437018;15.03.;Thu;Low;Standard;;;;
1766;197,1252;10,49437018;15.03.;Thu;Low;Standard;;;;
1767;197,1252;10,49437018;15.03.;Thu;Low;Standard;;;;
1768;197,1252;10,49437018;15.03.;Thu;Low;Standard;;;;
1769;197,1252;10,49437018;15.03.;Thu;Low;Standard;;;;
1770;197,1252;10,49437018;15.03.;Thu;Low;Standard;;;;
1771;350,5944;18,66462236;15.03.;Thu;Low;Peak;;;;
1772;350,5944;18,66462236;15.03.;Thu;Low;Peak;;;;
1773;350,5944;18,66462236;15.03.;Thu;Low;Peak;;;;
1774;197,1252;10,49437018;15.03.;Thu;Low;Standard;;;;
1775;140,7906;7,495280533;15.03.;Thu;Low;Off-Peak;;;;
1776;140,7906;7,495280533;15.03.;Thu;Low;Off-Peak;;;;
1777;140,7906;7,495280533;16.03.;Fri;Low;Off-Peak;;;;
1778;140,7906;7,495280533;16.03.;Fri;Low;Off-Peak;;;;
1779;140,7906;7,495280533;16.03.;Fri;Low;Off-Peak;;;;
1780;140,7906;7,495280533;16.03.;Fri;Low;Off-Peak;;;;
1781;140,7906;7,495280533;16.03.;Fri;Low;Off-Peak;;;;
1782;140,7906;7,495280533;16.03.;Fri;Low;Off-Peak;;;;
1783;197,1252;10,49437018;16.03.;Fri;Low;Standard;;;;
1784;350,5944;18,66462236;16.03.;Fri;Low;Peak;;;;
1785;350,5944;18,66462236;16.03.;Fri;Low;Peak;;;;
1786;197,1252;10,49437018;16.03.;Fri;Low;Standard;;;;
1787;197,1252;10,49437018;16.03.;Fri;Low;Standard;;;;
1788;197,1252;10,49437018;16.03.;Fri;Low;Standard;;;;
1789;197,1252;10,49437018;16.03.;Fri;Low;Standard;;;;
1790;197,1252;10,49437018;16.03.;Fri;Low;Standard;;;;
1791;197,1252;10,49437018;16.03.;Fri;Low;Standard;;;;
1792;197,1252;10,49437018;16.03.;Fri;Low;Standard;;;;
1793;197,1252;10,49437018;16.03.;Fri;Low;Standard;;;;
1794;197,1252;10,49437018;16.03.;Fri;Low;Standard;;;;
1795;350,5944;18,66462236;16.03.;Fri;Low;Peak;;;;
1796;350,5944;18,66462236;16.03.;Fri;Low;Peak;;;;
1797;350,5944;18,66462236;16.03.;Fri;Low;Peak;;;;
1798;197,1252;10,49437018;16.03.;Fri;Low;Standard;;;;
1799;140,7906;7,495280533;16.03.;Fri;Low;Off-Peak;;;;
1800;140,7906;7,495280533;16.03.;Fri;Low;Off-Peak;;;;
1801;140,7906;7,495280533;17.03.;Sat;Low;Off-Peak;;;;
1802;140,7906;7,495280533;17.03.;Sat;Low;Off-Peak;;;;
1803;140,7906;7,495280533;17.03.;Sat;Low;Off-Peak;;;;
1804;140,7906;7,495280533;17.03.;Sat;Low;Off-Peak;;;;
1805;140,7906;7,495280533;17.03.;Sat;Low;Off-Peak;;;;
1806;140,7906;7,495280533;17.03.;Sat;Low;Off-Peak;;;;
1807;140,7906;7,495280533;17.03.;Sat;Low;Off-Peak;;;;
1808;197,1252;10,49437018;17.03.;Sat;Low;Standard;;;;
1809;197,1252;10,49437018;17.03.;Sat;Low;Standard;;;;
1810;197,1252;10,49437018;17.03.;Sat;Low;Standard;;;;
1811;197,1252;10,49437018;17.03.;Sat;Low;Standard;;;;
1812;197,1252;10,49437018;17.03.;Sat;Low;Standard;;;;
1813;140,7906;7,495280533;17.03.;Sat;Low;Off-Peak;;;;
1814;140,7906;7,495280533;17.03.;Sat;Low;Off-Peak;;;;
1815;140,7906;7,495280533;17.03.;Sat;Low;Off-Peak;;;;
1816;140,7906;7,495280533;17.03.;Sat;Low;Off-Peak;;;;
1817;140,7906;7,495280533;17.03.;Sat;Low;Off-Peak;;;;
1818;140,7906;7,495280533;17.03.;Sat;Low;Off-Peak;;;;
1819;197,1252;10,49437018;17.03.;Sat;Low;Standard;;;;
1820;197,1252;10,49437018;17.03.;Sat;Low;Standard;;;;
1821;140,7906;7,495280533;17.03.;Sat;Low;Off-Peak;;;;
1822;140,7906;7,495280533;17.03.;Sat;Low;Off-Peak;;;;
1823;140,7906;7,495280533;17.03.;Sat;Low;Off-Peak;;;;
1824;140,7906;7,495280533;17.03.;Sat;Low;Off-Peak;;;;
1825;140,7906;7,495280533;18.03.;Sun;Low;Off-Peak;;;;
1826;140,7906;7,495280533;18.03.;Sun;Low;Off-Peak;;;;
1827;140,7906;7,495280533;18.03.;Sun;Low;Off-Peak;;;;
1828;140,7906;7,495280533;18.03.;Sun;Low;Off-Peak;;;;
1829;140,7906;7,495280533;18.03.;Sun;Low;Off-Peak;;;;
1830;140,7906;7,495280533;18.03.;Sun;Low;Off-Peak;;;;
1831;140,7906;7,495280533;18.03.;Sun;Low;Off-Peak;;;;
1832;140,7906;7,495280533;18.03.;Sun;Low;Off-Peak;;;;
1833;140,7906;7,495280533;18.03.;Sun;Low;Off-Peak;;;;
1834;140,7906;7,495280533;18.03.;Sun;Low;Off-Peak;;;;
1835;140,7906;7,495280533;18.03.;Sun;Low;Off-Peak;;;;
1836;140,7906;7,495280533;18.03.;Sun;Low;Off-Peak;;;;
1837;140,7906;7,495280533;18.03.;Sun;Low;Off-Peak;;;;
1838;140,7906;7,495280533;18.03.;Sun;Low;Off-Peak;;;;
1839;140,7906;7,495280533;18.03.;Sun;Low;Off-Peak;;;;
1840;140,7906;7,495280533;18.03.;Sun;Low;Off-Peak;;;;
1841;140,7906;7,495280533;18.03.;Sun;Low;Off-Peak;;;;
1842;140,7906;7,495280533;18.03.;Sun;Low;Off-Peak;;;;
1843;197,1252;10,49437018;18.03.;Sun;Low;Standard;;;;
1844;197,1252;10,49437018;18.03.;Sun;Low;Standard;;;;
1845;140,7906;7,495280533;18.03.;Sun;Low;Off-Peak;;;;
1846;140,7906;7,495280533;18.03.;Sun;Low;Off-Peak;;;;
1847;140,7906;7,495280533;18.03.;Sun;Low;Off-Peak;;;;
1848;140,7906;7,495280533;18.03.;Sun;Low;Off-Peak;;;;
1849;140,7906;7,495280533;19.03.;Mon;Low;Off-Peak;;;;
1850;140,7906;7,495280533;19.03.;Mon;Low;Off-Peak;;;;
1851;140,7906;7,495280533;19.03.;Mon;Low;Off-Peak;;;;
1852;140,7906;7,495280533;19.03.;Mon;Low;Off-Peak;;;;
1853;140,7906;7,495280533;19.03.;Mon;Low;Off-Peak;;;;
1854;140,7906;7,495280533;19.03.;Mon;Low;Off-Peak;;;;
1855;197,1252;10,49437018;19.03.;Mon;Low;Standard;;;;
1856;350,5944;18,66462236;19.03.;Mon;Low;Peak;;;;
1857;350,5944;18,66462236;19.03.;Mon;Low;Peak;;;;
1858;197,1252;10,49437018;19.03.;Mon;Low;Standard;;;;
1859;197,1252;10,49437018;19.03.;Mon;Low;Standard;;;;
1860;197,1252;10,49437018;19.03.;Mon;Low;Standard;;;;
1861;197,1252;10,49437018;19.03.;Mon;Low;Standard;;;;
1862;197,1252;10,49437018;19.03.;Mon;Low;Standard;;;;
1863;197,1252;10,49437018;19.03.;Mon;Low;Standard;;;;
1864;197,1252;10,49437018;19.03.;Mon;Low;Standard;;;;
1865;197,1252;10,49437018;19.03.;Mon;Low;Standard;;;;
1866;197,1252;10,49437018;19.03.;Mon;Low;Standard;;;;
1867;350,5944;18,66462236;19.03.;Mon;Low;Peak;;;;
1868;350,5944;18,66462236;19.03.;Mon;Low;Peak;;;;
1869;350,5944;18,66462236;19.03.;Mon;Low;Peak;;;;
1870;197,1252;10,49437018;19.03.;Mon;Low;Standard;;;;
1871;140,7906;7,495280533;19.03.;Mon;Low;Off-Peak;;;;
1872;140,7906;7,495280533;19.03.;Mon;Low;Off-Peak;;;;
1873;140,7906;7,495280533;20.03.;Tue;Low;Off-Peak;;;;
1874;140,7906;7,495280533;20.03.;Tue;Low;Off-Peak;;;;
1875;140,7906;7,495280533;20.03.;Tue;Low;Off-Peak;;;;
1876;140,7906;7,495280533;20.03.;Tue;Low;Off-Peak;;;;
1877;140,7906;7,495280533;20.03.;Tue;Low;Off-Peak;;;;
1878;140,7906;7,495280533;20.03.;Tue;Low;Off-Peak;;;;
1879;197,1252;10,49437018;20.03.;Tue;Low;Standard;;;;
1880;350,5944;18,66462236;20.03.;Tue;Low;Peak;;;;
1881;350,5944;18,66462236;20.03.;Tue;Low;Peak;;;;
1882;197,1252;10,49437018;20.03.;Tue;Low;Standard;;;;
1883;197,1252;10,49437018;20.03.;Tue;Low;Standard;;;;
1884;197,1252;10,49437018;20.03.;Tue;Low;Standard;;;;
1885;197,1252;10,49437018;20.03.;Tue;Low;Standard;;;;
1886;197,1252;10,49437018;20.03.;Tue;Low;Standard;;;;
1887;197,1252;10,49437018;20.03.;Tue;Low;Standard;;;;
1888;197,1252;10,49437018;20.03.;Tue;Low;Standard;;;;
1889;197,1252;10,49437018;20.03.;Tue;Low;Standard;;;;
1890;197,1252;10,49437018;20.03.;Tue;Low;Standard;;;;
1891;350,5944;18,66462236;20.03.;Tue;Low;Peak;;;;
1892;350,5944;18,66462236;20.03.;Tue;Low;Peak;;;;
1893;350,5944;18,66462236;20.03.;Tue;Low;Peak;;;;
1894;197,1252;10,49437018;20.03.;Tue;Low;Standard;;;;
1895;140,7906;7,495280533;20.03.;Tue;Low;Off-Peak;;;;
1896;140,7906;7,495280533;20.03.;Tue;Low;Off-Peak;;;;
1897;140,7906;7,495280533;21.03.;Wed;Low;Off-Peak;;;;
1898;140,7906;7,495280533;21.03.;Wed;Low;Off-Peak;;;;
1899;140,7906;7,495280533;21.03.;Wed;Low;Off-Peak;;;;
1900;140,7906;7,495280533;21.03.;Wed;Low;Off-Peak;;;;
1901;140,7906;7,495280533;21.03.;Wed;Low;Off-Peak;;;;
1902;140,7906;7,495280533;21.03.;Wed;Low;Off-Peak;;;;
1903;197,1252;10,49437018;21.03.;Wed;Low;Standard;;;;
1904;350,5944;18,66462236;21.03.;Wed;Low;Peak;;;;
1905;350,5944;18,66462236;21.03.;Wed;Low;Peak;;;;
1906;197,1252;10,49437018;21.03.;Wed;Low;Standard;;;;
1907;197,1252;10,49437018;21.03.;Wed;Low;Standard;;;;
1908;197,1252;10,49437018;21.03.;Wed;Low;Standard;;;;
1909;197,1252;10,49437018;21.03.;Wed;Low;Standard;;;;
1910;197,1252;10,49437018;21.03.;Wed;Low;Standard;;;;
1911;197,1252;10,49437018;21.03.;Wed;Low;Standard;;;;
1912;197,1252;10,49437018;21.03.;Wed;Low;Standard;;;;
1913;197,1252;10,49437018;21.03.;Wed;Low;Standard;;;;
1914;197,1252;10,49437018;21.03.;Wed;Low;Standard;;;;
1915;350,5944;18,66462236;21.03.;Wed;Low;Peak;;;;
1916;350,5944;18,66462236;21.03.;Wed;Low;Peak;;;;
1917;350,5944;18,66462236;21.03.;Wed;Low;Peak;;;;
1918;197,1252;10,49437018;21.03.;Wed;Low;Standard;;;;
1919;140,7906;7,495280533;21.03.;Wed;Low;Off-Peak;;;;
1920;140,7906;7,495280533;21.03.;Wed;Low;Off-Peak;;;;
1921;140,7906;7,495280533;22.03.;Thu;Low;Off-Peak;;;;
1922;140,7906;7,495280533;22.03.;Thu;Low;Off-Peak;;;;
1923;140,7906;7,495280533;22.03.;Thu;Low;Off-Peak;;;;
1924;140,7906;7,495280533;22.03.;Thu;Low;Off-Peak;;;;
1925;140,7906;7,495280533;22.03.;Thu;Low;Off-Peak;;;;
1926;140,7906;7,495280533;22.03.;Thu;Low;Off-Peak;;;;
1927;197,1252;10,49437018;22.03.;Thu;Low;Standard;;;;
1928;350,5944;18,66462236;22.03.;Thu;Low;Peak;;;;
1929;350,5944;18,66462236;22.03.;Thu;Low;Peak;;;;
1930;197,1252;10,49437018;22.03.;Thu;Low;Standard;;;;
1931;197,1252;10,49437018;22.03.;Thu;Low;Standard;;;;
1932;197,1252;10,49437018;22.03.;Thu;Low;Standard;;;;
1933;197,1252;10,49437018;22.03.;Thu;Low;Standard;;;;
1934;197,1252;10,49437018;22.03.;Thu;Low;Standard;;;;
1935;197,1252;10,49437018;22.03.;Thu;Low;Standard;;;;
1936;197,1252;10,49437018;22.03.;Thu;Low;Standard;;;;
1937;197,1252;10,49437018;22.03.;Thu;Low;Standard;;;;
1938;197,1252;10,49437018;22.03.;Thu;Low;Standard;;;;
1939;350,5944;18,66462236;22.03.;Thu;Low;Peak;;;;
1940;350,5944;18,66462236;22.03.;Thu;Low;Peak;;;;
1941;350,5944;18,66462236;22.03.;Thu;Low;Peak;;;;
1942;197,1252;10,49437018;22.03.;Thu;Low;Standard;;;;
1943;140,7906;7,495280533;22.03.;Thu;Low;Off-Peak;;;;
1944;140,7906;7,495280533;22.03.;Thu;Low;Off-Peak;;;;
1945;140,7906;7,495280533;23.03.;Fri;Low;Off-Peak;;;;
1946;140,7906;7,495280533;23.03.;Fri;Low;Off-Peak;;;;
1947;140,7906;7,495280533;23.03.;Fri;Low;Off-Peak;;;;
1948;140,7906;7,495280533;23.03.;Fri;Low;Off-Peak;;;;
1949;140,7906;7,495280533;23.03.;Fri;Low;Off-Peak;;;;
1950;140,7906;7,495280533;23.03.;Fri;Low;Off-Peak;;;;
1951;197,1252;10,49437018;23.03.;Fri;Low;Standard;;;;
1952;350,5944;18,66462236;23.03.;Fri;Low;Peak;;;;
1953;350,5944;18,66462236;23.03.;Fri;Low;Peak;;;;
1954;197,1252;10,49437018;23.03.;Fri;Low;Standard;;;;
1955;197,1252;10,49437018;23.03.;Fri;Low;Standard;;;;
1956;197,1252;10,49437018;23.03.;Fri;Low;Standard;;;;
1957;197,1252;10,49437018;23.03.;Fri;Low;Standard;;;;
1958;197,1252;10,49437018;23.03.;Fri;Low;Standard;;;;
1959;197,1252;10,49437018;23.03.;Fri;Low;Standard;;;;
1960;197,1252;10,49437018;23.03.;Fri;Low;Standard;;;;
1961;197,1252;10,49437018;23.03.;Fri;Low;Standard;;;;
1962;197,1252;10,49437018;23.03.;Fri;Low;Standard;;;;
1963;350,5944;18,66462236;23.03.;Fri;Low;Peak;;;;
1964;350,5944;18,66462236;23.03.;Fri;Low;Peak;;;;
1965;350,5944;18,66462236;23.03.;Fri;Low;Peak;;;;
1966;197,1252;10,49437018;23.03.;Fri;Low;Standard;;;;
1967;140,7906;7,495280533;23.03.;Fri;Low;Off-Peak;;;;
1968;140,7906;7,495280533;23.03.;Fri;Low;Off-Peak;;;;
1969;140,7906;7,495280533;24.03.;Sat;Low;Off-Peak;;;;
1970;140,7906;7,495280533;24.03.;Sat;Low;Off-Peak;;;;
1971;140,7906;7,495280533;24.03.;Sat;Low;Off-Peak;;;;
1972;140,7906;7,495280533;24.03.;Sat;Low;Off-Peak;;;;
1973;140,7906;7,495280533;24.03.;Sat;Low;Off-Peak;;;;
1974;140,7906;7,495280533;24.03.;Sat;Low;Off-Peak;;;;
1975;140,7906;7,495280533;24.03.;Sat;Low;Off-Peak;;;;
1976;197,1252;10,49437018;24.03.;Sat;Low;Standard;;;;
1977;197,1252;10,49437018;24.03.;Sat;Low;Standard;;;;
1978;197,1252;10,49437018;24.03.;Sat;Low;Standard;;;;
1979;197,1252;10,49437018;24.03.;Sat;Low;Standard;;;;
1980;197,1252;10,49437018;24.03.;Sat;Low;Standard;;;;
1981;140,7906;7,495280533;24.03.;Sat;Low;Off-Peak;;;;
1982;140,7906;7,495280533;24.03.;Sat;Low;Off-Peak;;;;
1983;140,7906;7,495280533;24.03.;Sat;Low;Off-Peak;;;;
1984;140,7906;7,495280533;24.03.;Sat;Low;Off-Peak;;;;
1985;140,7906;7,495280533;24.03.;Sat;Low;Off-Peak;;;;
1986;140,7906;7,495280533;24.03.;Sat;Low;Off-Peak;;;;
1987;197,1252;10,49437018;24.03.;Sat;Low;Standard;;;;
1988;197,1252;10,49437018;24.03.;Sat;Low;Standard;;;;
1989;140,7906;7,495280533;24.03.;Sat;Low;Off-Peak;;;;
1990;140,7906;7,495280533;24.03.;Sat;Low;Off-Peak;;;;
1991;140,7906;7,495280533;24.03.;Sat;Low;Off-Peak;;;;
1992;140,7906;7,495280533;24.03.;Sat;Low;Off-Peak;;;;
1993;140,7906;7,495280533;25.03.;Sun;Low;Off-Peak;;;;
1994;140,7906;7,495280533;25.03.;Sun;Low;Off-Peak;;;;
1995;140,7906;7,495280533;25.03.;Sun;Low;Off-Peak;;;;
1996;140,7906;7,495280533;25.03.;Sun;Low;Off-Peak;;;;
1997;140,7906;7,495280533;25.03.;Sun;Low;Off-Peak;;;;
1998;140,7906;7,495280533;25.03.;Sun;Low;Off-Peak;;;;
1999;140,7906;7,495280533;25.03.;Sun;Low;Off-Peak;;;;
2000;140,7906;7,495280533;25.03.;Sun;Low;Off-Peak;;;;
2001;140,7906;7,495280533;25.03.;Sun;Low;Off-Peak;;;;
2002;140,7906;7,495280533;25.03.;Sun;Low;Off-Peak;;;;
2003;140,7906;7,495280533;25.03.;Sun;Low;Off-Peak;;;;
2004;140,7906;7,495280533;25.03.;Sun;Low;Off-Peak;;;;
2005;140,7906;7,495280533;25.03.;Sun;Low;Off-Peak;;;;
2006;140,7906;7,495280533;25.03.;Sun;Low;Off-Peak;;;;
2007;140,7906;7,495280533;25.03.;Sun;Low;Off-Peak;;;;
2008;140,7906;7,495280533;25.03.;Sun;Low;Off-Peak;;;;
2009;140,7906;7,495280533;25.03.;Sun;Low;Off-Peak;;;;
2010;140,7906;7,495280533;25.03.;Sun;Low;Off-Peak;;;;
2011;197,1252;10,49437018;25.03.;Sun;Low;Standard;;;;
2012;197,1252;10,49437018;25.03.;Sun;Low;Standard;;;;
2013;140,7906;7,495280533;25.03.;Sun;Low;Off-Peak;;;;
2014;140,7906;7,495280533;25.03.;Sun;Low;Off-Peak;;;;
2015;140,7906;7,495280533;25.03.;Sun;Low;Off-Peak;;;;
2016;140,7906;7,495280533;25.03.;Sun;Low;Off-Peak;;;;
2017;140,7906;7,495280533;26.03.;Mon;Low;Off-Peak;;;;
2018;140,7906;7,495280533;26.03.;Mon;Low;Off-Peak;;;;
2019;140,7906;7,495280533;26.03.;Mon;Low;Off-Peak;;;;
2020;140,7906;7,495280533;26.03.;Mon;Low;Off-Peak;;;;
2021;140,7906;7,495280533;26.03.;Mon;Low;Off-Peak;;;;
2022;140,7906;7,495280533;26.03.;Mon;Low;Off-Peak;;;;
2023;197,1252;10,49437018;26.03.;Mon;Low;Standard;;;;
2024;350,5944;18,66462236;26.03.;Mon;Low;Peak;;;;
2025;350,5944;18,66462236;26.03.;Mon;Low;Peak;;;;
2026;197,1252;10,49437018;26.03.;Mon;Low;Standard;;;;
2027;197,1252;10,49437018;26.03.;Mon;Low;Standard;;;;
2028;197,1252;10,49437018;26.03.;Mon;Low;Standard;;;;
2029;197,1252;10,49437018;26.03.;Mon;Low;Standard;;;;
2030;197,1252;10,49437018;26.03.;Mon;Low;Standard;;;;
2031;197,1252;10,49437018;26.03.;Mon;Low;Standard;;;;
2032;197,1252;10,49437018;26.03.;Mon;Low;Standard;;;;
2033;197,1252;10,49437018;26.03.;Mon;Low;Standard;;;;
2034;197,1252;10,49437018;26.03.;Mon;Low;Standard;;;;
2035;350,5944;18,66462236;26.03.;Mon;Low;Peak;;;;
2036;350,5944;18,66462236;26.03.;Mon;Low;Peak;;;;
2037;350,5944;18,66462236;26.03.;Mon;Low;Peak;;;;
2038;197,1252;10,49437018;26.03.;Mon;Low;Standard;;;;
2039;140,7906;7,495280533;26.03.;Mon;Low;Off-Peak;;;;
2040;140,7906;7,495280533;26.03.;Mon;Low;Off-Peak;;;;
2041;140,7906;7,495280533;27.03.;Tue;Low;Off-Peak;;;;
2042;140,7906;7,495280533;27.03.;Tue;Low;Off-Peak;;;;
2043;140,7906;7,495280533;27.03.;Tue;Low;Off-Peak;;;;
2044;140,7906;7,495280533;27.03.;Tue;Low;Off-Peak;;;;
2045;140,7906;7,495280533;27.03.;Tue;Low;Off-Peak;;;;
2046;140,7906;7,495280533;27.03.;Tue;Low;Off-Peak;;;;
2047;197,1252;10,49437018;27.03.;Tue;Low;Standard;;;;
2048;350,5944;18,66462236;27.03.;Tue;Low;Peak;;;;
2049;350,5944;18,66462236;27.03.;Tue;Low;Peak;;;;
2050;197,1252;10,49437018;27.03.;Tue;Low;Standard;;;;
2051;197,1252;10,49437018;27.03.;Tue;Low;Standard;;;;
2052;197,1252;10,49437018;27.03.;Tue;Low;Standard;;;;
2053;197,1252;10,49437018;27.03.;Tue;Low;Standard;;;;
2054;197,1252;10,49437018;27.03.;Tue;Low;Standard;;;;
2055;197,1252;10,49437018;27.03.;Tue;Low;Standard;;;;
2056;197,1252;10,49437018;27.03.;Tue;Low;Standard;;;;
2057;197,1252;10,49437018;27.03.;Tue;Low;Standard;;;;
2058;197,1252;10,49437018;27.03.;Tue;Low;Standard;;;;
2059;350,5944;18,66462236;27.03.;Tue;Low;Peak;;;;
2060;350,5944;18,66462236;27.03.;Tue;Low;Peak;;;;
2061;350,5944;18,66462236;27.03.;Tue;Low;Peak;;;;
2062;197,1252;10,49437018;27.03.;Tue;Low;Standard;;;;
2063;140,7906;7,495280533;27.03.;Tue;Low;Off-Peak;;;;
2064;140,7906;7,495280533;27.03.;Tue;Low;Off-Peak;;;;
2065;140,7906;7,495280533;28.03.;Wed;Low;Off-Peak;;;;
2066;140,7906;7,495280533;28.03.;Wed;Low;Off-Peak;;;;
2067;140,7906;7,495280533;28.03.;Wed;Low;Off-Peak;;;;
2068;140,7906;7,495280533;28.03.;Wed;Low;Off-Peak;;;;
2069;140,7906;7,495280533;28.03.;Wed;Low;Off-Peak;;;;
2070;140,7906;7,495280533;28.03.;Wed;Low;Off-Peak;;;;
2071;197,1252;10,49437018;28.03.;Wed;Low;Standard;;;;
2072;350,5944;18,66462236;28.03.;Wed;Low;Peak;;;;
2073;350,5944;18,66462236;28.03.;Wed;Low;Peak;;;;
2074;197,1252;10,49437018;28.03.;Wed;Low;Standard;;;;
2075;197,1252;10,49437018;28.03.;Wed;Low;Standard;;;;
2076;197,1252;10,49437018;28.03.;Wed;Low;Standard;;;;
2077;197,1252;10,49437018;28.03.;Wed;Low;Standard;;;;
2078;197,1252;10,49437018;28.03.;Wed;Low;Standard;;;;
2079;197,1252;10,49437018;28.03.;Wed;Low;Standard;;;;
2080;197,1252;10,49437018;28.03.;Wed;Low;Standard;;;;
2081;197,1252;10,49437018;28.03.;Wed;Low;Standard;;;;
2082;197,1252;10,49437018;28.03.;Wed;Low;Standard;;;;
2083;350,5944;18,66462236;28.03.;Wed;Low;Peak;;;;
2084;350,5944;18,66462236;28.03.;Wed;Low;Peak;;;;
2085;350,5944;18,66462236;28.03.;Wed;Low;Peak;;;;
2086;197,1252;10,49437018;28.03.;Wed;Low;Standard;;;;
2087;140,7906;7,495280533;28.03.;Wed;Low;Off-Peak;;;;
2088;140,7906;7,495280533;28.03.;Wed;Low;Off-Peak;;;;
2089;140,7906;7,495280533;29.03.;Thu;Low;Off-Peak;;;;
2090;140,7906;7,495280533;29.03.;Thu;Low;Off-Peak;;;;
2091;140,7906;7,495280533;29.03.;Thu;Low;Off-Peak;;;;
2092;140,7906;7,495280533;29.03.;Thu;Low;Off-Peak;;;;
2093;140,7906;7,495280533;29.03.;Thu;Low;Off-Peak;;;;
2094;140,7906;7,495280533;29.03.;Thu;Low;Off-Peak;;;;
2095;197,1252;10,49437018;29.03.;Thu;Low;Standard;;;;
2096;350,5944;18,66462236;29.03.;Thu;Low;Peak;;;;
2097;350,5944;18,66462236;29.03.;Thu;Low;Peak;;;;
2098;197,1252;10,49437018;29.03.;Thu;Low;Standard;;;;
2099;197,1252;10,49437018;29.03.;Thu;Low;Standard;;;;
2100;197,1252;10,49437018;29.03.;Thu;Low;Standard;;;;
2101;197,1252;10,49437018;29.03.;Thu;Low;Standard;;;;
2102;197,1252;10,49437018;29.03.;Thu;Low;Standard;;;;
2103;197,1252;10,49437018;29.03.;Thu;Low;Standard;;;;
2104;197,1252;10,49437018;29.03.;Thu;Low;Standard;;;;
2105;197,1252;10,49437018;29.03.;Thu;Low;Standard;;;;
2106;197,1252;10,49437018;29.03.;Thu;Low;Standard;;;;
2107;350,5944;18,66462236;29.03.;Thu;Low;Peak;;;;
2108;350,5944;18,66462236;29.03.;Thu;Low;Peak;;;;
2109;350,5944;18,66462236;29.03.;Thu;Low;Peak;;;;
2110;197,1252;10,49437018;29.03.;Thu;Low;Standard;;;;
2111;140,7906;7,495280533;29.03.;Thu;Low;Off-Peak;;;;
2112;140,7906;7,495280533;29.03.;Thu;Low;Off-Peak;;;;
2113;140,7906;7,495280533;30.03.;Fri;Low;Off-Peak;;;;
2114;140,7906;7,495280533;30.03.;Fri;Low;Off-Peak;;;;
2115;140,7906;7,495280533;30.03.;Fri;Low;Off-Peak;;;;
2116;140,7906;7,495280533;30.03.;Fri;Low;Off-Peak;;;;
2117;140,7906;7,495280533;30.03.;Fri;Low;Off-Peak;;;;
2118;140,7906;7,495280533;30.03.;Fri;Low;Off-Peak;;;;
2119;197,1252;10,49437018;30.03.;Fri;Low;Standard;;;;
2120;350,5944;18,66462236;30.03.;Fri;Low;Peak;;;;
2121;350,5944;18,66462236;30.03.;Fri;Low;Peak;;;;
2122;197,1252;10,49437018;30.03.;Fri;Low;Standard;;;;
2123;197,1252;10,49437018;30.03.;Fri;Low;Standard;;;;
2124;197,1252;10,49437018;30.03.;Fri;Low;Standard;;;;
2125;197,1252;10,49437018;30.03.;Fri;Low;Standard;;;;
2126;197,1252;10,49437018;30.03.;Fri;Low;Standard;;;;
2127;197,1252;10,49437018;30.03.;Fri;Low;Standard;;;;
2128;197,1252;10,49437018;30.03.;Fri;Low;Standard;;;;
2129;197,1252;10,49437018;30.03.;Fri;Low;Standard;;;;
2130;197,1252;10,49437018;30.03.;Fri;Low;Standard;;;;
2131;350,5944;18,66462236;30.03.;Fri;Low;Peak;;;;
2132;350,5944;18,66462236;30.03.;Fri;Low;Peak;;;;
2133;350,5944;18,66462236;30.03.;Fri;Low;Peak;;;;
2134;197,1252;10,49437018;30.03.;Fri;Low;Standard;;;;
2135;140,7906;7,495280533;30.03.;Fri;Low;Off-Peak;;;;
2136;140,7906;7,495280533;30.03.;Fri;Low;Off-Peak;;;;
2137;140,7906;7,495280533;31.03.;Sat;Low;Off-Peak;;;;
2138;140,7906;7,495280533;31.03.;Sat;Low;Off-Peak;;;;
2139;140,7906;7,495280533;31.03.;Sat;Low;Off-Peak;;;;
2140;140,7906;7,495280533;31.03.;Sat;Low;Off-Peak;;;;
2141;140,7906;7,495280533;31.03.;Sat;Low;Off-Peak;;;;
2142;140,7906;7,495280533;31.03.;Sat;Low;Off-Peak;;;;
2143;140,7906;7,495280533;31.03.;Sat;Low;Off-Peak;;;;
2144;197,1252;10,49437018;31.03.;Sat;Low;Standard;;;;
2145;197,1252;10,49437018;31.03.;Sat;Low;Standard;;;;
2146;197,1252;10,49437018;31.03.;Sat;Low;Standard;;;;
2147;197,1252;10,49437018;31.03.;Sat;Low;Standard;;;;
2148;197,1252;10,49437018;31.03.;Sat;Low;Standard;;;;
2149;140,7906;7,495280533;31.03.;Sat;Low;Off-Peak;;;;
2150;140,7906;7,495280533;31.03.;Sat;Low;Off-Peak;;;;
2151;140,7906;7,495280533;31.03.;Sat;Low;Off-Peak;;;;
2152;140,7906;7,495280533;31.03.;Sat;Low;Off-Peak;;;;
2153;140,7906;7,495280533;31.03.;Sat;Low;Off-Peak;;;;
2154;140,7906;7,495280533;31.03.;Sat;Low;Off-Peak;;;;
2155;197,1252;10,49437018;31.03.;Sat;Low;Standard;;;;
2156;197,1252;10,49437018;31.03.;Sat;Low;Standard;;;;
2157;140,7906;7,495280533;31.03.;Sat;Low;Off-Peak;;;;
2158;140,7906;7,495280533;31.03.;Sat;Low;Off-Peak;;;;
2159;140,7906;7,495280533;31.03.;Sat;Low;Off-Peak;;;;
2160;140,7906;7,495280533;31.03.;Sat;Low;Off-Peak;;;;
2161;140,7906;7,495280533;01.04.;Sun;Low;Off-Peak;;;;
2162;140,7906;7,495280533;01.04.;Sun;Low;Off-Peak;;;;
2163;140,7906;7,495280533;01.04.;Sun;Low;Off-Peak;;;;
2164;140,7906;7,495280533;01.04.;Sun;Low;Off-Peak;;;;
2165;140,7906;7,495280533;01.04.;Sun;Low;Off-Peak;;;;
2166;140,7906;7,495280533;01.04.;Sun;Low;Off-Peak;;;;
2167;140,7906;7,495280533;01.04.;Sun;Low;Off-Peak;;;;
2168;140,7906;7,495280533;01.04.;Sun;Low;Off-Peak;;;;
2169;140,7906;7,495280533;01.04.;Sun;Low;Off-Peak;;;;
2170;140,7906;7,495280533;01.04.;Sun;Low;Off-Peak;;;;
2171;140,7906;7,495280533;01.04.;Sun;Low;Off-Peak;;;;
2172;140,7906;7,495280533;01.04.;Sun;Low;Off-Peak;;;;
2173;140,7906;7,495280533;01.04.;Sun;Low;Off-Peak;;;;
2174;140,7906;7,495280533;01.04.;Sun;Low;Off-Peak;;;;
2175;140,7906;7,495280533;01.04.;Sun;Low;Off-Peak;;;;
2176;140,7906;7,495280533;01.04.;Sun;Low;Off-Peak;;;;
2177;140,7906;7,495280533;01.04.;Sun;Low;Off-Peak;;;;
2178;140,7906;7,495280533;01.04.;Sun;Low;Off-Peak;;;;
2179;197,1252;10,49437018;01.04.;Sun;Low;Standard;;;;
2180;197,1252;10,49437018;01.04.;Sun;Low;Standard;;;;
2181;140,7906;7,495280533;01.04.;Sun;Low;Off-Peak;;;;
2182;140,7906;7,495280533;01.04.;Sun;Low;Off-Peak;;;;
2183;140,7906;7,495280533;01.04.;Sun;Low;Off-Peak;;;;
2184;140,7906;7,495280533;01.04.;Sun;Low;Off-Peak;;;;
2185;140,7906;7,495280533;02.04.;Mon;Low;Off-Peak;;;;
2186;140,7906;7,495280533;02.04.;Mon;Low;Off-Peak;;;;
2187;140,7906;7,495280533;02.04.;Mon;Low;Off-Peak;;;;
2188;140,7906;7,495280533;02.04.;Mon;Low;Off-Peak;;;;
2189;140,7906;7,495280533;02.04.;Mon;Low;Off-Peak;;;;
2190;140,7906;7,495280533;02.04.;Mon;Low;Off-Peak;;;;
2191;197,1252;10,49437018;02.04.;Mon;Low;Standard;;;;
2192;350,5944;18,66462236;02.04.;Mon;Low;Peak;;;;
2193;350,5944;18,66462236;02.04.;Mon;Low;Peak;;;;
2194;197,1252;10,49437018;02.04.;Mon;Low;Standard;;;;
2195;197,1252;10,49437018;02.04.;Mon;Low;Standard;;;;
2196;197,1252;10,49437018;02.04.;Mon;Low;Standard;;;;
2197;197,1252;10,49437018;02.04.;Mon;Low;Standard;;;;
2198;197,1252;10,49437018;02.04.;Mon;Low;Standard;;;;
2199;197,1252;10,49437018;02.04.;Mon;Low;Standard;;;;
2200;197,1252;10,49437018;02.04.;Mon;Low;Standard;;;;
2201;197,1252;10,49437018;02.04.;Mon;Low;Standard;;;;
2202;197,1252;10,49437018;02.04.;Mon;Low;Standard;;;;
2203;350,5944;18,66462236;02.04.;Mon;Low;Peak;;;;
2204;350,5944;18,66462236;02.04.;Mon;Low;Peak;;;;
2205;350,5944;18,66462236;02.04.;Mon;Low;Peak;;;;
2206;197,1252;10,49437018;02.04.;Mon;Low;Standard;;;;
2207;140,7906;7,495280533;02.04.;Mon;Low;Off-Peak;;;;
2208;140,7906;7,495280533;02.04.;Mon;Low;Off-Peak;;;;
2209;140,7906;7,495280533;03.04.;Tue;Low;Off-Peak;;;;
2210;140,7906;7,495280533;03.04.;Tue;Low;Off-Peak;;;;
2211;140,7906;7,495280533;03.04.;Tue;Low;Off-Peak;;;;
2212;140,7906;7,495280533;03.04.;Tue;Low;Off-Peak;;;;
2213;140,7906;7,495280533;03.04.;Tue;Low;Off-Peak;;;;
2214;140,7906;7,495280533;03.04.;Tue;Low;Off-Peak;;;;
2215;197,1252;10,49437018;03.04.;Tue;Low;Standard;;;;
2216;350,5944;18,66462236;03.04.;Tue;Low;Peak;;;;
2217;350,5944;18,66462236;03.04.;Tue;Low;Peak;;;;
2218;197,1252;10,49437018;03.04.;Tue;Low;Standard;;;;
2219;197,1252;10,49437018;03.04.;Tue;Low;Standard;;;;
2220;197,1252;10,49437018;03.04.;Tue;Low;Standard;;;;
2221;197,1252;10,49437018;03.04.;Tue;Low;Standard;;;;
2222;197,1252;10,49437018;03.04.;Tue;Low;Standard;;;;
2223;197,1252;10,49437018;03.04.;Tue;Low;Standard;;;;
2224;197,1252;10,49437018;03.04.;Tue;Low;Standard;;;;
2225;197,1252;10,49437018;03.04.;Tue;Low;Standard;;;;
2226;197,1252;10,49437018;03.04.;Tue;Low;Standard;;;;
2227;350,5944;18,66462236;03.04.;Tue;Low;Peak;;;;
2228;350,5944;18,66462236;03.04.;Tue;Low;Peak;;;;
2229;350,5944;18,66462236;03.04.;Tue;Low;Peak;;;;
2230;197,1252;10,49437018;03.04.;Tue;Low;Standard;;;;
2231;140,7906;7,495280533;03.04.;Tue;Low;Off-Peak;;;;
2232;140,7906;7,495280533;03.04.;Tue;Low;Off-Peak;;;;
2233;140,7906;7,495280533;04.04.;Wed;Low;Off-Peak;;;;
2234;140,7906;7,495280533;04.04.;Wed;Low;Off-Peak;;;;
2235;140,7906;7,495280533;04.04.;Wed;Low;Off-Peak;;;;
2236;140,7906;7,495280533;04.04.;Wed;Low;Off-Peak;;;;
2237;140,7906;7,495280533;04.04.;Wed;Low;Off-Peak;;;;
2238;140,7906;7,495280533;04.04.;Wed;Low;Off-Peak;;;;
2239;197,1252;10,49437018;04.04.;Wed;Low;Standard;;;;
2240;350,5944;18,66462236;04.04.;Wed;Low;Peak;;;;
2241;350,5944;18,66462236;04.04.;Wed;Low;Peak;;;;
2242;197,1252;10,49437018;04.04.;Wed;Low;Standard;;;;
2243;197,1252;10,49437018;04.04.;Wed;Low;Standard;;;;
2244;197,1252;10,49437018;04.04.;Wed;Low;Standard;;;;
2245;197,1252;10,49437018;04.04.;Wed;Low;Standard;;;;
2246;197,1252;10,49437018;04.04.;Wed;Low;Standard;;;;
2247;197,1252;10,49437018;04.04.;Wed;Low;Standard;;;;
2248;197,1252;10,49437018;04.04.;Wed;Low;Standard;;;;
2249;197,1252;10,49437018;04.04.;Wed;Low;Standard;;;;
2250;197,1252;10,49437018;04.04.;Wed;Low;Standard;;;;
2251;350,5944;18,66462236;04.04.;Wed;Low;Peak;;;;
2252;350,5944;18,66462236;04.04.;Wed;Low;Peak;;;;
2253;350,5944;18,66462236;04.04.;Wed;Low;Peak;;;;
2254;197,1252;10,49437018;04.04.;Wed;Low;Standard;;;;
2255;140,7906;7,495280533;04.04.;Wed;Low;Off-Peak;;;;
2256;140,7906;7,495280533;04.04.;Wed;Low;Off-Peak;;;;
2257;140,7906;7,495280533;05.04.;Thu;Low;Off-Peak;;;;
2258;140,7906;7,495280533;05.04.;Thu;Low;Off-Peak;;;;
2259;140,7906;7,495280533;05.04.;Thu;Low;Off-Peak;;;;
2260;140,7906;7,495280533;05.04.;Thu;Low;Off-Peak;;;;
2261;140,7906;7,495280533;05.04.;Thu;Low;Off-Peak;;;;
2262;140,7906;7,495280533;05.04.;Thu;Low;Off-Peak;;;;
2263;197,1252;10,49437018;05.04.;Thu;Low;Standard;;;;
2264;350,5944;18,66462236;05.04.;Thu;Low;Peak;;;;
2265;350,5944;18,66462236;05.04.;Thu;Low;Peak;;;;
2266;197,1252;10,49437018;05.04.;Thu;Low;Standard;;;;
2267;197,1252;10,49437018;05.04.;Thu;Low;Standard;;;;
2268;197,1252;10,49437018;05.04.;Thu;Low;Standard;;;;
2269;197,1252;10,49437018;05.04.;Thu;Low;Standard;;;;
2270;197,1252;10,49437018;05.04.;Thu;Low;Standard;;;;
2271;197,1252;10,49437018;05.04.;Thu;Low;Standard;;;;
2272;197,1252;10,49437018;05.04.;Thu;Low;Standard;;;;
2273;197,1252;10,49437018;05.04.;Thu;Low;Standard;;;;
2274;197,1252;10,49437018;05.04.;Thu;Low;Standard;;;;
2275;350,5944;18,66462236;05.04.;Thu;Low;Peak;;;;
2276;350,5944;18,66462236;05.04.;Thu;Low;Peak;;;;
2277;350,5944;18,66462236;05.04.;Thu;Low;Peak;;;;
2278;197,1252;10,49437018;05.04.;Thu;Low;Standard;;;;
2279;140,7906;7,495280533;05.04.;Thu;Low;Off-Peak;;;;
2280;140,7906;7,495280533;05.04.;Thu;Low;Off-Peak;;;;
2281;140,7906;7,495280533;06.04.;Fri;Low;Off-Peak;;;;
2282;140,7906;7,495280533;06.04.;Fri;Low;Off-Peak;;;;
2283;140,7906;7,495280533;06.04.;Fri;Low;Off-Peak;;;;
2284;140,7906;7,495280533;06.04.;Fri;Low;Off-Peak;;;;
2285;140,7906;7,495280533;06.04.;Fri;Low;Off-Peak;;;;
2286;140,7906;7,495280533;06.04.;Fri;Low;Off-Peak;;;;
2287;197,1252;10,49437018;06.04.;Fri;Low;Standard;;;;
2288;350,5944;18,66462236;06.04.;Fri;Low;Peak;;;;
2289;350,5944;18,66462236;06.04.;Fri;Low;Peak;;;;
2290;197,1252;10,49437018;06.04.;Fri;Low;Standard;;;;
2291;197,1252;10,49437018;06.04.;Fri;Low;Standard;;;;
2292;197,1252;10,49437018;06.04.;Fri;Low;Standard;;;;
2293;197,1252;10,49437018;06.04.;Fri;Low;Standard;;;;
2294;197,1252;10,49437018;06.04.;Fri;Low;Standard;;;;
2295;197,1252;10,49437018;06.04.;Fri;Low;Standard;;;;
2296;197,1252;10,49437018;06.04.;Fri;Low;Standard;;;;
2297;197,1252;10,49437018;06.04.;Fri;Low;Standard;;;;
2298;197,1252;10,49437018;06.04.;Fri;Low;Standard;;;;
2299;350,5944;18,66462236;06.04.;Fri;Low;Peak;;;;
2300;350,5944;18,66462236;06.04.;Fri;Low;Peak;;;;
2301;350,5944;18,66462236;06.04.;Fri;Low;Peak;;;;
2302;197,1252;10,49437018;06.04.;Fri;Low;Standard;;;;
2303;140,7906;7,495280533;06.04.;Fri;Low;Off-Peak;;;;
2304;140,7906;7,495280533;06.04.;Fri;Low;Off-Peak;;;;
2305;140,7906;7,495280533;07.04.;Sat;Low;Off-Peak;;;;
2306;140,7906;7,495280533;07.04.;Sat;Low;Off-Peak;;;;
2307;140,7906;7,495280533;07.04.;Sat;Low;Off-Peak;;;;
2308;140,7906;7,495280533;07.04.;Sat;Low;Off-Peak;;;;
2309;140,7906;7,495280533;07.04.;Sat;Low;Off-Peak;;;;
2310;140,7906;7,495280533;07.04.;Sat;Low;Off-Peak;;;;
2311;140,7906;7,495280533;07.04.;Sat;Low;Off-Peak;;;;
2312;197,1252;10,49437018;07.04.;Sat;Low;Standard;;;;
2313;197,1252;10,49437018;07.04.;Sat;Low;Standard;;;;
2314;197,1252;10,49437018;07.04.;Sat;Low;Standard;;;;
2315;197,1252;10,49437018;07.04.;Sat;Low;Standard;;;;
2316;197,1252;10,49437018;07.04.;Sat;Low;Standard;;;;
2317;140,7906;7,495280533;07.04.;Sat;Low;Off-Peak;;;;
2318;140,7906;7,495280533;07.04.;Sat;Low;Off-Peak;;;;
2319;140,7906;7,495280533;07.04.;Sat;Low;Off-Peak;;;;
2320;140,7906;7,495280533;07.04.;Sat;Low;Off-Peak;;;;
2321;140,7906;7,495280533;07.04.;Sat;Low;Off-Peak;;;;
2322;140,7906;7,495280533;07.04.;Sat;Low;Off-Peak;;;;
2323;197,1252;10,49437018;07.04.;Sat;Low;Standard;;;;
2324;197,1252;10,49437018;07.04.;Sat;Low;Standard;;;;
2325;140,7906;7,495280533;07.04.;Sat;Low;Off-Peak;;;;
2326;140,7906;7,495280533;07.04.;Sat;Low;Off-Peak;;;;
2327;140,7906;7,495280533;07.04.;Sat;Low;Off-Peak;;;;
2328;140,7906;7,495280533;07.04.;Sat;Low;Off-Peak;;;;
2329;140,7906;7,495280533;08.04.;Sun;Low;Off-Peak;;;;
2330;140,7906;7,495280533;08.04.;Sun;Low;Off-Peak;;;;
2331;140,7906;7,495280533;08.04.;Sun;Low;Off-Peak;;;;
2332;140,7906;7,495280533;08.04.;Sun;Low;Off-Peak;;;;
2333;140,7906;7,495280533;08.04.;Sun;Low;Off-Peak;;;;
2334;140,7906;7,495280533;08.04.;Sun;Low;Off-Peak;;;;
2335;140,7906;7,495280533;08.04.;Sun;Low;Off-Peak;;;;
2336;140,7906;7,495280533;08.04.;Sun;Low;Off-Peak;;;;
2337;140,7906;7,495280533;08.04.;Sun;Low;Off-Peak;;;;
2338;140,7906;7,495280533;08.04.;Sun;Low;Off-Peak;;;;
2339;140,7906;7,495280533;08.04.;Sun;Low;Off-Peak;;;;
2340;140,7906;7,495280533;08.04.;Sun;Low;Off-Peak;;;;
2341;140,7906;7,495280533;08.04.;Sun;Low;Off-Peak;;;;
2342;140,7906;7,495280533;08.04.;Sun;Low;Off-Peak;;;;
2343;140,7906;7,495280533;08.04.;Sun;Low;Off-Peak;;;;
2344;140,7906;7,495280533;08.04.;Sun;Low;Off-Peak;;;;
2345;140,7906;7,495280533;08.04.;Sun;Low;Off-Peak;;;;
2346;140,7906;7,495280533;08.04.;Sun;Low;Off-Peak;;;;
2347;197,1252;10,49437018;08.04.;Sun;Low;Standard;;;;
2348;197,1252;10,49437018;08.04.;Sun;Low;Standard;;;;
2349;140,7906;7,495280533;08.04.;Sun;Low;Off-Peak;;;;
2350;140,7906;7,495280533;08.04.;Sun;Low;Off-Peak;;;;
2351;140,7906;7,495280533;08.04.;Sun;Low;Off-Peak;;;;
2352;140,7906;7,495280533;08.04.;Sun;Low;Off-Peak;;;;
2353;140,7906;7,495280533;09.04.;Mon;Low;Off-Peak;;;;
2354;140,7906;7,495280533;09.04.;Mon;Low;Off-Peak;;;;
2355;140,7906;7,495280533;09.04.;Mon;Low;Off-Peak;;;;
2356;140,7906;7,495280533;09.04.;Mon;Low;Off-Peak;;;;
2357;140,7906;7,495280533;09.04.;Mon;Low;Off-Peak;;;;
2358;140,7906;7,495280533;09.04.;Mon;Low;Off-Peak;;;;
2359;197,1252;10,49437018;09.04.;Mon;Low;Standard;;;;
2360;350,5944;18,66462236;09.04.;Mon;Low;Peak;;;;
2361;350,5944;18,66462236;09.04.;Mon;Low;Peak;;;;
2362;197,1252;10,49437018;09.04.;Mon;Low;Standard;;;;
2363;197,1252;10,49437018;09.04.;Mon;Low;Standard;;;;
2364;197,1252;10,49437018;09.04.;Mon;Low;Standard;;;;
2365;197,1252;10,49437018;09.04.;Mon;Low;Standard;;;;
2366;197,1252;10,49437018;09.04.;Mon;Low;Standard;;;;
2367;197,1252;10,49437018;09.04.;Mon;Low;Standard;;;;
2368;197,1252;10,49437018;09.04.;Mon;Low;Standard;;;;
2369;197,1252;10,49437018;09.04.;Mon;Low;Standard;;;;
2370;197,1252;10,49437018;09.04.;Mon;Low;Standard;;;;
2371;350,5944;18,66462236;09.04.;Mon;Low;Peak;;;;
2372;350,5944;18,66462236;09.04.;Mon;Low;Peak;;;;
2373;350,5944;18,66462236;09.04.;Mon;Low;Peak;;;;
2374;197,1252;10,49437018;09.04.;Mon;Low;Standard;;;;
2375;140,7906;7,495280533;09.04.;Mon;Low;Off-Peak;;;;
2376;140,7906;7,495280533;09.04.;Mon;Low;Off-Peak;;;;
2377;140,7906;7,495280533;10.04.;Tue;Low;Off-Peak;;;;
2378;140,7906;7,495280533;10.04.;Tue;Low;Off-Peak;;;;
2379;140,7906;7,495280533;10.04.;Tue;Low;Off-Peak;;;;
2380;140,7906;7,495280533;10.04.;Tue;Low;Off-Peak;;;;
2381;140,7906;7,495280533;10.04.;Tue;Low;Off-Peak;;;;
2382;140,7906;7,495280533;10.04.;Tue;Low;Off-Peak;;;;
2383;197,1252;10,49437018;10.04.;Tue;Low;Standard;;;;
2384;350,5944;18,66462236;10.04.;Tue;Low;Peak;;;;
2385;350,5944;18,66462236;10.04.;Tue;Low;Peak;;;;
2386;197,1252;10,49437018;10.04.;Tue;Low;Standard;;;;
2387;197,1252;10,49437018;10.04.;Tue;Low;Standard;;;;
2388;197,1252;10,49437018;10.04.;Tue;Low;Standard;;;;
2389;197,1252;10,49437018;10.04.;Tue;Low;Standard;;;;
2390;197,1252;10,49437018;10.04.;Tue;Low;Standard;;;;
2391;197,1252;10,49437018;10.04.;Tue;Low;Standard;;;;
2392;197,1252;10,49437018;10.04.;Tue;Low;Standard;;;;
2393;197,1252;10,49437018;10.04.;Tue;Low;Standard;;;;
2394;197,1252;10,49437018;10.04.;Tue;Low;Standard;;;;
2395;350,5944;18,66462236;10.04.;Tue;Low;Peak;;;;
2396;350,5944;18,66462236;10.04.;Tue;Low;Peak;;;;
2397;350,5944;18,66462236;10.04.;Tue;Low;Peak;;;;
2398;197,1252;10,49437018;10.04.;Tue;Low;Standard;;;;
2399;140,7906;7,495280533;10.04.;Tue;Low;Off-Peak;;;;
2400;140,7906;7,495280533;10.04.;Tue;Low;Off-Peak;;;;
2401;140,7906;7,495280533;11.04.;Wed;Low;Off-Peak;;;;
2402;140,7906;7,495280533;11.04.;Wed;Low;Off-Peak;;;;
2403;140,7906;7,495280533;11.04.;Wed;Low;Off-Peak;;;;
2404;140,7906;7,495280533;11.04.;Wed;Low;Off-Peak;;;;
2405;140,7906;7,495280533;11.04.;Wed;Low;Off-Peak;;;;
2406;140,7906;7,495280533;11.04.;Wed;Low;Off-Peak;;;;
2407;197,1252;10,49437018;11.04.;Wed;Low;Standard;;;;
2408;350,5944;18,66462236;11.04.;Wed;Low;Peak;;;;
2409;350,5944;18,66462236;11.04.;Wed;Low;Peak;;;;
2410;197,1252;10,49437018;11.04.;Wed;Low;Standard;;;;
2411;197,1252;10,49437018;11.04.;Wed;Low;Standard;;;;
2412;197,1252;10,49437018;11.04.;Wed;Low;Standard;;;;
2413;197,1252;10,49437018;11.04.;Wed;Low;Standard;;;;
2414;197,1252;10,49437018;11.04.;Wed;Low;Standard;;;;
2415;197,1252;10,49437018;11.04.;Wed;Low;Standard;;;;
2416;197,1252;10,49437018;11.04.;Wed;Low;Standard;;;;
2417;197,1252;10,49437018;11.04.;Wed;Low;Standard;;;;
2418;197,1252;10,49437018;11.04.;Wed;Low;Standard;;;;
2419;350,5944;18,66462236;11.04.;Wed;Low;Peak;;;;
2420;350,5944;18,66462236;11.04.;Wed;Low;Peak;;;;
2421;350,5944;18,66462236;11.04.;Wed;Low;Peak;;;;
2422;197,1252;10,49437018;11.04.;Wed;Low;Standard;;;;
2423;140,7906;7,495280533;11.04.;Wed;Low;Off-Peak;;;;
2424;140,7906;7,495280533;11.04.;Wed;Low;Off-Peak;;;;
2425;140,7906;7,495280533;12.04.;Thu;Low;Off-Peak;;;;
2426;140,7906;7,495280533;12.04.;Thu;Low;Off-Peak;;;;
2427;140,7906;7,495280533;12.04.;Thu;Low;Off-Peak;;;;
2428;140,7906;7,495280533;12.04.;Thu;Low;Off-Peak;;;;
2429;140,7906;7,495280533;12.04.;Thu;Low;Off-Peak;;;;
2430;140,7906;7,495280533;12.04.;Thu;Low;Off-Peak;;;;
2431;197,1252;10,49437018;12.04.;Thu;Low;Standard;;;;
2432;350,5944;18,66462236;12.04.;Thu;Low;Peak;;;;
2433;350,5944;18,66462236;12.04.;Thu;Low;Peak;;;;
2434;197,1252;10,49437018;12.04.;Thu;Low;Standard;;;;
2435;197,1252;10,49437018;12.04.;Thu;Low;Standard;;;;
2436;197,1252;10,49437018;12.04.;Thu;Low;Standard;;;;
2437;197,1252;10,49437018;12.04.;Thu;Low;Standard;;;;
2438;197,1252;10,49437018;12.04.;Thu;Low;Standard;;;;
2439;197,1252;10,49437018;12.04.;Thu;Low;Standard;;;;
2440;197,1252;10,49437018;12.04.;Thu;Low;Standard;;;;
2441;197,1252;10,49437018;12.04.;Thu;Low;Standard;;;;
2442;197,1252;10,49437018;12.04.;Thu;Low;Standard;;;;
2443;350,5944;18,66462236;12.04.;Thu;Low;Peak;;;;
2444;350,5944;18,66462236;12.04.;Thu;Low;Peak;;;;
2445;350,5944;18,66462236;12.04.;Thu;Low;Peak;;;;
2446;197,1252;10,49437018;12.04.;Thu;Low;Standard;;;;
2447;140,7906;7,495280533;12.04.;Thu;Low;Off-Peak;;;;
2448;140,7906;7,495280533;12.04.;Thu;Low;Off-Peak;;;;
2449;140,7906;7,495280533;13.04.;Fri;Low;Off-Peak;;;;
2450;140,7906;7,495280533;13.04.;Fri;Low;Off-Peak;;;;
2451;140,7906;7,495280533;13.04.;Fri;Low;Off-Peak;;;;
2452;140,7906;7,495280533;13.04.;Fri;Low;Off-Peak;;;;
2453;140,7906;7,495280533;13.04.;Fri;Low;Off-Peak;;;;
2454;140,7906;7,495280533;13.04.;Fri;Low;Off-Peak;;;;
2455;197,1252;10,49437018;13.04.;Fri;Low;Standard;;;;
2456;350,5944;18,66462236;13.04.;Fri;Low;Peak;;;;
2457;350,5944;18,66462236;13.04.;Fri;Low;Peak;;;;
2458;197,1252;10,49437018;13.04.;Fri;Low;Standard;;;;
2459;197,1252;10,49437018;13.04.;Fri;Low;Standard;;;;
2460;197,1252;10,49437018;13.04.;Fri;Low;Standard;;;;
2461;197,1252;10,49437018;13.04.;Fri;Low;Standard;;;;
2462;197,1252;10,49437018;13.04.;Fri;Low;Standard;;;;
2463;197,1252;10,49437018;13.04.;Fri;Low;Standard;;;;
2464;197,1252;10,49437018;13.04.;Fri;Low;Standard;;;;
2465;197,1252;10,49437018;13.04.;Fri;Low;Standard;;;;
2466;197,1252;10,49437018;13.04.;Fri;Low;Standard;;;;
2467;350,5944;18,66462236;13.04.;Fri;Low;Peak;;;;
2468;350,5944;18,66462236;13.04.;Fri;Low;Peak;;;;
2469;350,5944;18,66462236;13.04.;Fri;Low;Peak;;;;
2470;197,1252;10,49437018;13.04.;Fri;Low;Standard;;;;
2471;140,7906;7,495280533;13.04.;Fri;Low;Off-Peak;;;;
2472;140,7906;7,495280533;13.04.;Fri;Low;Off-Peak;;;;
2473;140,7906;7,495280533;14.04.;Sat;Low;Off-Peak;;;;
2474;140,7906;7,495280533;14.04.;Sat;Low;Off-Peak;;;;
2475;140,7906;7,495280533;14.04.;Sat;Low;Off-Peak;;;;
2476;140,7906;7,495280533;14.04.;Sat;Low;Off-Peak;;;;
2477;140,7906;7,495280533;14.04.;Sat;Low;Off-Peak;;;;
2478;140,7906;7,495280533;14.04.;Sat;Low;Off-Peak;;;;
2479;140,7906;7,495280533;14.04.;Sat;Low;Off-Peak;;;;
2480;197,1252;10,49437018;14.04.;Sat;Low;Standard;;;;
2481;197,1252;10,49437018;14.04.;Sat;Low;Standard;;;;
2482;197,1252;10,49437018;14.04.;Sat;Low;Standard;;;;
2483;197,1252;10,49437018;14.04.;Sat;Low;Standard;;;;
2484;197,1252;10,49437018;14.04.;Sat;Low;Standard;;;;
2485;140,7906;7,495280533;14.04.;Sat;Low;Off-Peak;;;;
2486;140,7906;7,495280533;14.04.;Sat;Low;Off-Peak;;;;
2487;140,7906;7,495280533;14.04.;Sat;Low;Off-Peak;;;;
2488;140,7906;7,495280533;14.04.;Sat;Low;Off-Peak;;;;
2489;140,7906;7,495280533;14.04.;Sat;Low;Off-Peak;;;;
2490;140,7906;7,495280533;14.04.;Sat;Low;Off-Peak;;;;
2491;197,1252;10,49437018;14.04.;Sat;Low;Standard;;;;
2492;197,1252;10,49437018;14.04.;Sat;Low;Standard;;;;
2493;140,7906;7,495280533;14.04.;Sat;Low;Off-Peak;;;;
2494;140,7906;7,495280533;14.04.;Sat;Low;Off-Peak;;;;
2495;140,7906;7,495280533;14.04.;Sat;Low;Off-Peak;;;;
2496;140,7906;7,495280533;14.04.;Sat;Low;Off-Peak;;;;
2497;140,7906;7,495280533;15.04.;Sun;Low;Off-Peak;;;;
2498;140,7906;7,495280533;15.04.;Sun;Low;Off-Peak;;;;
2499;140,7906;7,495280533;15.04.;Sun;Low;Off-Peak;;;;
2500;140,7906;7,495280533;15.04.;Sun;Low;Off-Peak;;;;
2501;140,7906;7,495280533;15.04.;Sun;Low;Off-Peak;;;;
2502;140,7906;7,495280533;15.04.;Sun;Low;Off-Peak;;;;
2503;140,7906;7,495280533;15.04.;Sun;Low;Off-Peak;;;;
2504;140,7906;7,495280533;15.04.;Sun;Low;Off-Peak;;;;
2505;140,7906;7,495280533;15.04.;Sun;Low;Off-Peak;;;;
2506;140,7906;7,495280533;15.04.;Sun;Low;Off-Peak;;;;
2507;140,7906;7,495280533;15.04.;Sun;Low;Off-Peak;;;;
2508;140,7906;7,495280533;15.04.;Sun;Low;Off-Peak;;;;
2509;140,7906;7,495280533;15.04.;Sun;Low;Off-Peak;;;;
2510;140,7906;7,495280533;15.04.;Sun;Low;Off-Peak;;;;
2511;140,7906;7,495280533;15.04.;Sun;Low;Off-Peak;;;;
2512;140,7906;7,495280533;15.04.;Sun;Low;Off-Peak;;;;
2513;140,7906;7,495280533;15.04.;Sun;Low;Off-Peak;;;;
2514;140,7906;7,495280533;15.04.;Sun;Low;Off-Peak;;;;
2515;197,1252;10,49437018;15.04.;Sun;Low;Standard;;;;
2516;197,1252;10,49437018;15.04.;Sun;Low;Standard;;;;
2517;140,7906;7,495280533;15.04.;Sun;Low;Off-Peak;;;;
2518;140,7906;7,495280533;15.04.;Sun;Low;Off-Peak;;;;
2519;140,7906;7,495280533;15.04.;Sun;Low;Off-Peak;;;;
2520;140,7906;7,495280533;15.04.;Sun;Low;Off-Peak;;;;
2521;140,7906;7,495280533;16.04.;Mon;Low;Off-Peak;;;;
2522;140,7906;7,495280533;16.04.;Mon;Low;Off-Peak;;;;
2523;140,7906;7,495280533;16.04.;Mon;Low;Off-Peak;;;;
2524;140,7906;7,495280533;16.04.;Mon;Low;Off-Peak;;;;
2525;140,7906;7,495280533;16.04.;Mon;Low;Off-Peak;;;;
2526;140,7906;7,495280533;16.04.;Mon;Low;Off-Peak;;;;
2527;197,1252;10,49437018;16.04.;Mon;Low;Standard;;;;
2528;350,5944;18,66462236;16.04.;Mon;Low;Peak;;;;
2529;350,5944;18,66462236;16.04.;Mon;Low;Peak;;;;
2530;197,1252;10,49437018;16.04.;Mon;Low;Standard;;;;
2531;197,1252;10,49437018;16.04.;Mon;Low;Standard;;;;
2532;197,1252;10,49437018;16.04.;Mon;Low;Standard;;;;
2533;197,1252;10,49437018;16.04.;Mon;Low;Standard;;;;
2534;197,1252;10,49437018;16.04.;Mon;Low;Standard;;;;
2535;197,1252;10,49437018;16.04.;Mon;Low;Standard;;;;
2536;197,1252;10,49437018;16.04.;Mon;Low;Standard;;;;
2537;197,1252;10,49437018;16.04.;Mon;Low;Standard;;;;
2538;197,1252;10,49437018;16.04.;Mon;Low;Standard;;;;
2539;350,5944;18,66462236;16.04.;Mon;Low;Peak;;;;
2540;350,5944;18,66462236;16.04.;Mon;Low;Peak;;;;
2541;350,5944;18,66462236;16.04.;Mon;Low;Peak;;;;
2542;197,1252;10,49437018;16.04.;Mon;Low;Standard;;;;
2543;140,7906;7,495280533;16.04.;Mon;Low;Off-Peak;;;;
2544;140,7906;7,495280533;16.04.;Mon;Low;Off-Peak;;;;
2545;140,7906;7,495280533;17.04.;Tue;Low;Off-Peak;;;;
2546;140,7906;7,495280533;17.04.;Tue;Low;Off-Peak;;;;
2547;140,7906;7,495280533;17.04.;Tue;Low;Off-Peak;;;;
2548;140,7906;7,495280533;17.04.;Tue;Low;Off-Peak;;;;
2549;140,7906;7,495280533;17.04.;Tue;Low;Off-Peak;;;;
2550;140,7906;7,495280533;17.04.;Tue;Low;Off-Peak;;;;
2551;197,1252;10,49437018;17.04.;Tue;Low;Standard;;;;
2552;350,5944;18,66462236;17.04.;Tue;Low;Peak;;;;
2553;350,5944;18,66462236;17.04.;Tue;Low;Peak;;;;
2554;197,1252;10,49437018;17.04.;Tue;Low;Standard;;;;
2555;197,1252;10,49437018;17.04.;Tue;Low;Standard;;;;
2556;197,1252;10,49437018;17.04.;Tue;Low;Standard;;;;
2557;197,1252;10,49437018;17.04.;Tue;Low;Standard;;;;
2558;197,1252;10,49437018;17.04.;Tue;Low;Standard;;;;
2559;197,1252;10,49437018;17.04.;Tue;Low;Standard;;;;
2560;197,1252;10,49437018;17.04.;Tue;Low;Standard;;;;
2561;197,1252;10,49437018;17.04.;Tue;Low;Standard;;;;
2562;197,1252;10,49437018;17.04.;Tue;Low;Standard;;;;
2563;350,5944;18,66462236;17.04.;Tue;Low;Peak;;;;
2564;350,5944;18,66462236;17.04.;Tue;Low;Peak;;;;
2565;350,5944;18,66462236;17.04.;Tue;Low;Peak;;;;
2566;197,1252;10,49437018;17.04.;Tue;Low;Standard;;;;
2567;140,7906;7,495280533;17.04.;Tue;Low;Off-Peak;;;;
2568;140,7906;7,495280533;17.04.;Tue;Low;Off-Peak;;;;
2569;140,7906;7,495280533;18.04.;Wed;Low;Off-Peak;;;;
2570;140,7906;7,495280533;18.04.;Wed;Low;Off-Peak;;;;
2571;140,7906;7,495280533;18.04.;Wed;Low;Off-Peak;;;;
2572;140,7906;7,495280533;18.04.;Wed;Low;Off-Peak;;;;
2573;140,7906;7,495280533;18.04.;Wed;Low;Off-Peak;;;;
2574;140,7906;7,495280533;18.04.;Wed;Low;Off-Peak;;;;
2575;197,1252;10,49437018;18.04.;Wed;Low;Standard;;;;
2576;350,5944;18,66462236;18.04.;Wed;Low;Peak;;;;
2577;350,5944;18,66462236;18.04.;Wed;Low;Peak;;;;
2578;197,1252;10,49437018;18.04.;Wed;Low;Standard;;;;
2579;197,1252;10,49437018;18.04.;Wed;Low;Standard;;;;
2580;197,1252;10,49437018;18.04.;Wed;Low;Standard;;;;
2581;197,1252;10,49437018;18.04.;Wed;Low;Standard;;;;
2582;197,1252;10,49437018;18.04.;Wed;Low;Standard;;;;
2583;197,1252;10,49437018;18.04.;Wed;Low;Standard;;;;
2584;197,1252;10,49437018;18.04.;Wed;Low;Standard;;;;
2585;197,1252;10,49437018;18.04.;Wed;Low;Standard;;;;
2586;197,1252;10,49437018;18.04.;Wed;Low;Standard;;;;
2587;350,5944;18,66462236;18.04.;Wed;Low;Peak;;;;
2588;350,5944;18,66462236;18.04.;Wed;Low;Peak;;;;
2589;350,5944;18,66462236;18.04.;Wed;Low;Peak;;;;
2590;197,1252;10,49437018;18.04.;Wed;Low;Standard;;;;
2591;140,7906;7,495280533;18.04.;Wed;Low;Off-Peak;;;;
2592;140,7906;7,495280533;18.04.;Wed;Low;Off-Peak;;;;
2593;140,7906;7,495280533;19.04.;Thu;Low;Off-Peak;;;;
2594;140,7906;7,495280533;19.04.;Thu;Low;Off-Peak;;;;
2595;140,7906;7,495280533;19.04.;Thu;Low;Off-Peak;;;;
2596;140,7906;7,495280533;19.04.;Thu;Low;Off-Peak;;;;
2597;140,7906;7,495280533;19.04.;Thu;Low;Off-Peak;;;;
2598;140,7906;7,495280533;19.04.;Thu;Low;Off-Peak;;;;
2599;197,1252;10,49437018;19.04.;Thu;Low;Standard;;;;
2600;350,5944;18,66462236;19.04.;Thu;Low;Peak;;;;
2601;350,5944;18,66462236;19.04.;Thu;Low;Peak;;;;
2602;197,1252;10,49437018;19.04.;Thu;Low;Standard;;;;
2603;197,1252;10,49437018;19.04.;Thu;Low;Standard;;;;
2604;197,1252;10,49437018;19.04.;Thu;Low;Standard;;;;
2605;197,1252;10,49437018;19.04.;Thu;Low;Standard;;;;
2606;197,1252;10,49437018;19.04.;Thu;Low;Standard;;;;
2607;197,1252;10,49437018;19.04.;Thu;Low;Standard;;;;
2608;197,1252;10,49437018;19.04.;Thu;Low;Standard;;;;
2609;197,1252;10,49437018;19.04.;Thu;Low;Standard;;;;
2610;197,1252;10,49437018;19.04.;Thu;Low;Standard;;;;
2611;350,5944;18,66462236;19.04.;Thu;Low;Peak;;;;
2612;350,5944;18,66462236;19.04.;Thu;Low;Peak;;;;
2613;350,5944;18,66462236;19.04.;Thu;Low;Peak;;;;
2614;197,1252;10,49437018;19.04.;Thu;Low;Standard;;;;
2615;140,7906;7,495280533;19.04.;Thu;Low;Off-Peak;;;;
2616;140,7906;7,495280533;19.04.;Thu;Low;Off-Peak;;;;
2617;140,7906;7,495280533;20.04.;Fri;Low;Off-Peak;;;;
2618;140,7906;7,495280533;20.04.;Fri;Low;Off-Peak;;;;
2619;140,7906;7,495280533;20.04.;Fri;Low;Off-Peak;;;;
2620;140,7906;7,495280533;20.04.;Fri;Low;Off-Peak;;;;
2621;140,7906;7,495280533;20.04.;Fri;Low;Off-Peak;;;;
2622;140,7906;7,495280533;20.04.;Fri;Low;Off-Peak;;;;
2623;197,1252;10,49437018;20.04.;Fri;Low;Standard;;;;
2624;350,5944;18,66462236;20.04.;Fri;Low;Peak;;;;
2625;350,5944;18,66462236;20.04.;Fri;Low;Peak;;;;
2626;197,1252;10,49437018;20.04.;Fri;Low;Standard;;;;
2627;197,1252;10,49437018;20.04.;Fri;Low;Standard;;;;
2628;197,1252;10,49437018;20.04.;Fri;Low;Standard;;;;
2629;197,1252;10,49437018;20.04.;Fri;Low;Standard;;;;
2630;197,1252;10,49437018;20.04.;Fri;Low;Standard;;;;
2631;197,1252;10,49437018;20.04.;Fri;Low;Standard;;;;
2632;197,1252;10,49437018;20.04.;Fri;Low;Standard;;;;
2633;197,1252;10,49437018;20.04.;Fri;Low;Standard;;;;
2634;197,1252;10,49437018;20.04.;Fri;Low;Standard;;;;
2635;350,5944;18,66462236;20.04.;Fri;Low;Peak;;;;
2636;350,5944;18,66462236;20.04.;Fri;Low;Peak;;;;
2637;350,5944;18,66462236;20.04.;Fri;Low;Peak;;;;
2638;197,1252;10,49437018;20.04.;Fri;Low;Standard;;;;
2639;140,7906;7,495280533;20.04.;Fri;Low;Off-Peak;;;;
2640;140,7906;7,495280533;20.04.;Fri;Low;Off-Peak;;;;
2641;140,7906;7,495280533;21.04.;Sat;Low;Off-Peak;;;;
2642;140,7906;7,495280533;21.04.;Sat;Low;Off-Peak;;;;
2643;140,7906;7,495280533;21.04.;Sat;Low;Off-Peak;;;;
2644;140,7906;7,495280533;21.04.;Sat;Low;Off-Peak;;;;
2645;140,7906;7,495280533;21.04.;Sat;Low;Off-Peak;;;;
2646;140,7906;7,495280533;21.04.;Sat;Low;Off-Peak;;;;
2647;140,7906;7,495280533;21.04.;Sat;Low;Off-Peak;;;;
2648;197,1252;10,49437018;21.04.;Sat;Low;Standard;;;;
2649;197,1252;10,49437018;21.04.;Sat;Low;Standard;;;;
2650;197,1252;10,49437018;21.04.;Sat;Low;Standard;;;;
2651;197,1252;10,49437018;21.04.;Sat;Low;Standard;;;;
2652;197,1252;10,49437018;21.04.;Sat;Low;Standard;;;;
2653;140,7906;7,495280533;21.04.;Sat;Low;Off-Peak;;;;
2654;140,7906;7,495280533;21.04.;Sat;Low;Off-Peak;;;;
2655;140,7906;7,495280533;21.04.;Sat;Low;Off-Peak;;;;
2656;140,7906;7,495280533;21.04.;Sat;Low;Off-Peak;;;;
2657;140,7906;7,495280533;21.04.;Sat;Low;Off-Peak;;;;
2658;140,7906;7,495280533;21.04.;Sat;Low;Off-Peak;;;;
2659;197,1252;10,49437018;21.04.;Sat;Low;Standard;;;;
2660;197,1252;10,49437018;21.04.;Sat;Low;Standard;;;;
2661;140,7906;7,495280533;21.04.;Sat;Low;Off-Peak;;;;
2662;140,7906;7,495280533;21.04.;Sat;Low;Off-Peak;;;;
2663;140,7906;7,495280533;21.04.;Sat;Low;Off-Peak;;;;
2664;140,7906;7,495280533;21.04.;Sat;Low;Off-Peak;;;;
2665;140,7906;7,495280533;22.04.;Sun;Low;Off-Peak;;;;
2666;140,7906;7,495280533;22.04.;Sun;Low;Off-Peak;;;;
2667;140,7906;7,495280533;22.04.;Sun;Low;Off-Peak;;;;
2668;140,7906;7,495280533;22.04.;Sun;Low;Off-Peak;;;;
2669;140,7906;7,495280533;22.04.;Sun;Low;Off-Peak;;;;
2670;140,7906;7,495280533;22.04.;Sun;Low;Off-Peak;;;;
2671;140,7906;7,495280533;22.04.;Sun;Low;Off-Peak;;;;
2672;140,7906;7,495280533;22.04.;Sun;Low;Off-Peak;;;;
2673;140,7906;7,495280533;22.04.;Sun;Low;Off-Peak;;;;
2674;140,7906;7,495280533;22.04.;Sun;Low;Off-Peak;;;;
2675;140,7906;7,495280533;22.04.;Sun;Low;Off-Peak;;;;
2676;140,7906;7,495280533;22.04.;Sun;Low;Off-Peak;;;;
2677;140,7906;7,495280533;22.04.;Sun;Low;Off-Peak;;;;
2678;140,7906;7,495280533;22.04.;Sun;Low;Off-Peak;;;;
2679;140,7906;7,495280533;22.04.;Sun;Low;Off-Peak;;;;
2680;140,7906;7,495280533;22.04.;Sun;Low;Off-Peak;;;;
2681;140,7906;7,495280533;22.04.;Sun;Low;Off-Peak;;;;
2682;140,7906;7,495280533;22.04.;Sun;Low;Off-Peak;;;;
2683;197,1252;10,49437018;22.04.;Sun;Low;Standard;;;;
2684;197,1252;10,49437018;22.04.;Sun;Low;Standard;;;;
2685;140,7906;7,495280533;22.04.;Sun;Low;Off-Peak;;;;
2686;140,7906;7,495280533;22.04.;Sun;Low;Off-Peak;;;;
2687;140,7906;7,495280533;22.04.;Sun;Low;Off-Peak;;;;
2688;140,7906;7,495280533;22.04.;Sun;Low;Off-Peak;;;;
2689;140,7906;7,495280533;23.04.;Mon;Low;Off-Peak;;;;
2690;140,7906;7,495280533;23.04.;Mon;Low;Off-Peak;;;;
2691;140,7906;7,495280533;23.04.;Mon;Low;Off-Peak;;;;
2692;140,7906;7,495280533;23.04.;Mon;Low;Off-Peak;;;;
2693;140,7906;7,495280533;23.04.;Mon;Low;Off-Peak;;;;
2694;140,7906;7,495280533;23.04.;Mon;Low;Off-Peak;;;;
2695;197,1252;10,49437018;23.04.;Mon;Low;Standard;;;;
2696;350,5944;18,66462236;23.04.;Mon;Low;Peak;;;;
2697;350,5944;18,66462236;23.04.;Mon;Low;Peak;;;;
2698;197,1252;10,49437018;23.04.;Mon;Low;Standard;;;;
2699;197,1252;10,49437018;23.04.;Mon;Low;Standard;;;;
2700;197,1252;10,49437018;23.04.;Mon;Low;Standard;;;;
2701;197,1252;10,49437018;23.04.;Mon;Low;Standard;;;;
2702;197,1252;10,49437018;23.04.;Mon;Low;Standard;;;;
2703;197,1252;10,49437018;23.04.;Mon;Low;Standard;;;;
2704;197,1252;10,49437018;23.04.;Mon;Low;Standard;;;;
2705;197,1252;10,49437018;23.04.;Mon;Low;Standard;;;;
2706;197,1252;10,49437018;23.04.;Mon;Low;Standard;;;;
2707;350,5944;18,66462236;23.04.;Mon;Low;Peak;;;;
2708;350,5944;18,66462236;23.04.;Mon;Low;Peak;;;;
2709;350,5944;18,66462236;23.04.;Mon;Low;Peak;;;;
2710;197,1252;10,49437018;23.04.;Mon;Low;Standard;;;;
2711;140,7906;7,495280533;23.04.;Mon;Low;Off-Peak;;;;
2712;140,7906;7,495280533;23.04.;Mon;Low;Off-Peak;;;;
2713;140,7906;7,495280533;24.04.;Tue;Low;Off-Peak;;;;
2714;140,7906;7,495280533;24.04.;Tue;Low;Off-Peak;;;;
2715;140,7906;7,495280533;24.04.;Tue;Low;Off-Peak;;;;
2716;140,7906;7,495280533;24.04.;Tue;Low;Off-Peak;;;;
2717;140,7906;7,495280533;24.04.;Tue;Low;Off-Peak;;;;
2718;140,7906;7,495280533;24.04.;Tue;Low;Off-Peak;;;;
2719;197,1252;10,49437018;24.04.;Tue;Low;Standard;;;;
2720;350,5944;18,66462236;24.04.;Tue;Low;Peak;;;;
2721;350,5944;18,66462236;24.04.;Tue;Low;Peak;;;;
2722;197,1252;10,49437018;24.04.;Tue;Low;Standard;;;;
2723;197,1252;10,49437018;24.04.;Tue;Low;Standard;;;;
2724;197,1252;10,49437018;24.04.;Tue;Low;Standard;;;;
2725;197,1252;10,49437018;24.04.;Tue;Low;Standard;;;;
2726;197,1252;10,49437018;24.04.;Tue;Low;Standard;;;;
2727;197,1252;10,49437018;24.04.;Tue;Low;Standard;;;;
2728;197,1252;10,49437018;24.04.;Tue;Low;Standard;;;;
2729;197,1252;10,49437018;24.04.;Tue;Low;Standard;;;;
2730;197,1252;10,49437018;24.04.;Tue;Low;Standard;;;;
2731;350,5944;18,66462236;24.04.;Tue;Low;Peak;;;;
2732;350,5944;18,66462236;24.04.;Tue;Low;Peak;;;;
2733;350,5944;18,66462236;24.04.;Tue;Low;Peak;;;;
2734;197,1252;10,49437018;24.04.;Tue;Low;Standard;;;;
2735;140,7906;7,495280533;24.04.;Tue;Low;Off-Peak;;;;
2736;140,7906;7,495280533;24.04.;Tue;Low;Off-Peak;;;;
2737;140,7906;7,495280533;25.04.;Wed;Low;Off-Peak;;;;
2738;140,7906;7,495280533;25.04.;Wed;Low;Off-Peak;;;;
2739;140,7906;7,495280533;25.04.;Wed;Low;Off-Peak;;;;
2740;140,7906;7,495280533;25.04.;Wed;Low;Off-Peak;;;;
2741;140,7906;7,495280533;25.04.;Wed;Low;Off-Peak;;;;
2742;140,7906;7,495280533;25.04.;Wed;Low;Off-Peak;;;;
2743;197,1252;10,49437018;25.04.;Wed;Low;Standard;;;;
2744;350,5944;18,66462236;25.04.;Wed;Low;Peak;;;;
2745;350,5944;18,66462236;25.04.;Wed;Low;Peak;;;;
2746;197,1252;10,49437018;25.04.;Wed;Low;Standard;;;;
2747;197,1252;10,49437018;25.04.;Wed;Low;Standard;;;;
2748;197,1252;10,49437018;25.04.;Wed;Low;Standard;;;;
2749;197,1252;10,49437018;25.04.;Wed;Low;Standard;;;;
2750;197,1252;10,49437018;25.04.;Wed;Low;Standard;;;;
2751;197,1252;10,49437018;25.04.;Wed;Low;Standard;;;;
2752;197,1252;10,49437018;25.04.;Wed;Low;Standard;;;;
2753;197,1252;10,49437018;25.04.;Wed;Low;Standard;;;;
2754;197,1252;10,49437018;25.04.;Wed;Low;Standard;;;;
2755;350,5944;18,66462236;25.04.;Wed;Low;Peak;;;;
2756;350,5944;18,66462236;25.04.;Wed;Low;Peak;;;;
2757;350,5944;18,66462236;25.04.;Wed;Low;Peak;;;;
2758;197,1252;10,49437018;25.04.;Wed;Low;Standard;;;;
2759;140,7906;7,495280533;25.04.;Wed;Low;Off-Peak;;;;
2760;140,7906;7,495280533;25.04.;Wed;Low;Off-Peak;;;;
2761;140,7906;7,495280533;26.04.;Thu;Low;Off-Peak;;;;
2762;140,7906;7,495280533;26.04.;Thu;Low;Off-Peak;;;;
2763;140,7906;7,495280533;26.04.;Thu;Low;Off-Peak;;;;
2764;140,7906;7,495280533;26.04.;Thu;Low;Off-Peak;;;;
2765;140,7906;7,495280533;26.04.;Thu;Low;Off-Peak;;;;
2766;140,7906;7,495280533;26.04.;Thu;Low;Off-Peak;;;;
2767;197,1252;10,49437018;26.04.;Thu;Low;Standard;;;;
2768;350,5944;18,66462236;26.04.;Thu;Low;Peak;;;;
2769;350,5944;18,66462236;26.04.;Thu;Low;Peak;;;;
2770;197,1252;10,49437018;26.04.;Thu;Low;Standard;;;;
2771;197,1252;10,49437018;26.04.;Thu;Low;Standard;;;;
2772;197,1252;10,49437018;26.04.;Thu;Low;Standard;;;;
2773;197,1252;10,49437018;26.04.;Thu;Low;Standard;;;;
2774;197,1252;10,49437018;26.04.;Thu;Low;Standard;;;;
2775;197,1252;10,49437018;26.04.;Thu;Low;Standard;;;;
2776;197,1252;10,49437018;26.04.;Thu;Low;Standard;;;;
2777;197,1252;10,49437018;26.04.;Thu;Low;Standard;;;;
2778;197,1252;10,49437018;26.04.;Thu;Low;Standard;;;;
2779;350,5944;18,66462236;26.04.;Thu;Low;Peak;;;;
2780;350,5944;18,66462236;26.04.;Thu;Low;Peak;;;;
2781;350,5944;18,66462236;26.04.;Thu;Low;Peak;;;;
2782;197,1252;10,49437018;26.04.;Thu;Low;Standard;;;;
2783;140,7906;7,495280533;26.04.;Thu;Low;Off-Peak;;;;
2784;140,7906;7,495280533;26.04.;Thu;Low;Off-Peak;;;;
2785;140,7906;7,495280533;27.04.;Fri;Low;Off-Peak;;;;
2786;140,7906;7,495280533;27.04.;Fri;Low;Off-Peak;;;;
2787;140,7906;7,495280533;27.04.;Fri;Low;Off-Peak;;;;
2788;140,7906;7,495280533;27.04.;Fri;Low;Off-Peak;;;;
2789;140,7906;7,495280533;27.04.;Fri;Low;Off-Peak;;;;
2790;140,7906;7,495280533;27.04.;Fri;Low;Off-Peak;;;;
2791;197,1252;10,49437018;27.04.;Fri;Low;Standard;;;;
2792;350,5944;18,66462236;27.04.;Fri;Low;Peak;;;;
2793;350,5944;18,66462236;27.04.;Fri;Low;Peak;;;;
2794;197,1252;10,49437018;27.04.;Fri;Low;Standard;;;;
2795;197,1252;10,49437018;27.04.;Fri;Low;Standard;;;;
2796;197,1252;10,49437018;27.04.;Fri;Low;Standard;;;;
2797;197,1252;10,49437018;27.04.;Fri;Low;Standard;;;;
2798;197,1252;10,49437018;27.04.;Fri;Low;Standard;;;;
2799;197,1252;10,49437018;27.04.;Fri;Low;Standard;;;;
2800;197,1252;10,49437018;27.04.;Fri;Low;Standard;;;;
2801;197,1252;10,49437018;27.04.;Fri;Low;Standard;;;;
2802;197,1252;10,49437018;27.04.;Fri;Low;Standard;;;;
2803;350,5944;18,66462236;27.04.;Fri;Low;Peak;;;;
2804;350,5944;18,66462236;27.04.;Fri;Low;Peak;;;;
2805;350,5944;18,66462236;27.04.;Fri;Low;Peak;;;;
2806;197,1252;10,49437018;27.04.;Fri;Low;Standard;;;;
2807;140,7906;7,495280533;27.04.;Fri;Low;Off-Peak;;;;
2808;140,7906;7,495280533;27.04.;Fri;Low;Off-Peak;;;;
2809;140,7906;7,495280533;28.04.;Sat;Low;Off-Peak;;;;
2810;140,7906;7,495280533;28.04.;Sat;Low;Off-Peak;;;;
2811;140,7906;7,495280533;28.04.;Sat;Low;Off-Peak;;;;
2812;140,7906;7,495280533;28.04.;Sat;Low;Off-Peak;;;;
2813;140,7906;7,495280533;28.04.;Sat;Low;Off-Peak;;;;
2814;140,7906;7,495280533;28.04.;Sat;Low;Off-Peak;;;;
2815;140,7906;7,495280533;28.04.;Sat;Low;Off-Peak;;;;
2816;197,1252;10,49437018;28.04.;Sat;Low;Standard;;;;
2817;197,1252;10,49437018;28.04.;Sat;Low;Standard;;;;
2818;197,1252;10,49437018;28.04.;Sat;Low;Standard;;;;
2819;197,1252;10,49437018;28.04.;Sat;Low;Standard;;;;
2820;197,1252;10,49437018;28.04.;Sat;Low;Standard;;;;
2821;140,7906;7,495280533;28.04.;Sat;Low;Off-Peak;;;;
2822;140,7906;7,495280533;28.04.;Sat;Low;Off-Peak;;;;
2823;140,7906;7,495280533;28.04.;Sat;Low;Off-Peak;;;;
2824;140,7906;7,495280533;28.04.;Sat;Low;Off-Peak;;;;
2825;140,7906;7,495280533;28.04.;Sat;Low;Off-Peak;;;;
2826;140,7906;7,495280533;28.04.;Sat;Low;Off-Peak;;;;
2827;197,1252;10,49437018;28.04.;Sat;Low;Standard;;;;
2828;197,1252;10,49437018;28.04.;Sat;Low;Standard;;;;
2829;140,7906;7,495280533;28.04.;Sat;Low;Off-Peak;;;;
2830;140,7906;7,495280533;28.04.;Sat;Low;Off-Peak;;;;
2831;140,7906;7,495280533;28.04.;Sat;Low;Off-Peak;;;;
2832;140,7906;7,495280533;28.04.;Sat;Low;Off-Peak;;;;
2833;140,7906;7,495280533;29.04.;Sun;Low;Off-Peak;;;;
2834;140,7906;7,495280533;29.04.;Sun;Low;Off-Peak;;;;
2835;140,7906;7,495280533;29.04.;Sun;Low;Off-Peak;;;;
2836;140,7906;7,495280533;29.04.;Sun;Low;Off-Peak;;;;
2837;140,7906;7,495280533;29.04.;Sun;Low;Off-Peak;;;;
2838;140,7906;7,495280533;29.04.;Sun;Low;Off-Peak;;;;
2839;140,7906;7,495280533;29.04.;Sun;Low;Off-Peak;;;;
2840;140,7906;7,495280533;29.04.;Sun;Low;Off-Peak;;;;
2841;140,7906;7,495280533;29.04.;Sun;Low;Off-Peak;;;;
2842;140,7906;7,495280533;29.04.;Sun;Low;Off-Peak;;;;
2843;140,7906;7,495280533;29.04.;Sun;Low;Off-Peak;;;;
2844;140,7906;7,495280533;29.04.;Sun;Low;Off-Peak;;;;
2845;140,7906;7,495280533;29.04.;Sun;Low;Off-Peak;;;;
2846;140,7906;7,495280533;29.04.;Sun;Low;Off-Peak;;;;
2847;140,7906;7,495280533;29.04.;Sun;Low;Off-Peak;;;;
2848;140,7906;7,495280533;29.04.;Sun;Low;Off-Peak;;;;
2849;140,7906;7,495280533;29.04.;Sun;Low;Off-Peak;;;;
2850;140,7906;7,495280533;29.04.;Sun;Low;Off-Peak;;;;
2851;197,1252;10,49437018;29.04.;Sun;Low;Standard;;;;
2852;197,1252;10,49437018;29.04.;Sun;Low;Standard;;;;
2853;140,7906;7,495280533;29.04.;Sun;Low;Off-Peak;;;;
2854;140,7906;7,495280533;29.04.;Sun;Low;Off-Peak;;;;
2855;140,7906;7,495280533;29.04.;Sun;Low;Off-Peak;;;;
2856;140,7906;7,495280533;29.04.;Sun;Low;Off-Peak;;;;
2857;140,7906;7,495280533;30.04.;Mon;Low;Off-Peak;;;;
2858;140,7906;7,495280533;30.04.;Mon;Low;Off-Peak;;;;
2859;140,7906;7,495280533;30.04.;Mon;Low;Off-Peak;;;;
2860;140,7906;7,495280533;30.04.;Mon;Low;Off-Peak;;;;
2861;140,7906;7,495280533;30.04.;Mon;Low;Off-Peak;;;;
2862;140,7906;7,495280533;30.04.;Mon;Low;Off-Peak;;;;
2863;197,1252;10,49437018;30.04.;Mon;Low;Standard;;;;
2864;350,5944;18,66462236;30.04.;Mon;Low;Peak;;;;
2865;350,5944;18,66462236;30.04.;Mon;Low;Peak;;;;
2866;197,1252;10,49437018;30.04.;Mon;Low;Standard;;;;
2867;197,1252;10,49437018;30.04.;Mon;Low;Standard;;;;
2868;197,1252;10,49437018;30.04.;Mon;Low;Standard;;;;
2869;197,1252;10,49437018;30.04.;Mon;Low;Standard;;;;
2870;197,1252;10,49437018;30.04.;Mon;Low;Standard;;;;
2871;197,1252;10,49437018;30.04.;Mon;Low;Standard;;;;
2872;197,1252;10,49437018;30.04.;Mon;Low;Standard;;;;
2873;197,1252;10,49437018;30.04.;Mon;Low;Standard;;;;
2874;197,1252;10,49437018;30.04.;Mon;Low;Standard;;;;
2875;350,5944;18,66462236;30.04.;Mon;Low;Peak;;;;
2876;350,5944;18,66462236;30.04.;Mon;Low;Peak;;;;
2877;350,5944;18,66462236;30.04.;Mon;Low;Peak;;;;
2878;197,1252;10,49437018;30.04.;Mon;Low;Standard;;;;
2879;140,7906;7,495280533;30.04.;Mon;Low;Off-Peak;;;;
2880;140,7906;7,495280533;30.04.;Mon;Low;Off-Peak;;;;
2881;140,7906;7,495280533;01.05.;Tue;Low;Off-Peak;;;;
2882;140,7906;7,495280533;01.05.;Tue;Low;Off-Peak;;;;
2883;140,7906;7,495280533;01.05.;Tue;Low;Off-Peak;;;;
2884;140,7906;7,495280533;01.05.;Tue;Low;Off-Peak;;;;
2885;140,7906;7,495280533;01.05.;Tue;Low;Off-Peak;;;;
2886;140,7906;7,495280533;01.05.;Tue;Low;Off-Peak;;;;
2887;197,1252;10,49437018;01.05.;Tue;Low;Standard;;;;
2888;350,5944;18,66462236;01.05.;Tue;Low;Peak;;;;
2889;350,5944;18,66462236;01.05.;Tue;Low;Peak;;;;
2890;197,1252;10,49437018;01.05.;Tue;Low;Standard;;;;
2891;197,1252;10,49437018;01.05.;Tue;Low;Standard;;;;
2892;197,1252;10,49437018;01.05.;Tue;Low;Standard;;;;
2893;197,1252;10,49437018;01.05.;Tue;Low;Standard;;;;
2894;197,1252;10,49437018;01.05.;Tue;Low;Standard;;;;
2895;197,1252;10,49437018;01.05.;Tue;Low;Standard;;;;
2896;197,1252;10,49437018;01.05.;Tue;Low;Standard;;;;
2897;197,1252;10,49437018;01.05.;Tue;Low;Standard;;;;
2898;197,1252;10,49437018;01.05.;Tue;Low;Standard;;;;
2899;350,5944;18,66462236;01.05.;Tue;Low;Peak;;;;
2900;350,5944;18,66462236;01.05.;Tue;Low;Peak;;;;
2901;350,5944;18,66462236;01.05.;Tue;Low;Peak;;;;
2902;197,1252;10,49437018;01.05.;Tue;Low;Standard;;;;
2903;140,7906;7,495280533;01.05.;Tue;Low;Off-Peak;;;;
2904;140,7906;7,495280533;01.05.;Tue;Low;Off-Peak;;;;
2905;140,7906;7,495280533;02.05.;Wed;Low;Off-Peak;;;;
2906;140,7906;7,495280533;02.05.;Wed;Low;Off-Peak;;;;
2907;140,7906;7,495280533;02.05.;Wed;Low;Off-Peak;;;;
2908;140,7906;7,495280533;02.05.;Wed;Low;Off-Peak;;;;
2909;140,7906;7,495280533;02.05.;Wed;Low;Off-Peak;;;;
2910;140,7906;7,495280533;02.05.;Wed;Low;Off-Peak;;;;
2911;197,1252;10,49437018;02.05.;Wed;Low;Standard;;;;
2912;350,5944;18,66462236;02.05.;Wed;Low;Peak;;;;
2913;350,5944;18,66462236;02.05.;Wed;Low;Peak;;;;
2914;197,1252;10,49437018;02.05.;Wed;Low;Standard;;;;
2915;197,1252;10,49437018;02.05.;Wed;Low;Standard;;;;
2916;197,1252;10,49437018;02.05.;Wed;Low;Standard;;;;
2917;197,1252;10,49437018;02.05.;Wed;Low;Standard;;;;
2918;197,1252;10,49437018;02.05.;Wed;Low;Standard;;;;
2919;197,1252;10,49437018;02.05.;Wed;Low;Standard;;;;
2920;197,1252;10,49437018;02.05.;Wed;Low;Standard;;;;
2921;197,1252;10,49437018;02.05.;Wed;Low;Standard;;;;
2922;197,1252;10,49437018;02.05.;Wed;Low;Standard;;;;
2923;350,5944;18,66462236;02.05.;Wed;Low;Peak;;;;
2924;350,5944;18,66462236;02.05.;Wed;Low;Peak;;;;
2925;350,5944;18,66462236;02.05.;Wed;Low;Peak;;;;
2926;197,1252;10,49437018;02.05.;Wed;Low;Standard;;;;
2927;140,7906;7,495280533;02.05.;Wed;Low;Off-Peak;;;;
2928;140,7906;7,495280533;02.05.;Wed;Low;Off-Peak;;;;
2929;140,7906;7,495280533;03.05.;Thu;Low;Off-Peak;;;;
2930;140,7906;7,495280533;03.05.;Thu;Low;Off-Peak;;;;
2931;140,7906;7,495280533;03.05.;Thu;Low;Off-Peak;;;;
2932;140,7906;7,495280533;03.05.;Thu;Low;Off-Peak;;;;
2933;140,7906;7,495280533;03.05.;Thu;Low;Off-Peak;;;;
2934;140,7906;7,495280533;03.05.;Thu;Low;Off-Peak;;;;
2935;197,1252;10,49437018;03.05.;Thu;Low;Standard;;;;
2936;350,5944;18,66462236;03.05.;Thu;Low;Peak;;;;
2937;350,5944;18,66462236;03.05.;Thu;Low;Peak;;;;
2938;197,1252;10,49437018;03.05.;Thu;Low;Standard;;;;
2939;197,1252;10,49437018;03.05.;Thu;Low;Standard;;;;
2940;197,1252;10,49437018;03.05.;Thu;Low;Standard;;;;
2941;197,1252;10,49437018;03.05.;Thu;Low;Standard;;;;
2942;197,1252;10,49437018;03.05.;Thu;Low;Standard;;;;
2943;197,1252;10,49437018;03.05.;Thu;Low;Standard;;;;
2944;197,1252;10,49437018;03.05.;Thu;Low;Standard;;;;
2945;197,1252;10,49437018;03.05.;Thu;Low;Standard;;;;
2946;197,1252;10,49437018;03.05.;Thu;Low;Standard;;;;
2947;350,5944;18,66462236;03.05.;Thu;Low;Peak;;;;
2948;350,5944;18,66462236;03.05.;Thu;Low;Peak;;;;
2949;350,5944;18,66462236;03.05.;Thu;Low;Peak;;;;
2950;197,1252;10,49437018;03.05.;Thu;Low;Standard;;;;
2951;140,7906;7,495280533;03.05.;Thu;Low;Off-Peak;;;;
2952;140,7906;7,495280533;03.05.;Thu;Low;Off-Peak;;;;
2953;140,7906;7,495280533;04.05.;Fri;Low;Off-Peak;;;;
2954;140,7906;7,495280533;04.05.;Fri;Low;Off-Peak;;;;
2955;140,7906;7,495280533;04.05.;Fri;Low;Off-Peak;;;;
2956;140,7906;7,495280533;04.05.;Fri;Low;Off-Peak;;;;
2957;140,7906;7,495280533;04.05.;Fri;Low;Off-Peak;;;;
2958;140,7906;7,495280533;04.05.;Fri;Low;Off-Peak;;;;
2959;197,1252;10,49437018;04.05.;Fri;Low;Standard;;;;
2960;350,5944;18,66462236;04.05.;Fri;Low;Peak;;;;
2961;350,5944;18,66462236;04.05.;Fri;Low;Peak;;;;
2962;197,1252;10,49437018;04.05.;Fri;Low;Standard;;;;
2963;197,1252;10,49437018;04.05.;Fri;Low;Standard;;;;
2964;197,1252;10,49437018;04.05.;Fri;Low;Standard;;;;
2965;197,1252;10,49437018;04.05.;Fri;Low;Standard;;;;
2966;197,1252;10,49437018;04.05.;Fri;Low;Standard;;;;
2967;197,1252;10,49437018;04.05.;Fri;Low;Standard;;;;
2968;197,1252;10,49437018;04.05.;Fri;Low;Standard;;;;
2969;197,1252;10,49437018;04.05.;Fri;Low;Standard;;;;
2970;197,1252;10,49437018;04.05.;Fri;Low;Standard;;;;
2971;350,5944;18,66462236;04.05.;Fri;Low;Peak;;;;
2972;350,5944;18,66462236;04.05.;Fri;Low;Peak;;;;
2973;350,5944;18,66462236;04.05.;Fri;Low;Peak;;;;
2974;197,1252;10,49437018;04.05.;Fri;Low;Standard;;;;
2975;140,7906;7,495280533;04.05.;Fri;Low;Off-Peak;;;;
2976;140,7906;7,495280533;04.05.;Fri;Low;Off-Peak;;;;
2977;140,7906;7,495280533;05.05.;Sat;Low;Off-Peak;;;;
2978;140,7906;7,495280533;05.05.;Sat;Low;Off-Peak;;;;
2979;140,7906;7,495280533;05.05.;Sat;Low;Off-Peak;;;;
2980;140,7906;7,495280533;05.05.;Sat;Low;Off-Peak;;;;
2981;140,7906;7,495280533;05.05.;Sat;Low;Off-Peak;;;;
2982;140,7906;7,495280533;05.05.;Sat;Low;Off-Peak;;;;
2983;140,7906;7,495280533;05.05.;Sat;Low;Off-Peak;;;;
2984;197,1252;10,49437018;05.05.;Sat;Low;Standard;;;;
2985;197,1252;10,49437018;05.05.;Sat;Low;Standard;;;;
2986;197,1252;10,49437018;05.05.;Sat;Low;Standard;;;;
2987;197,1252;10,49437018;05.05.;Sat;Low;Standard;;;;
2988;197,1252;10,49437018;05.05.;Sat;Low;Standard;;;;
2989;140,7906;7,495280533;05.05.;Sat;Low;Off-Peak;;;;
2990;140,7906;7,495280533;05.05.;Sat;Low;Off-Peak;;;;
2991;140,7906;7,495280533;05.05.;Sat;Low;Off-Peak;;;;
2992;140,7906;7,495280533;05.05.;Sat;Low;Off-Peak;;;;
2993;140,7906;7,495280533;05.05.;Sat;Low;Off-Peak;;;;
2994;140,7906;7,495280533;05.05.;Sat;Low;Off-Peak;;;;
2995;197,1252;10,49437018;05.05.;Sat;Low;Standard;;;;
2996;197,1252;10,49437018;05.05.;Sat;Low;Standard;;;;
2997;140,7906;7,495280533;05.05.;Sat;Low;Off-Peak;;;;
2998;140,7906;7,495280533;05.05.;Sat;Low;Off-Peak;;;;
2999;140,7906;7,495280533;05.05.;Sat;Low;Off-Peak;;;;
3000;140,7906;7,495280533;05.05.;Sat;Low;Off-Peak;;;;
3001;140,7906;7,495280533;06.05.;Sun;Low;Off-Peak;;;;
3002;140,7906;7,495280533;06.05.;Sun;Low;Off-Peak;;;;
3003;140,7906;7,495280533;06.05.;Sun;Low;Off-Peak;;;;
3004;140,7906;7,495280533;06.05.;Sun;Low;Off-Peak;;;;
3005;140,7906;7,495280533;06.05.;Sun;Low;Off-Peak;;;;
3006;140,7906;7,495280533;06.05.;Sun;Low;Off-Peak;;;;
3007;140,7906;7,495280533;06.05.;Sun;Low;Off-Peak;;;;
3008;140,7906;7,495280533;06.05.;Sun;Low;Off-Peak;;;;
3009;140,7906;7,495280533;06.05.;Sun;Low;Off-Peak;;;;
3010;140,7906;7,495280533;06.05.;Sun;Low;Off-Peak;;;;
3011;140,7906;7,495280533;06.05.;Sun;Low;Off-Peak;;;;
3012;140,7906;7,495280533;06.05.;Sun;Low;Off-Peak;;;;
3013;140,7906;7,495280533;06.05.;Sun;Low;Off-Peak;;;;
3014;140,7906;7,495280533;06.05.;Sun;Low;Off-Peak;;;;
3015;140,7906;7,495280533;06.05.;Sun;Low;Off-Peak;;;;
3016;140,7906;7,495280533;06.05.;Sun;Low;Off-Peak;;;;
3017;140,7906;7,495280533;06.05.;Sun;Low;Off-Peak;;;;
3018;140,7906;7,495280533;06.05.;Sun;Low;Off-Peak;;;;
3019;197,1252;10,49437018;06.05.;Sun;Low;Standard;;;;
3020;197,1252;10,49437018;06.05.;Sun;Low;Standard;;;;
3021;140,7906;7,495280533;06.05.;Sun;Low;Off-Peak;;;;
3022;140,7906;7,495280533;06.05.;Sun;Low;Off-Peak;;;;
3023;140,7906;7,495280533;06.05.;Sun;Low;Off-Peak;;;;
3024;140,7906;7,495280533;06.05.;Sun;Low;Off-Peak;;;;
3025;140,7906;7,495280533;07.05.;Mon;Low;Off-Peak;;;;
3026;140,7906;7,495280533;07.05.;Mon;Low;Off-Peak;;;;
3027;140,7906;7,495280533;07.05.;Mon;Low;Off-Peak;;;;
3028;140,7906;7,495280533;07.05.;Mon;Low;Off-Peak;;;;
3029;140,7906;7,495280533;07.05.;Mon;Low;Off-Peak;;;;
3030;140,7906;7,495280533;07.05.;Mon;Low;Off-Peak;;;;
3031;197,1252;10,49437018;07.05.;Mon;Low;Standard;;;;
3032;350,5944;18,66462236;07.05.;Mon;Low;Peak;;;;
3033;350,5944;18,66462236;07.05.;Mon;Low;Peak;;;;
3034;197,1252;10,49437018;07.05.;Mon;Low;Standard;;;;
3035;197,1252;10,49437018;07.05.;Mon;Low;Standard;;;;
3036;197,1252;10,49437018;07.05.;Mon;Low;Standard;;;;
3037;197,1252;10,49437018;07.05.;Mon;Low;Standard;;;;
3038;197,1252;10,49437018;07.05.;Mon;Low;Standard;;;;
3039;197,1252;10,49437018;07.05.;Mon;Low;Standard;;;;
3040;197,1252;10,49437018;07.05.;Mon;Low;Standard;;;;
3041;197,1252;10,49437018;07.05.;Mon;Low;Standard;;;;
3042;197,1252;10,49437018;07.05.;Mon;Low;Standard;;;;
3043;350,5944;18,66462236;07.05.;Mon;Low;Peak;;;;
3044;350,5944;18,66462236;07.05.;Mon;Low;Peak;;;;
3045;350,5944;18,66462236;07.05.;Mon;Low;Peak;;;;
3046;197,1252;10,49437018;07.05.;Mon;Low;Standard;;;;
3047;140,7906;7,495280533;07.05.;Mon;Low;Off-Peak;;;;
3048;140,7906;7,495280533;07.05.;Mon;Low;Off-Peak;;;;
3049;140,7906;7,495280533;08.05.;Tue;Low;Off-Peak;;;;
3050;140,7906;7,495280533;08.05.;Tue;Low;Off-Peak;;;;
3051;140,7906;7,495280533;08.05.;Tue;Low;Off-Peak;;;;
3052;140,7906;7,495280533;08.05.;Tue;Low;Off-Peak;;;;
3053;140,7906;7,495280533;08.05.;Tue;Low;Off-Peak;;;;
3054;140,7906;7,495280533;08.05.;Tue;Low;Off-Peak;;;;
3055;197,1252;10,49437018;08.05.;Tue;Low;Standard;;;;
3056;350,5944;18,66462236;08.05.;Tue;Low;Peak;;;;
3057;350,5944;18,66462236;08.05.;Tue;Low;Peak;;;;
3058;197,1252;10,49437018;08.05.;Tue;Low;Standard;;;;
3059;197,1252;10,49437018;08.05.;Tue;Low;Standard;;;;
3060;197,1252;10,49437018;08.05.;Tue;Low;Standard;;;;
3061;197,1252;10,49437018;08.05.;Tue;Low;Standard;;;;
3062;197,1252;10,49437018;08.05.;Tue;Low;Standard;;;;
3063;197,1252;10,49437018;08.05.;Tue;Low;Standard;;;;
3064;197,1252;10,49437018;08.05.;Tue;Low;Standard;;;;
3065;197,1252;10,49437018;08.05.;Tue;Low;Standard;;;;
3066;197,1252;10,49437018;08.05.;Tue;Low;Standard;;;;
3067;350,5944;18,66462236;08.05.;Tue;Low;Peak;;;;
3068;350,5944;18,66462236;08.05.;Tue;Low;Peak;;;;
3069;350,5944;18,66462236;08.05.;Tue;Low;Peak;;;;
3070;197,1252;10,49437018;08.05.;Tue;Low;Standard;;;;
3071;140,7906;7,495280533;08.05.;Tue;Low;Off-Peak;;;;
3072;140,7906;7,495280533;08.05.;Tue;Low;Off-Peak;;;;
3073;140,7906;7,495280533;09.05.;Wed;Low;Off-Peak;;;;
3074;140,7906;7,495280533;09.05.;Wed;Low;Off-Peak;;;;
3075;140,7906;7,495280533;09.05.;Wed;Low;Off-Peak;;;;
3076;140,7906;7,495280533;09.05.;Wed;Low;Off-Peak;;;;
3077;140,7906;7,495280533;09.05.;Wed;Low;Off-Peak;;;;
3078;140,7906;7,495280533;09.05.;Wed;Low;Off-Peak;;;;
3079;197,1252;10,49437018;09.05.;Wed;Low;Standard;;;;
3080;350,5944;18,66462236;09.05.;Wed;Low;Peak;;;;
3081;350,5944;18,66462236;09.05.;Wed;Low;Peak;;;;
3082;197,1252;10,49437018;09.05.;Wed;Low;Standard;;;;
3083;197,1252;10,49437018;09.05.;Wed;Low;Standard;;;;
3084;197,1252;10,49437018;09.05.;Wed;Low;Standard;;;;
3085;197,1252;10,49437018;09.05.;Wed;Low;Standard;;;;
3086;197,1252;10,49437018;09.05.;Wed;Low;Standard;;;;
3087;197,1252;10,49437018;09.05.;Wed;Low;Standard;;;;
3088;197,1252;10,49437018;09.05.;Wed;Low;Standard;;;;
3089;197,1252;10,49437018;09.05.;Wed;Low;Standard;;;;
3090;197,1252;10,49437018;09.05.;Wed;Low;Standard;;;;
3091;350,5944;18,66462236;09.05.;Wed;Low;Peak;;;;
3092;350,5944;18,66462236;09.05.;Wed;Low;Peak;;;;
3093;350,5944;18,66462236;09.05.;Wed;Low;Peak;;;;
3094;197,1252;10,49437018;09.05.;Wed;Low;Standard;;;;
3095;140,7906;7,495280533;09.05.;Wed;Low;Off-Peak;;;;
3096;140,7906;7,495280533;09.05.;Wed;Low;Off-Peak;;;;
3097;140,7906;7,495280533;10.05.;Thu;Low;Off-Peak;;;;
3098;140,7906;7,495280533;10.05.;Thu;Low;Off-Peak;;;;
3099;140,7906;7,495280533;10.05.;Thu;Low;Off-Peak;;;;
3100;140,7906;7,495280533;10.05.;Thu;Low;Off-Peak;;;;
3101;140,7906;7,495280533;10.05.;Thu;Low;Off-Peak;;;;
3102;140,7906;7,495280533;10.05.;Thu;Low;Off-Peak;;;;
3103;197,1252;10,49437018;10.05.;Thu;Low;Standard;;;;
3104;350,5944;18,66462236;10.05.;Thu;Low;Peak;;;;
3105;350,5944;18,66462236;10.05.;Thu;Low;Peak;;;;
3106;197,1252;10,49437018;10.05.;Thu;Low;Standard;;;;
3107;197,1252;10,49437018;10.05.;Thu;Low;Standard;;;;
3108;197,1252;10,49437018;10.05.;Thu;Low;Standard;;;;
3109;197,1252;10,49437018;10.05.;Thu;Low;Standard;;;;
3110;197,1252;10,49437018;10.05.;Thu;Low;Standard;;;;
3111;197,1252;10,49437018;10.05.;Thu;Low;Standard;;;;
3112;197,1252;10,49437018;10.05.;Thu;Low;Standard;;;;
3113;197,1252;10,49437018;10.05.;Thu;Low;Standard;;;;
3114;197,1252;10,49437018;10.05.;Thu;Low;Standard;;;;
3115;350,5944;18,66462236;10.05.;Thu;Low;Peak;;;;
3116;350,5944;18,66462236;10.05.;Thu;Low;Peak;;;;
3117;350,5944;18,66462236;10.05.;Thu;Low;Peak;;;;
3118;197,1252;10,49437018;10.05.;Thu;Low;Standard;;;;
3119;140,7906;7,495280533;10.05.;Thu;Low;Off-Peak;;;;
3120;140,7906;7,495280533;10.05.;Thu;Low;Off-Peak;;;;
3121;140,7906;7,495280533;11.05.;Fri;Low;Off-Peak;;;;
3122;140,7906;7,495280533;11.05.;Fri;Low;Off-Peak;;;;
3123;140,7906;7,495280533;11.05.;Fri;Low;Off-Peak;;;;
3124;140,7906;7,495280533;11.05.;Fri;Low;Off-Peak;;;;
3125;140,7906;7,495280533;11.05.;Fri;Low;Off-Peak;;;;
3126;140,7906;7,495280533;11.05.;Fri;Low;Off-Peak;;;;
3127;197,1252;10,49437018;11.05.;Fri;Low;Standard;;;;
3128;350,5944;18,66462236;11.05.;Fri;Low;Peak;;;;
3129;350,5944;18,66462236;11.05.;Fri;Low;Peak;;;;
3130;197,1252;10,49437018;11.05.;Fri;Low;Standard;;;;
3131;197,1252;10,49437018;11.05.;Fri;Low;Standard;;;;
3132;197,1252;10,49437018;11.05.;Fri;Low;Standard;;;;
3133;197,1252;10,49437018;11.05.;Fri;Low;Standard;;;;
3134;197,1252;10,49437018;11.05.;Fri;Low;Standard;;;;
3135;197,1252;10,49437018;11.05.;Fri;Low;Standard;;;;
3136;197,1252;10,49437018;11.05.;Fri;Low;Standard;;;;
3137;197,1252;10,49437018;11.05.;Fri;Low;Standard;;;;
3138;197,1252;10,49437018;11.05.;Fri;Low;Standard;;;;
3139;350,5944;18,66462236;11.05.;Fri;Low;Peak;;;;
3140;350,5944;18,66462236;11.05.;Fri;Low;Peak;;;;
3141;350,5944;18,66462236;11.05.;Fri;Low;Peak;;;;
3142;197,1252;10,49437018;11.05.;Fri;Low;Standard;;;;
3143;140,7906;7,495280533;11.05.;Fri;Low;Off-Peak;;;;
3144;140,7906;7,495280533;11.05.;Fri;Low;Off-Peak;;;;
3145;140,7906;7,495280533;12.05.;Sat;Low;Off-Peak;;;;
3146;140,7906;7,495280533;12.05.;Sat;Low;Off-Peak;;;;
3147;140,7906;7,495280533;12.05.;Sat;Low;Off-Peak;;;;
3148;140,7906;7,495280533;12.05.;Sat;Low;Off-Peak;;;;
3149;140,7906;7,495280533;12.05.;Sat;Low;Off-Peak;;;;
3150;140,7906;7,495280533;12.05.;Sat;Low;Off-Peak;;;;
3151;140,7906;7,495280533;12.05.;Sat;Low;Off-Peak;;;;
3152;197,1252;10,49437018;12.05.;Sat;Low;Standard;;;;
3153;197,1252;10,49437018;12.05.;Sat;Low;Standard;;;;
3154;197,1252;10,49437018;12.05.;Sat;Low;Standard;;;;
3155;197,1252;10,49437018;12.05.;Sat;Low;Standard;;;;
3156;197,1252;10,49437018;12.05.;Sat;Low;Standard;;;;
3157;140,7906;7,495280533;12.05.;Sat;Low;Off-Peak;;;;
3158;140,7906;7,495280533;12.05.;Sat;Low;Off-Peak;;;;
3159;140,7906;7,495280533;12.05.;Sat;Low;Off-Peak;;;;
3160;140,7906;7,495280533;12.05.;Sat;Low;Off-Peak;;;;
3161;140,7906;7,495280533;12.05.;Sat;Low;Off-Peak;;;;
3162;140,7906;7,495280533;12.05.;Sat;Low;Off-Peak;;;;
3163;197,1252;10,49437018;12.05.;Sat;Low;Standard;;;;
3164;197,1252;10,49437018;12.05.;Sat;Low;Standard;;;;
3165;140,7906;7,495280533;12.05.;Sat;Low;Off-Peak;;;;
3166;140,7906;7,495280533;12.05.;Sat;Low;Off-Peak;;;;
3167;140,7906;7,495280533;12.05.;Sat;Low;Off-Peak;;;;
3168;140,7906;7,495280533;12.05.;Sat;Low;Off-Peak;;;;
3169;140,7906;7,495280533;13.05.;Sun;Low;Off-Peak;;;;
3170;140,7906;7,495280533;13.05.;Sun;Low;Off-Peak;;;;
3171;140,7906;7,495280533;13.05.;Sun;Low;Off-Peak;;;;
3172;140,7906;7,495280533;13.05.;Sun;Low;Off-Peak;;;;
3173;140,7906;7,495280533;13.05.;Sun;Low;Off-Peak;;;;
3174;140,7906;7,495280533;13.05.;Sun;Low;Off-Peak;;;;
3175;140,7906;7,495280533;13.05.;Sun;Low;Off-Peak;;;;
3176;140,7906;7,495280533;13.05.;Sun;Low;Off-Peak;;;;
3177;140,7906;7,495280533;13.05.;Sun;Low;Off-Peak;;;;
3178;140,7906;7,495280533;13.05.;Sun;Low;Off-Peak;;;;
3179;140,7906;7,495280533;13.05.;Sun;Low;Off-Peak;;;;
3180;140,7906;7,495280533;13.05.;Sun;Low;Off-Peak;;;;
3181;140,7906;7,495280533;13.05.;Sun;Low;Off-Peak;;;;
3182;140,7906;7,495280533;13.05.;Sun;Low;Off-Peak;;;;
3183;140,7906;7,495280533;13.05.;Sun;Low;Off-Peak;;;;
3184;140,7906;7,495280533;13.05.;Sun;Low;Off-Peak;;;;
3185;140,7906;7,495280533;13.05.;Sun;Low;Off-Peak;;;;
3186;140,7906;7,495280533;13.05.;Sun;Low;Off-Peak;;;;
3187;197,1252;10,49437018;13.05.;Sun;Low;Standard;;;;
3188;197,1252;10,49437018;13.05.;Sun;Low;Standard;;;;
3189;140,7906;7,495280533;13.05.;Sun;Low;Off-Peak;;;;
3190;140,7906;7,495280533;13.05.;Sun;Low;Off-Peak;;;;
3191;140,7906;7,495280533;13.05.;Sun;Low;Off-Peak;;;;
3192;140,7906;7,495280533;13.05.;Sun;Low;Off-Peak;;;;
3193;140,7906;7,495280533;14.05.;Mon;Low;Off-Peak;;;;
3194;140,7906;7,495280533;14.05.;Mon;Low;Off-Peak;;;;
3195;140,7906;7,495280533;14.05.;Mon;Low;Off-Peak;;;;
3196;140,7906;7,495280533;14.05.;Mon;Low;Off-Peak;;;;
3197;140,7906;7,495280533;14.05.;Mon;Low;Off-Peak;;;;
3198;140,7906;7,495280533;14.05.;Mon;Low;Off-Peak;;;;
3199;197,1252;10,49437018;14.05.;Mon;Low;Standard;;;;
3200;350,5944;18,66462236;14.05.;Mon;Low;Peak;;;;
3201;350,5944;18,66462236;14.05.;Mon;Low;Peak;;;;
3202;197,1252;10,49437018;14.05.;Mon;Low;Standard;;;;
3203;197,1252;10,49437018;14.05.;Mon;Low;Standard;;;;
3204;197,1252;10,49437018;14.05.;Mon;Low;Standard;;;;
3205;197,1252;10,49437018;14.05.;Mon;Low;Standard;;;;
3206;197,1252;10,49437018;14.05.;Mon;Low;Standard;;;;
3207;197,1252;10,49437018;14.05.;Mon;Low;Standard;;;;
3208;197,1252;10,49437018;14.05.;Mon;Low;Standard;;;;
3209;197,1252;10,49437018;14.05.;Mon;Low;Standard;;;;
3210;197,1252;10,49437018;14.05.;Mon;Low;Standard;;;;
3211;350,5944;18,66462236;14.05.;Mon;Low;Peak;;;;
3212;350,5944;18,66462236;14.05.;Mon;Low;Peak;;;;
3213;350,5944;18,66462236;14.05.;Mon;Low;Peak;;;;
3214;197,1252;10,49437018;14.05.;Mon;Low;Standard;;;;
3215;140,7906;7,495280533;14.05.;Mon;Low;Off-Peak;;;;
3216;140,7906;7,495280533;14.05.;Mon;Low;Off-Peak;;;;
3217;140,7906;7,495280533;15.05.;Tue;Low;Off-Peak;;;;
3218;140,7906;7,495280533;15.05.;Tue;Low;Off-Peak;;;;
3219;140,7906;7,495280533;15.05.;Tue;Low;Off-Peak;;;;
3220;140,7906;7,495280533;15.05.;Tue;Low;Off-Peak;;;;
3221;140,7906;7,495280533;15.05.;Tue;Low;Off-Peak;;;;
3222;140,7906;7,495280533;15.05.;Tue;Low;Off-Peak;;;;
3223;197,1252;10,49437018;15.05.;Tue;Low;Standard;;;;
3224;350,5944;18,66462236;15.05.;Tue;Low;Peak;;;;
3225;350,5944;18,66462236;15.05.;Tue;Low;Peak;;;;
3226;197,1252;10,49437018;15.05.;Tue;Low;Standard;;;;
3227;197,1252;10,49437018;15.05.;Tue;Low;Standard;;;;
3228;197,1252;10,49437018;15.05.;Tue;Low;Standard;;;;
3229;197,1252;10,49437018;15.05.;Tue;Low;Standard;;;;
3230;197,1252;10,49437018;15.05.;Tue;Low;Standard;;;;
3231;197,1252;10,49437018;15.05.;Tue;Low;Standard;;;;
3232;197,1252;10,49437018;15.05.;Tue;Low;Standard;;;;
3233;197,1252;10,49437018;15.05.;Tue;Low;Standard;;;;
3234;197,1252;10,49437018;15.05.;Tue;Low;Standard;;;;
3235;350,5944;18,66462236;15.05.;Tue;Low;Peak;;;;
3236;350,5944;18,66462236;15.05.;Tue;Low;Peak;;;;
3237;350,5944;18,66462236;15.05.;Tue;Low;Peak;;;;
3238;197,1252;10,49437018;15.05.;Tue;Low;Standard;;;;
3239;140,7906;7,495280533;15.05.;Tue;Low;Off-Peak;;;;
3240;140,7906;7,495280533;15.05.;Tue;Low;Off-Peak;;;;
3241;140,7906;7,495280533;16.05.;Wed;Low;Off-Peak;;;;
3242;140,7906;7,495280533;16.05.;Wed;Low;Off-Peak;;;;
3243;140,7906;7,495280533;16.05.;Wed;Low;Off-Peak;;;;
3244;140,7906;7,495280533;16.05.;Wed;Low;Off-Peak;;;;
3245;140,7906;7,495280533;16.05.;Wed;Low;Off-Peak;;;;
3246;140,7906;7,495280533;16.05.;Wed;Low;Off-Peak;;;;
3247;197,1252;10,49437018;16.05.;Wed;Low;Standard;;;;
3248;350,5944;18,66462236;16.05.;Wed;Low;Peak;;;;
3249;350,5944;18,66462236;16.05.;Wed;Low;Peak;;;;
3250;197,1252;10,49437018;16.05.;Wed;Low;Standard;;;;
3251;197,1252;10,49437018;16.05.;Wed;Low;Standard;;;;
3252;197,1252;10,49437018;16.05.;Wed;Low;Standard;;;;
3253;197,1252;10,49437018;16.05.;Wed;Low;Standard;;;;
3254;197,1252;10,49437018;16.05.;Wed;Low;Standard;;;;
3255;197,1252;10,49437018;16.05.;Wed;Low;Standard;;;;
3256;197,1252;10,49437018;16.05.;Wed;Low;Standard;;;;
3257;197,1252;10,49437018;16.05.;Wed;Low;Standard;;;;
3258;197,1252;10,49437018;16.05.;Wed;Low;Standard;;;;
3259;350,5944;18,66462236;16.05.;Wed;Low;Peak;;;;
3260;350,5944;18,66462236;16.05.;Wed;Low;Peak;;;;
3261;350,5944;18,66462236;16.05.;Wed;Low;Peak;;;;
3262;197,1252;10,49437018;16.05.;Wed;Low;Standard;;;;
3263;140,7906;7,495280533;16.05.;Wed;Low;Off-Peak;;;;
3264;140,7906;7,495280533;16.05.;Wed;Low;Off-Peak;;;;
3265;140,7906;7,495280533;17.05.;Thu;Low;Off-Peak;;;;
3266;140,7906;7,495280533;17.05.;Thu;Low;Off-Peak;;;;
3267;140,7906;7,495280533;17.05.;Thu;Low;Off-Peak;;;;
3268;140,7906;7,495280533;17.05.;Thu;Low;Off-Peak;;;;
3269;140,7906;7,495280533;17.05.;Thu;Low;Off-Peak;;;;
3270;140,7906;7,495280533;17.05.;Thu;Low;Off-Peak;;;;
3271;197,1252;10,49437018;17.05.;Thu;Low;Standard;;;;
3272;350,5944;18,66462236;17.05.;Thu;Low;Peak;;;;
3273;350,5944;18,66462236;17.05.;Thu;Low;Peak;;;;
3274;197,1252;10,49437018;17.05.;Thu;Low;Standard;;;;
3275;197,1252;10,49437018;17.05.;Thu;Low;Standard;;;;
3276;197,1252;10,49437018;17.05.;Thu;Low;Standard;;;;
3277;197,1252;10,49437018;17.05.;Thu;Low;Standard;;;;
3278;197,1252;10,49437018;17.05.;Thu;Low;Standard;;;;
3279;197,1252;10,49437018;17.05.;Thu;Low;Standard;;;;
3280;197,1252;10,49437018;17.05.;Thu;Low;Standard;;;;
3281;197,1252;10,49437018;17.05.;Thu;Low;Standard;;;;
3282;197,1252;10,49437018;17.05.;Thu;Low;Standard;;;;
3283;350,5944;18,66462236;17.05.;Thu;Low;Peak;;;;
3284;350,5944;18,66462236;17.05.;Thu;Low;Peak;;;;
3285;350,5944;18,66462236;17.05.;Thu;Low;Peak;;;;
3286;197,1252;10,49437018;17.05.;Thu;Low;Standard;;;;
3287;140,7906;7,495280533;17.05.;Thu;Low;Off-Peak;;;;
3288;140,7906;7,495280533;17.05.;Thu;Low;Off-Peak;;;;
3289;140,7906;7,495280533;18.05.;Fri;Low;Off-Peak;;;;
3290;140,7906;7,495280533;18.05.;Fri;Low;Off-Peak;;;;
3291;140,7906;7,495280533;18.05.;Fri;Low;Off-Peak;;;;
3292;140,7906;7,495280533;18.05.;Fri;Low;Off-Peak;;;;
3293;140,7906;7,495280533;18.05.;Fri;Low;Off-Peak;;;;
3294;140,7906;7,495280533;18.05.;Fri;Low;Off-Peak;;;;
3295;197,1252;10,49437018;18.05.;Fri;Low;Standard;;;;
3296;350,5944;18,66462236;18.05.;Fri;Low;Peak;;;;
3297;350,5944;18,66462236;18.05.;Fri;Low;Peak;;;;
3298;197,1252;10,49437018;18.05.;Fri;Low;Standard;;;;
3299;197,1252;10,49437018;18.05.;Fri;Low;Standard;;;;
3300;197,1252;10,49437018;18.05.;Fri;Low;Standard;;;;
3301;197,1252;10,49437018;18.05.;Fri;Low;Standard;;;;
3302;197,1252;10,49437018;18.05.;Fri;Low;Standard;;;;
3303;197,1252;10,49437018;18.05.;Fri;Low;Standard;;;;
3304;197,1252;10,49437018;18.05.;Fri;Low;Standard;;;;
3305;197,1252;10,49437018;18.05.;Fri;Low;Standard;;;;
3306;197,1252;10,49437018;18.05.;Fri;Low;Standard;;;;
3307;350,5944;18,66462236;18.05.;Fri;Low;Peak;;;;
3308;350,5944;18,66462236;18.05.;Fri;Low;Peak;;;;
3309;350,5944;18,66462236;18.05.;Fri;Low;Peak;;;;
3310;197,1252;10,49437018;18.05.;Fri;Low;Standard;;;;
3311;140,7906;7,495280533;18.05.;Fri;Low;Off-Peak;;;;
3312;140,7906;7,495280533;18.05.;Fri;Low;Off-Peak;;;;
3313;140,7906;7,495280533;19.05.;Sat;Low;Off-Peak;;;;
3314;140,7906;7,495280533;19.05.;Sat;Low;Off-Peak;;;;
3315;140,7906;7,495280533;19.05.;Sat;Low;Off-Peak;;;;
3316;140,7906;7,495280533;19.05.;Sat;Low;Off-Peak;;;;
3317;140,7906;7,495280533;19.05.;Sat;Low;Off-Peak;;;;
3318;140,7906;7,495280533;19.05.;Sat;Low;Off-Peak;;;;
3319;140,7906;7,495280533;19.05.;Sat;Low;Off-Peak;;;;
3320;197,1252;10,49437018;19.05.;Sat;Low;Standard;;;;
3321;197,1252;10,49437018;19.05.;Sat;Low;Standard;;;;
3322;197,1252;10,49437018;19.05.;Sat;Low;Standard;;;;
3323;197,1252;10,49437018;19.05.;Sat;Low;Standard;;;;
3324;197,1252;10,49437018;19.05.;Sat;Low;Standard;;;;
3325;140,7906;7,495280533;19.05.;Sat;Low;Off-Peak;;;;
3326;140,7906;7,495280533;19.05.;Sat;Low;Off-Peak;;;;
3327;140,7906;7,495280533;19.05.;Sat;Low;Off-Peak;;;;
3328;140,7906;7,495280533;19.05.;Sat;Low;Off-Peak;;;;
3329;140,7906;7,495280533;19.05.;Sat;Low;Off-Peak;;;;
3330;140,7906;7,495280533;19.05.;Sat;Low;Off-Peak;;;;
3331;197,1252;10,49437018;19.05.;Sat;Low;Standard;;;;
3332;197,1252;10,49437018;19.05.;Sat;Low;Standard;;;;
3333;140,7906;7,495280533;19.05.;Sat;Low;Off-Peak;;;;
3334;140,7906;7,495280533;19.05.;Sat;Low;Off-Peak;;;;
3335;140,7906;7,495280533;19.05.;Sat;Low;Off-Peak;;;;
3336;140,7906;7,495280533;19.05.;Sat;Low;Off-Peak;;;;
3337;140,7906;7,495280533;20.05.;Sun;Low;Off-Peak;;;;
3338;140,7906;7,495280533;20.05.;Sun;Low;Off-Peak;;;;
3339;140,7906;7,495280533;20.05.;Sun;Low;Off-Peak;;;;
3340;140,7906;7,495280533;20.05.;Sun;Low;Off-Peak;;;;
3341;140,7906;7,495280533;20.05.;Sun;Low;Off-Peak;;;;
3342;140,7906;7,495280533;20.05.;Sun;Low;Off-Peak;;;;
3343;140,7906;7,495280533;20.05.;Sun;Low;Off-Peak;;;;
3344;140,7906;7,495280533;20.05.;Sun;Low;Off-Peak;;;;
3345;140,7906;7,495280533;20.05.;Sun;Low;Off-Peak;;;;
3346;140,7906;7,495280533;20.05.;Sun;Low;Off-Peak;;;;
3347;140,7906;7,495280533;20.05.;Sun;Low;Off-Peak;;;;
3348;140,7906;7,495280533;20.05.;Sun;Low;Off-Peak;;;;
3349;140,7906;7,495280533;20.05.;Sun;Low;Off-Peak;;;;
3350;140,7906;7,495280533;20.05.;Sun;Low;Off-Peak;;;;
3351;140,7906;7,495280533;20.05.;Sun;Low;Off-Peak;;;;
3352;140,7906;7,495280533;20.05.;Sun;Low;Off-Peak;;;;
3353;140,7906;7,495280533;20.05.;Sun;Low;Off-Peak;;;;
3354;140,7906;7,495280533;20.05.;Sun;Low;Off-Peak;;;;
3355;197,1252;10,49437018;20.05.;Sun;Low;Standard;;;;
3356;197,1252;10,49437018;20.05.;Sun;Low;Standard;;;;
3357;140,7906;7,495280533;20.05.;Sun;Low;Off-Peak;;;;
3358;140,7906;7,495280533;20.05.;Sun;Low;Off-Peak;;;;
3359;140,7906;7,495280533;20.05.;Sun;Low;Off-Peak;;;;
3360;140,7906;7,495280533;20.05.;Sun;Low;Off-Peak;;;;
3361;140,7906;7,495280533;21.05.;Mon;Low;Off-Peak;;;;
3362;140,7906;7,495280533;21.05.;Mon;Low;Off-Peak;;;;
3363;140,7906;7,495280533;21.05.;Mon;Low;Off-Peak;;;;
3364;140,7906;7,495280533;21.05.;Mon;Low;Off-Peak;;;;
3365;140,7906;7,495280533;21.05.;Mon;Low;Off-Peak;;;;
3366;140,7906;7,495280533;21.05.;Mon;Low;Off-Peak;;;;
3367;197,1252;10,49437018;21.05.;Mon;Low;Standard;;;;
3368;350,5944;18,66462236;21.05.;Mon;Low;Peak;;;;
3369;350,5944;18,66462236;21.05.;Mon;Low;Peak;;;;
3370;197,1252;10,49437018;21.05.;Mon;Low;Standard;;;;
3371;197,1252;10,49437018;21.05.;Mon;Low;Standard;;;;
3372;197,1252;10,49437018;21.05.;Mon;Low;Standard;;;;
3373;197,1252;10,49437018;21.05.;Mon;Low;Standard;;;;
3374;197,1252;10,49437018;21.05.;Mon;Low;Standard;;;;
3375;197,1252;10,49437018;21.05.;Mon;Low;Standard;;;;
3376;197,1252;10,49437018;21.05.;Mon;Low;Standard;;;;
3377;197,1252;10,49437018;21.05.;Mon;Low;Standard;;;;
3378;197,1252;10,49437018;21.05.;Mon;Low;Standard;;;;
3379;350,5944;18,66462236;21.05.;Mon;Low;Peak;;;;
3380;350,5944;18,66462236;21.05.;Mon;Low;Peak;;;;
3381;350,5944;18,66462236;21.05.;Mon;Low;Peak;;;;
3382;197,1252;10,49437018;21.05.;Mon;Low;Standard;;;;
3383;140,7906;7,495280533;21.05.;Mon;Low;Off-Peak;;;;
3384;140,7906;7,495280533;21.05.;Mon;Low;Off-Peak;;;;
3385;140,7906;7,495280533;22.05.;Tue;Low;Off-Peak;;;;
3386;140,7906;7,495280533;22.05.;Tue;Low;Off-Peak;;;;
3387;140,7906;7,495280533;22.05.;Tue;Low;Off-Peak;;;;
3388;140,7906;7,495280533;22.05.;Tue;Low;Off-Peak;;;;
3389;140,7906;7,495280533;22.05.;Tue;Low;Off-Peak;;;;
3390;140,7906;7,495280533;22.05.;Tue;Low;Off-Peak;;;;
3391;197,1252;10,49437018;22.05.;Tue;Low;Standard;;;;
3392;350,5944;18,66462236;22.05.;Tue;Low;Peak;;;;
3393;350,5944;18,66462236;22.05.;Tue;Low;Peak;;;;
3394;197,1252;10,49437018;22.05.;Tue;Low;Standard;;;;
3395;197,1252;10,49437018;22.05.;Tue;Low;Standard;;;;
3396;197,1252;10,49437018;22.05.;Tue;Low;Standard;;;;
3397;197,1252;10,49437018;22.05.;Tue;Low;Standard;;;;
3398;197,1252;10,49437018;22.05.;Tue;Low;Standard;;;;
3399;197,1252;10,49437018;22.05.;Tue;Low;Standard;;;;
3400;197,1252;10,49437018;22.05.;Tue;Low;Standard;;;;
3401;197,1252;10,49437018;22.05.;Tue;Low;Standard;;;;
3402;197,1252;10,49437018;22.05.;Tue;Low;Standard;;;;
3403;350,5944;18,66462236;22.05.;Tue;Low;Peak;;;;
3404;350,5944;18,66462236;22.05.;Tue;Low;Peak;;;;
3405;350,5944;18,66462236;22.05.;Tue;Low;Peak;;;;
3406;197,1252;10,49437018;22.05.;Tue;Low;Standard;;;;
3407;140,7906;7,495280533;22.05.;Tue;Low;Off-Peak;;;;
3408;140,7906;7,495280533;22.05.;Tue;Low;Off-Peak;;;;
3409;140,7906;7,495280533;23.05.;Wed;Low;Off-Peak;;;;
3410;140,7906;7,495280533;23.05.;Wed;Low;Off-Peak;;;;
3411;140,7906;7,495280533;23.05.;Wed;Low;Off-Peak;;;;
3412;140,7906;7,495280533;23.05.;Wed;Low;Off-Peak;;;;
3413;140,7906;7,495280533;23.05.;Wed;Low;Off-Peak;;;;
3414;140,7906;7,495280533;23.05.;Wed;Low;Off-Peak;;;;
3415;197,1252;10,49437018;23.05.;Wed;Low;Standard;;;;
3416;350,5944;18,66462236;23.05.;Wed;Low;Peak;;;;
3417;350,5944;18,66462236;23.05.;Wed;Low;Peak;;;;
3418;197,1252;10,49437018;23.05.;Wed;Low;Standard;;;;
3419;197,1252;10,49437018;23.05.;Wed;Low;Standard;;;;
3420;197,1252;10,49437018;23.05.;Wed;Low;Standard;;;;
3421;197,1252;10,49437018;23.05.;Wed;Low;Standard;;;;
3422;197,1252;10,49437018;23.05.;Wed;Low;Standard;;;;
3423;197,1252;10,49437018;23.05.;Wed;Low;Standard;;;;
3424;197,1252;10,49437018;23.05.;Wed;Low;Standard;;;;
3425;197,1252;10,49437018;23.05.;Wed;Low;Standard;;;;
3426;197,1252;10,49437018;23.05.;Wed;Low;Standard;;;;
3427;350,5944;18,66462236;23.05.;Wed;Low;Peak;;;;
3428;350,5944;18,66462236;23.05.;Wed;Low;Peak;;;;
3429;350,5944;18,66462236;23.05.;Wed;Low;Peak;;;;
3430;197,1252;10,49437018;23.05.;Wed;Low;Standard;;;;
3431;140,7906;7,495280533;23.05.;Wed;Low;Off-Peak;;;;
3432;140,7906;7,495280533;23.05.;Wed;Low;Off-Peak;;;;
3433;140,7906;7,495280533;24.05.;Thu;Low;Off-Peak;;;;
3434;140,7906;7,495280533;24.05.;Thu;Low;Off-Peak;;;;
3435;140,7906;7,495280533;24.05.;Thu;Low;Off-Peak;;;;
3436;140,7906;7,495280533;24.05.;Thu;Low;Off-Peak;;;;
3437;140,7906;7,495280533;24.05.;Thu;Low;Off-Peak;;;;
3438;140,7906;7,495280533;24.05.;Thu;Low;Off-Peak;;;;
3439;197,1252;10,49437018;24.05.;Thu;Low;Standard;;;;
3440;350,5944;18,66462236;24.05.;Thu;Low;Peak;;;;
3441;350,5944;18,66462236;24.05.;Thu;Low;Peak;;;;
3442;197,1252;10,49437018;24.05.;Thu;Low;Standard;;;;
3443;197,1252;10,49437018;24.05.;Thu;Low;Standard;;;;
3444;197,1252;10,49437018;24.05.;Thu;Low;Standard;;;;
3445;197,1252;10,49437018;24.05.;Thu;Low;Standard;;;;
3446;197,1252;10,49437018;24.05.;Thu;Low;Standard;;;;
3447;197,1252;10,49437018;24.05.;Thu;Low;Standard;;;;
3448;197,1252;10,49437018;24.05.;Thu;Low;Standard;;;;
3449;197,1252;10,49437018;24.05.;Thu;Low;Standard;;;;
3450;197,1252;10,49437018;24.05.;Thu;Low;Standard;;;;
3451;350,5944;18,66462236;24.05.;Thu;Low;Peak;;;;
3452;350,5944;18,66462236;24.05.;Thu;Low;Peak;;;;
3453;350,5944;18,66462236;24.05.;Thu;Low;Peak;;;;
3454;197,1252;10,49437018;24.05.;Thu;Low;Standard;;;;
3455;140,7906;7,495280533;24.05.;Thu;Low;Off-Peak;;;;
3456;140,7906;7,495280533;24.05.;Thu;Low;Off-Peak;;;;
3457;140,7906;7,495280533;25.05.;Fri;Low;Off-Peak;;;;
3458;140,7906;7,495280533;25.05.;Fri;Low;Off-Peak;;;;
3459;140,7906;7,495280533;25.05.;Fri;Low;Off-Peak;;;;
3460;140,7906;7,495280533;25.05.;Fri;Low;Off-Peak;;;;
3461;140,7906;7,495280533;25.05.;Fri;Low;Off-Peak;;;;
3462;140,7906;7,495280533;25.05.;Fri;Low;Off-Peak;;;;
3463;197,1252;10,49437018;25.05.;Fri;Low;Standard;;;;
3464;350,5944;18,66462236;25.05.;Fri;Low;Peak;;;;
3465;350,5944;18,66462236;25.05.;Fri;Low;Peak;;;;
3466;197,1252;10,49437018;25.05.;Fri;Low;Standard;;;;
3467;197,1252;10,49437018;25.05.;Fri;Low;Standard;;;;
3468;197,1252;10,49437018;25.05.;Fri;Low;Standard;;;;
3469;197,1252;10,49437018;25.05.;Fri;Low;Standard;;;;
3470;197,1252;10,49437018;25.05.;Fri;Low;Standard;;;;
3471;197,1252;10,49437018;25.05.;Fri;Low;Standard;;;;
3472;197,1252;10,49437018;25.05.;Fri;Low;Standard;;;;
3473;197,1252;10,49437018;25.05.;Fri;Low;Standard;;;;
3474;197,1252;10,49437018;25.05.;Fri;Low;Standard;;;;
3475;350,5944;18,66462236;25.05.;Fri;Low;Peak;;;;
3476;350,5944;18,66462236;25.05.;Fri;Low;Peak;;;;
3477;350,5944;18,66462236;25.05.;Fri;Low;Peak;;;;
3478;197,1252;10,49437018;25.05.;Fri;Low;Standard;;;;
3479;140,7906;7,495280533;25.05.;Fri;Low;Off-Peak;;;;
3480;140,7906;7,495280533;25.05.;Fri;Low;Off-Peak;;;;
3481;140,7906;7,495280533;26.05.;Sat;Low;Off-Peak;;;;
3482;140,7906;7,495280533;26.05.;Sat;Low;Off-Peak;;;;
3483;140,7906;7,495280533;26.05.;Sat;Low;Off-Peak;;;;
3484;140,7906;7,495280533;26.05.;Sat;Low;Off-Peak;;;;
3485;140,7906;7,495280533;26.05.;Sat;Low;Off-Peak;;;;
3486;140,7906;7,495280533;26.05.;Sat;Low;Off-Peak;;;;
3487;140,7906;7,495280533;26.05.;Sat;Low;Off-Peak;;;;
3488;197,1252;10,49437018;26.05.;Sat;Low;Standard;;;;
3489;197,1252;10,49437018;26.05.;Sat;Low;Standard;;;;
3490;197,1252;10,49437018;26.05.;Sat;Low;Standard;;;;
3491;197,1252;10,49437018;26.05.;Sat;Low;Standard;;;;
3492;197,1252;10,49437018;26.05.;Sat;Low;Standard;;;;
3493;140,7906;7,495280533;26.05.;Sat;Low;Off-Peak;;;;
3494;140,7906;7,495280533;26.05.;Sat;Low;Off-Peak;;;;
3495;140,7906;7,495280533;26.05.;Sat;Low;Off-Peak;;;;
3496;140,7906;7,495280533;26.05.;Sat;Low;Off-Peak;;;;
3497;140,7906;7,495280533;26.05.;Sat;Low;Off-Peak;;;;
3498;140,7906;7,495280533;26.05.;Sat;Low;Off-Peak;;;;
3499;197,1252;10,49437018;26.05.;Sat;Low;Standard;;;;
3500;197,1252;10,49437018;26.05.;Sat;Low;Standard;;;;
3501;140,7906;7,495280533;26.05.;Sat;Low;Off-Peak;;;;
3502;140,7906;7,495280533;26.05.;Sat;Low;Off-Peak;;;;
3503;140,7906;7,495280533;26.05.;Sat;Low;Off-Peak;;;;
3504;140,7906;7,495280533;26.05.;Sat;Low;Off-Peak;;;;
3505;140,7906;7,495280533;27.05.;Sun;Low;Off-Peak;;;;
3506;140,7906;7,495280533;27.05.;Sun;Low;Off-Peak;;;;
3507;140,7906;7,495280533;27.05.;Sun;Low;Off-Peak;;;;
3508;140,7906;7,495280533;27.05.;Sun;Low;Off-Peak;;;;
3509;140,7906;7,495280533;27.05.;Sun;Low;Off-Peak;;;;
3510;140,7906;7,495280533;27.05.;Sun;Low;Off-Peak;;;;
3511;140,7906;7,495280533;27.05.;Sun;Low;Off-Peak;;;;
3512;140,7906;7,495280533;27.05.;Sun;Low;Off-Peak;;;;
3513;140,7906;7,495280533;27.05.;Sun;Low;Off-Peak;;;;
3514;140,7906;7,495280533;27.05.;Sun;Low;Off-Peak;;;;
3515;140,7906;7,495280533;27.05.;Sun;Low;Off-Peak;;;;
3516;140,7906;7,495280533;27.05.;Sun;Low;Off-Peak;;;;
3517;140,7906;7,495280533;27.05.;Sun;Low;Off-Peak;;;;
3518;140,7906;7,495280533;27.05.;Sun;Low;Off-Peak;;;;
3519;140,7906;7,495280533;27.05.;Sun;Low;Off-Peak;;;;
3520;140,7906;7,495280533;27.05.;Sun;Low;Off-Peak;;;;
3521;140,7906;7,495280533;27.05.;Sun;Low;Off-Peak;;;;
3522;140,7906;7,495280533;27.05.;Sun;Low;Off-Peak;;;;
3523;197,1252;10,49437018;27.05.;Sun;Low;Standard;;;;
3524;197,1252;10,49437018;27.05.;Sun;Low;Standard;;;;
3525;140,7906;7,495280533;27.05.;Sun;Low;Off-Peak;;;;
3526;140,7906;7,495280533;27.05.;Sun;Low;Off-Peak;;;;
3527;140,7906;7,495280533;27.05.;Sun;Low;Off-Peak;;;;
3528;140,7906;7,495280533;27.05.;Sun;Low;Off-Peak;;;;
3529;140,7906;7,495280533;28.05.;Mon;Low;Off-Peak;;;;
3530;140,7906;7,495280533;28.05.;Mon;Low;Off-Peak;;;;
3531;140,7906;7,495280533;28.05.;Mon;Low;Off-Peak;;;;
3532;140,7906;7,495280533;28.05.;Mon;Low;Off-Peak;;;;
3533;140,7906;7,495280533;28.05.;Mon;Low;Off-Peak;;;;
3534;140,7906;7,495280533;28.05.;Mon;Low;Off-Peak;;;;
3535;197,1252;10,49437018;28.05.;Mon;Low;Standard;;;;
3536;350,5944;18,66462236;28.05.;Mon;Low;Peak;;;;
3537;350,5944;18,66462236;28.05.;Mon;Low;Peak;;;;
3538;197,1252;10,49437018;28.05.;Mon;Low;Standard;;;;
3539;197,1252;10,49437018;28.05.;Mon;Low;Standard;;;;
3540;197,1252;10,49437018;28.05.;Mon;Low;Standard;;;;
3541;197,1252;10,49437018;28.05.;Mon;Low;Standard;;;;
3542;197,1252;10,49437018;28.05.;Mon;Low;Standard;;;;
3543;197,1252;10,49437018;28.05.;Mon;Low;Standard;;;;
3544;197,1252;10,49437018;28.05.;Mon;Low;Standard;;;;
3545;197,1252;10,49437018;28.05.;Mon;Low;Standard;;;;
3546;197,1252;10,49437018;28.05.;Mon;Low;Standard;;;;
3547;350,5944;18,66462236;28.05.;Mon;Low;Peak;;;;
3548;350,5944;18,66462236;28.05.;Mon;Low;Peak;;;;
3549;350,5944;18,66462236;28.05.;Mon;Low;Peak;;;;
3550;197,1252;10,49437018;28.05.;Mon;Low;Standard;;;;
3551;140,7906;7,495280533;28.05.;Mon;Low;Off-Peak;;;;
3552;140,7906;7,495280533;28.05.;Mon;Low;Off-Peak;;;;
3553;140,7906;7,495280533;29.05.;Tue;Low;Off-Peak;;;;
3554;140,7906;7,495280533;29.05.;Tue;Low;Off-Peak;;;;
3555;140,7906;7,495280533;29.05.;Tue;Low;Off-Peak;;;;
3556;140,7906;7,495280533;29.05.;Tue;Low;Off-Peak;;;;
3557;140,7906;7,495280533;29.05.;Tue;Low;Off-Peak;;;;
3558;140,7906;7,495280533;29.05.;Tue;Low;Off-Peak;;;;
3559;197,1252;10,49437018;29.05.;Tue;Low;Standard;;;;
3560;350,5944;18,66462236;29.05.;Tue;Low;Peak;;;;
3561;350,5944;18,66462236;29.05.;Tue;Low;Peak;;;;
3562;197,1252;10,49437018;29.05.;Tue;Low;Standard;;;;
3563;197,1252;10,49437018;29.05.;Tue;Low;Standard;;;;
3564;197,1252;10,49437018;29.05.;Tue;Low;Standard;;;;
3565;197,1252;10,49437018;29.05.;Tue;Low;Standard;;;;
3566;197,1252;10,49437018;29.05.;Tue;Low;Standard;;;;
3567;197,1252;10,49437018;29.05.;Tue;Low;Standard;;;;
3568;197,1252;10,49437018;29.05.;Tue;Low;Standard;;;;
3569;197,1252;10,49437018;29.05.;Tue;Low;Standard;;;;
3570;197,1252;10,49437018;29.05.;Tue;Low;Standard;;;;
3571;350,5944;18,66462236;29.05.;Tue;Low;Peak;;;;
3572;350,5944;18,66462236;29.05.;Tue;Low;Peak;;;;
3573;350,5944;18,66462236;29.05.;Tue;Low;Peak;;;;
3574;197,1252;10,49437018;29.05.;Tue;Low;Standard;;;;
3575;140,7906;7,495280533;29.05.;Tue;Low;Off-Peak;;;;
3576;140,7906;7,495280533;29.05.;Tue;Low;Off-Peak;;;;
3577;140,7906;7,495280533;30.05.;Wed;Low;Off-Peak;;;;
3578;140,7906;7,495280533;30.05.;Wed;Low;Off-Peak;;;;
3579;140,7906;7,495280533;30.05.;Wed;Low;Off-Peak;;;;
3580;140,7906;7,495280533;30.05.;Wed;Low;Off-Peak;;;;
3581;140,7906;7,495280533;30.05.;Wed;Low;Off-Peak;;;;
3582;140,7906;7,495280533;30.05.;Wed;Low;Off-Peak;;;;
3583;197,1252;10,49437018;30.05.;Wed;Low;Standard;;;;
3584;350,5944;18,66462236;30.05.;Wed;Low;Peak;;;;
3585;350,5944;18,66462236;30.05.;Wed;Low;Peak;;;;
3586;197,1252;10,49437018;30.05.;Wed;Low;Standard;;;;
3587;197,1252;10,49437018;30.05.;Wed;Low;Standard;;;;
3588;197,1252;10,49437018;30.05.;Wed;Low;Standard;;;;
3589;197,1252;10,49437018;30.05.;Wed;Low;Standard;;;;
3590;197,1252;10,49437018;30.05.;Wed;Low;Standard;;;;
3591;197,1252;10,49437018;30.05.;Wed;Low;Standard;;;;
3592;197,1252;10,49437018;30.05.;Wed;Low;Standard;;;;
3593;197,1252;10,49437018;30.05.;Wed;Low;Standard;;;;
3594;197,1252;10,49437018;30.05.;Wed;Low;Standard;;;;
3595;350,5944;18,66462236;30.05.;Wed;Low;Peak;;;;
3596;350,5944;18,66462236;30.05.;Wed;Low;Peak;;;;
3597;350,5944;18,66462236;30.05.;Wed;Low;Peak;;;;
3598;197,1252;10,49437018;30.05.;Wed;Low;Standard;;;;
3599;140,7906;7,495280533;30.05.;Wed;Low;Off-Peak;;;;
3600;140,7906;7,495280533;30.05.;Wed;Low;Off-Peak;;;;
3601;140,7906;7,495280533;31.05.;Thu;Low;Off-Peak;;;;
3602;140,7906;7,495280533;31.05.;Thu;Low;Off-Peak;;;;
3603;140,7906;7,495280533;31.05.;Thu;Low;Off-Peak;;;;
3604;140,7906;7,495280533;31.05.;Thu;Low;Off-Peak;;;;
3605;140,7906;7,495280533;31.05.;Thu;Low;Off-Peak;;;;
3606;140,7906;7,495280533;31.05.;Thu;Low;Off-Peak;;;;
3607;197,1252;10,49437018;31.05.;Thu;Low;Standard;;;;
3608;350,5944;18,66462236;31.05.;Thu;Low;Peak;;;;
3609;350,5944;18,66462236;31.05.;Thu;Low;Peak;;;;
3610;197,1252;10,49437018;31.05.;Thu;Low;Standard;;;;
3611;197,1252;10,49437018;31.05.;Thu;Low;Standard;;;;
3612;197,1252;10,49437018;31.05.;Thu;Low;Standard;;;;
3613;197,1252;10,49437018;31.05.;Thu;Low;Standard;;;;
3614;197,1252;10,49437018;31.05.;Thu;Low;Standard;;;;
3615;197,1252;10,49437018;31.05.;Thu;Low;Standard;;;;
3616;197,1252;10,49437018;31.05.;Thu;Low;Standard;;;;
3617;197,1252;10,49437018;31.05.;Thu;Low;Standard;;;;
3618;197,1252;10,49437018;31.05.;Thu;Low;Standard;;;;
3619;350,5944;18,66462236;31.05.;Thu;Low;Peak;;;;
3620;350,5944;18,66462236;31.05.;Thu;Low;Peak;;;;
3621;350,5944;18,66462236;31.05.;Thu;Low;Peak;;;;
3622;197,1252;10,49437018;31.05.;Thu;Low;Standard;;;;
3623;140,7906;7,495280533;31.05.;Thu;Low;Off-Peak;;;;
3624;140,7906;7,495280533;31.05.;Thu;Low;Off-Peak;;;;
3625;140,7906;7,495280533;01.06.;Fri;High;Off-Peak;;;;
3626;140,7906;7,495280533;01.06.;Fri;High;Off-Peak;;;;
3627;140,7906;7,495280533;01.06.;Fri;High;Off-Peak;;;;
3628;140,7906;7,495280533;01.06.;Fri;High;Off-Peak;;;;
3629;140,7906;7,495280533;01.06.;Fri;High;Off-Peak;;;;
3630;140,7906;7,495280533;01.06.;Fri;High;Off-Peak;;;;
3631;844,7844;44,97385527;01.06.;Fri;High;Peak;;;;
3632;844,7844;44,97385527;01.06.;Fri;High;Peak;;;;
3633;211,2012;11,24373533;01.06.;Fri;High;Standard;;;;
3634;211,2012;11,24373533;01.06.;Fri;High;Standard;;;;
3635;211,2012;11,24373533;01.06.;Fri;High;Standard;;;;
3636;211,2012;11,24373533;01.06.;Fri;High;Standard;;;;
3637;211,2012;11,24373533;01.06.;Fri;High;Standard;;;;
3638;211,2012;11,24373533;01.06.;Fri;High;Standard;;;;
3639;211,2012;11,24373533;01.06.;Fri;High;Standard;;;;
3640;211,2012;11,24373533;01.06.;Fri;High;Standard;;;;
3641;211,2012;11,24373533;01.06.;Fri;High;Standard;;;;
3642;844,7844;44,97385527;01.06.;Fri;High;Peak;;;;
3643;844,7844;44,97385527;01.06.;Fri;High;Peak;;;;
3644;844,7844;44,97385527;01.06.;Fri;High;Peak;;;;
3645;211,2012;11,24373533;01.06.;Fri;High;Standard;;;;
3646;211,2012;11,24373533;01.06.;Fri;High;Standard;;;;
3647;140,7906;7,495280533;01.06.;Fri;High;Off-Peak;;;;
3648;140,7906;7,495280533;01.06.;Fri;High;Off-Peak;;;;
3649;140,7906;7,495280533;02.06.;Sat;High;Off-Peak;;;;
3650;140,7906;7,495280533;02.06.;Sat;High;Off-Peak;;;;
3651;140,7906;7,495280533;02.06.;Sat;High;Off-Peak;;;;
3652;140,7906;7,495280533;02.06.;Sat;High;Off-Peak;;;;
3653;140,7906;7,495280533;02.06.;Sat;High;Off-Peak;;;;
3654;140,7906;7,495280533;02.06.;Sat;High;Off-Peak;;;;
3655;140,7906;7,495280533;02.06.;Sat;High;Off-Peak;;;;
3656;211,2012;11,24373533;02.06.;Sat;High;Standard;;;;
3657;211,2012;11,24373533;02.06.;Sat;High;Standard;;;;
3658;211,2012;11,24373533;02.06.;Sat;High;Standard;;;;
3659;211,2012;11,24373533;02.06.;Sat;High;Standard;;;;
3660;211,2012;11,24373533;02.06.;Sat;High;Standard;;;;
3661;140,7906;7,495280533;02.06.;Sat;High;Off-Peak;;;;
3662;140,7906;7,495280533;02.06.;Sat;High;Off-Peak;;;;
3663;140,7906;7,495280533;02.06.;Sat;High;Off-Peak;;;;
3664;140,7906;7,495280533;02.06.;Sat;High;Off-Peak;;;;
3665;140,7906;7,495280533;02.06.;Sat;High;Off-Peak;;;;
3666;211,2012;11,24373533;02.06.;Sat;High;Standard;;;;
3667;211,2012;11,24373533;02.06.;Sat;High;Standard;;;;
3668;140,7906;7,495280533;02.06.;Sat;High;Off-Peak;;;;
3669;140,7906;7,495280533;02.06.;Sat;High;Off-Peak;;;;
3670;140,7906;7,495280533;02.06.;Sat;High;Off-Peak;;;;
3671;140,7906;7,495280533;02.06.;Sat;High;Off-Peak;;;;
3672;140,7906;7,495280533;02.06.;Sat;High;Off-Peak;;;;
3673;140,7906;7,495280533;03.06.;Sun;High;Off-Peak;;;;
3674;140,7906;7,495280533;03.06.;Sun;High;Off-Peak;;;;
3675;140,7906;7,495280533;03.06.;Sun;High;Off-Peak;;;;
3676;140,7906;7,495280533;03.06.;Sun;High;Off-Peak;;;;
3677;140,7906;7,495280533;03.06.;Sun;High;Off-Peak;;;;
3678;140,7906;7,495280533;03.06.;Sun;High;Off-Peak;;;;
3679;140,7906;7,495280533;03.06.;Sun;High;Off-Peak;;;;
3680;140,7906;7,495280533;03.06.;Sun;High;Off-Peak;;;;
3681;140,7906;7,495280533;03.06.;Sun;High;Off-Peak;;;;
3682;140,7906;7,495280533;03.06.;Sun;High;Off-Peak;;;;
3683;140,7906;7,495280533;03.06.;Sun;High;Off-Peak;;;;
3684;140,7906;7,495280533;03.06.;Sun;High;Off-Peak;;;;
3685;140,7906;7,495280533;03.06.;Sun;High;Off-Peak;;;;
3686;140,7906;7,495280533;03.06.;Sun;High;Off-Peak;;;;
3687;140,7906;7,495280533;03.06.;Sun;High;Off-Peak;;;;
3688;140,7906;7,495280533;03.06.;Sun;High;Off-Peak;;;;
3689;140,7906;7,495280533;03.06.;Sun;High;Off-Peak;;;;
3690;211,2012;11,24373533;03.06.;Sun;High;Standard;;;;
3691;211,2012;11,24373533;03.06.;Sun;High;Standard;;;;
3692;140,7906;7,495280533;03.06.;Sun;High;Off-Peak;;;;
3693;140,7906;7,495280533;03.06.;Sun;High;Off-Peak;;;;
3694;140,7906;7,495280533;03.06.;Sun;High;Off-Peak;;;;
3695;140,7906;7,495280533;03.06.;Sun;High;Off-Peak;;;;
3696;140,7906;7,495280533;03.06.;Sun;High;Off-Peak;;;;
3697;140,7906;7,495280533;04.06.;Mon;High;Off-Peak;;;;
3698;140,7906;7,495280533;04.06.;Mon;High;Off-Peak;;;;
3699;140,7906;7,495280533;04.06.;Mon;High;Off-Peak;;;;
3700;140,7906;7,495280533;04.06.;Mon;High;Off-Peak;;;;
3701;140,7906;7,495280533;04.06.;Mon;High;Off-Peak;;;;
3702;140,7906;7,495280533;04.06.;Mon;High;Off-Peak;;;;
3703;844,7844;44,97385527;04.06.;Mon;High;Peak;;;;
3704;844,7844;44,97385527;04.06.;Mon;High;Peak;;;;
3705;211,2012;11,24373533;04.06.;Mon;High;Standard;;;;
3706;211,2012;11,24373533;04.06.;Mon;High;Standard;;;;
3707;211,2012;11,24373533;04.06.;Mon;High;Standard;;;;
3708;211,2012;11,24373533;04.06.;Mon;High;Standard;;;;
3709;211,2012;11,24373533;04.06.;Mon;High;Standard;;;;
3710;211,2012;11,24373533;04.06.;Mon;High;Standard;;;;
3711;211,2012;11,24373533;04.06.;Mon;High;Standard;;;;
3712;211,2012;11,24373533;04.06.;Mon;High;Standard;;;;
3713;211,2012;11,24373533;04.06.;Mon;High;Standard;;;;
3714;844,7844;44,97385527;04.06.;Mon;High;Peak;;;;
3715;844,7844;44,97385527;04.06.;Mon;High;Peak;;;;
3716;844,7844;44,97385527;04.06.;Mon;High;Peak;;;;
3717;211,2012;11,24373533;04.06.;Mon;High;Standard;;;;
3718;211,2012;11,24373533;04.06.;Mon;High;Standard;;;;
3719;140,7906;7,495280533;04.06.;Mon;High;Off-Peak;;;;
3720;140,7906;7,495280533;04.06.;Mon;High;Off-Peak;;;;
3721;140,7906;7,495280533;05.06.;Tue;High;Off-Peak;;;;
3722;140,7906;7,495280533;05.06.;Tue;High;Off-Peak;;;;
3723;140,7906;7,495280533;05.06.;Tue;High;Off-Peak;;;;
3724;140,7906;7,495280533;05.06.;Tue;High;Off-Peak;;;;
3725;140,7906;7,495280533;05.06.;Tue;High;Off-Peak;;;;
3726;140,7906;7,495280533;05.06.;Tue;High;Off-Peak;;;;
3727;844,7844;44,97385527;05.06.;Tue;High;Peak;;;;
3728;844,7844;44,97385527;05.06.;Tue;High;Peak;;;;
3729;211,2012;11,24373533;05.06.;Tue;High;Standard;;;;
3730;211,2012;11,24373533;05.06.;Tue;High;Standard;;;;
3731;211,2012;11,24373533;05.06.;Tue;High;Standard;;;;
3732;211,2012;11,24373533;05.06.;Tue;High;Standard;;;;
3733;211,2012;11,24373533;05.06.;Tue;High;Standard;;;;
3734;211,2012;11,24373533;05.06.;Tue;High;Standard;;;;
3735;211,2012;11,24373533;05.06.;Tue;High;Standard;;;;
3736;211,2012;11,24373533;05.06.;Tue;High;Standard;;;;
3737;211,2012;11,24373533;05.06.;Tue;High;Standard;;;;
3738;844,7844;44,97385527;05.06.;Tue;High;Peak;;;;
3739;844,7844;44,97385527;05.06.;Tue;High;Peak;;;;
3740;844,7844;44,97385527;05.06.;Tue;High;Peak;;;;
3741;211,2012;11,24373533;05.06.;Tue;High;Standard;;;;
3742;211,2012;11,24373533;05.06.;Tue;High;Standard;;;;
3743;140,7906;7,495280533;05.06.;Tue;High;Off-Peak;;;;
3744;140,7906;7,495280533;05.06.;Tue;High;Off-Peak;;;;
3745;140,7906;7,495280533;06.06.;Wed;High;Off-Peak;;;;
3746;140,7906;7,495280533;06.06.;Wed;High;Off-Peak;;;;
3747;140,7906;7,495280533;06.06.;Wed;High;Off-Peak;;;;
3748;140,7906;7,495280533;06.06.;Wed;High;Off-Peak;;;;
3749;140,7906;7,495280533;06.06.;Wed;High;Off-Peak;;;;
3750;140,7906;7,495280533;06.06.;Wed;High;Off-Peak;;;;
3751;844,7844;44,97385527;06.06.;Wed;High;Peak;;;;
3752;844,7844;44,97385527;06.06.;Wed;High;Peak;;;;
3753;211,2012;11,24373533;06.06.;Wed;High;Standard;;;;
3754;211,2012;11,24373533;06.06.;Wed;High;Standard;;;;
3755;211,2012;11,24373533;06.06.;Wed;High;Standard;;;;
3756;211,2012;11,24373533;06.06.;Wed;High;Standard;;;;
3757;211,2012;11,24373533;06.06.;Wed;High;Standard;;;;
3758;211,2012;11,24373533;06.06.;Wed;High;Standard;;;;
3759;211,2012;11,24373533;06.06.;Wed;High;Standard;;;;
3760;211,2012;11,24373533;06.06.;Wed;High;Standard;;;;
3761;211,2012;11,24373533;06.06.;Wed;High;Standard;;;;
3762;844,7844;44,97385527;06.06.;Wed;High;Peak;;;;
3763;844,7844;44,97385527;06.06.;Wed;High;Peak;;;;
3764;844,7844;44,97385527;06.06.;Wed;High;Peak;;;;
3765;211,2012;11,24373533;06.06.;Wed;High;Standard;;;;
3766;211,2012;11,24373533;06.06.;Wed;High;Standard;;;;
3767;140,7906;7,495280533;06.06.;Wed;High;Off-Peak;;;;
3768;140,7906;7,495280533;06.06.;Wed;High;Off-Peak;;;;
3769;140,7906;7,495280533;07.06.;Thu;High;Off-Peak;;;;
3770;140,7906;7,495280533;07.06.;Thu;High;Off-Peak;;;;
3771;140,7906;7,495280533;07.06.;Thu;High;Off-Peak;;;;
3772;140,7906;7,495280533;07.06.;Thu;High;Off-Peak;;;;
3773;140,7906;7,495280533;07.06.;Thu;High;Off-Peak;;;;
3774;140,7906;7,495280533;07.06.;Thu;High;Off-Peak;;;;
3775;844,7844;44,97385527;07.06.;Thu;High;Peak;;;;
3776;844,7844;44,97385527;07.06.;Thu;High;Peak;;;;
3777;211,2012;11,24373533;07.06.;Thu;High;Standard;;;;
3778;211,2012;11,24373533;07.06.;Thu;High;Standard;;;;
3779;211,2012;11,24373533;07.06.;Thu;High;Standard;;;;
3780;211,2012;11,24373533;07.06.;Thu;High;Standard;;;;
3781;211,2012;11,24373533;07.06.;Thu;High;Standard;;;;
3782;211,2012;11,24373533;07.06.;Thu;High;Standard;;;;
3783;211,2012;11,24373533;07.06.;Thu;High;Standard;;;;
3784;211,2012;11,24373533;07.06.;Thu;High;Standard;;;;
3785;211,2012;11,24373533;07.06.;Thu;High;Standard;;;;
3786;844,7844;44,97385527;07.06.;Thu;High;Peak;;;;
3787;844,7844;44,97385527;07.06.;Thu;High;Peak;;;;
3788;844,7844;44,97385527;07.06.;Thu;High;Peak;;;;
3789;211,2012;11,24373533;07.06.;Thu;High;Standard;;;;
3790;211,2012;11,24373533;07.06.;Thu;High;Standard;;;;
3791;140,7906;7,495280533;07.06.;Thu;High;Off-Peak;;;;
3792;140,7906;7,495280533;07.06.;Thu;High;Off-Peak;;;;
3793;140,7906;7,495280533;08.06.;Fri;High;Off-Peak;;;;
3794;140,7906;7,495280533;08.06.;Fri;High;Off-Peak;;;;
3795;140,7906;7,495280533;08.06.;Fri;High;Off-Peak;;;;
3796;140,7906;7,495280533;08.06.;Fri;High;Off-Peak;;;;
3797;140,7906;7,495280533;08.06.;Fri;High;Off-Peak;;;;
3798;140,7906;7,495280533;08.06.;Fri;High;Off-Peak;;;;
3799;844,7844;44,97385527;08.06.;Fri;High;Peak;;;;
3800;844,7844;44,97385527;08.06.;Fri;High;Peak;;;;
3801;211,2012;11,24373533;08.06.;Fri;High;Standard;;;;
3802;211,2012;11,24373533;08.06.;Fri;High;Standard;;;;
3803;211,2012;11,24373533;08.06.;Fri;High;Standard;;;;
3804;211,2012;11,24373533;08.06.;Fri;High;Standard;;;;
3805;211,2012;11,24373533;08.06.;Fri;High;Standard;;;;
3806;211,2012;11,24373533;08.06.;Fri;High;Standard;;;;
3807;211,2012;11,24373533;08.06.;Fri;High;Standard;;;;
3808;211,2012;11,24373533;08.06.;Fri;High;Standard;;;;
3809;211,2012;11,24373533;08.06.;Fri;High;Standard;;;;
3810;844,7844;44,97385527;08.06.;Fri;High;Peak;;;;
3811;844,7844;44,97385527;08.06.;Fri;High;Peak;;;;
3812;844,7844;44,97385527;08.06.;Fri;High;Peak;;;;
3813;211,2012;11,24373533;08.06.;Fri;High;Standard;;;;
3814;211,2012;11,24373533;08.06.;Fri;High;Standard;;;;
3815;140,7906;7,495280533;08.06.;Fri;High;Off-Peak;;;;
3816;140,7906;7,495280533;08.06.;Fri;High;Off-Peak;;;;
3817;140,7906;7,495280533;09.06.;Sat;High;Off-Peak;;;;
3818;140,7906;7,495280533;09.06.;Sat;High;Off-Peak;;;;
3819;140,7906;7,495280533;09.06.;Sat;High;Off-Peak;;;;
3820;140,7906;7,495280533;09.06.;Sat;High;Off-Peak;;;;
3821;140,7906;7,495280533;09.06.;Sat;High;Off-Peak;;;;
3822;140,7906;7,495280533;09.06.;Sat;High;Off-Peak;;;;
3823;140,7906;7,495280533;09.06.;Sat;High;Off-Peak;;;;
3824;211,2012;11,24373533;09.06.;Sat;High;Standard;;;;
3825;211,2012;11,24373533;09.06.;Sat;High;Standard;;;;
3826;211,2012;11,24373533;09.06.;Sat;High;Standard;;;;
3827;211,2012;11,24373533;09.06.;Sat;High;Standard;;;;
3828;211,2012;11,24373533;09.06.;Sat;High;Standard;;;;
3829;140,7906;7,495280533;09.06.;Sat;High;Off-Peak;;;;
3830;140,7906;7,495280533;09.06.;Sat;High;Off-Peak;;;;
3831;140,7906;7,495280533;09.06.;Sat;High;Off-Peak;;;;
3832;140,7906;7,495280533;09.06.;Sat;High;Off-Peak;;;;
3833;140,7906;7,495280533;09.06.;Sat;High;Off-Peak;;;;
3834;211,2012;11,24373533;09.06.;Sat;High;Standard;;;;
3835;211,2012;11,24373533;09.06.;Sat;High;Standard;;;;
3836;140,7906;7,495280533;09.06.;Sat;High;Off-Peak;;;;
3837;140,7906;7,495280533;09.06.;Sat;High;Off-Peak;;;;
3838;140,7906;7,495280533;09.06.;Sat;High;Off-Peak;;;;
3839;140,7906;7,495280533;09.06.;Sat;High;Off-Peak;;;;
3840;140,7906;7,495280533;09.06.;Sat;High;Off-Peak;;;;
3841;140,7906;7,495280533;10.06.;Sun;High;Off-Peak;;;;
3842;140,7906;7,495280533;10.06.;Sun;High;Off-Peak;;;;
3843;140,7906;7,495280533;10.06.;Sun;High;Off-Peak;;;;
3844;140,7906;7,495280533;10.06.;Sun;High;Off-Peak;;;;
3845;140,7906;7,495280533;10.06.;Sun;High;Off-Peak;;;;
3846;140,7906;7,495280533;10.06.;Sun;High;Off-Peak;;;;
3847;140,7906;7,495280533;10.06.;Sun;High;Off-Peak;;;;
3848;140,7906;7,495280533;10.06.;Sun;High;Off-Peak;;;;
3849;140,7906;7,495280533;10.06.;Sun;High;Off-Peak;;;;
3850;140,7906;7,495280533;10.06.;Sun;High;Off-Peak;;;;
3851;140,7906;7,495280533;10.06.;Sun;High;Off-Peak;;;;
3852;140,7906;7,495280533;10.06.;Sun;High;Off-Peak;;;;
3853;140,7906;7,495280533;10.06.;Sun;High;Off-Peak;;;;
3854;140,7906;7,495280533;10.06.;Sun;High;Off-Peak;;;;
3855;140,7906;7,495280533;10.06.;Sun;High;Off-Peak;;;;
3856;140,7906;7,495280533;10.06.;Sun;High;Off-Peak;;;;
3857;140,7906;7,495280533;10.06.;Sun;High;Off-Peak;;;;
3858;211,2012;11,24373533;10.06.;Sun;High;Standard;;;;
3859;211,2012;11,24373533;10.06.;Sun;High;Standard;;;;
3860;140,7906;7,495280533;10.06.;Sun;High;Off-Peak;;;;
3861;140,7906;7,495280533;10.06.;Sun;High;Off-Peak;;;;
3862;140,7906;7,495280533;10.06.;Sun;High;Off-Peak;;;;
3863;140,7906;7,495280533;10.06.;Sun;High;Off-Peak;;;;
3864;140,7906;7,495280533;10.06.;Sun;High;Off-Peak;;;;
3865;140,7906;7,495280533;11.06.;Mon;High;Off-Peak;;;;
3866;140,7906;7,495280533;11.06.;Mon;High;Off-Peak;;;;
3867;140,7906;7,495280533;11.06.;Mon;High;Off-Peak;;;;
3868;140,7906;7,495280533;11.06.;Mon;High;Off-Peak;;;;
3869;140,7906;7,495280533;11.06.;Mon;High;Off-Peak;;;;
3870;140,7906;7,495280533;11.06.;Mon;High;Off-Peak;;;;
3871;844,7844;44,97385527;11.06.;Mon;High;Peak;;;;
3872;844,7844;44,97385527;11.06.;Mon;High;Peak;;;;
3873;211,2012;11,24373533;11.06.;Mon;High;Standard;;;;
3874;211,2012;11,24373533;11.06.;Mon;High;Standard;;;;
3875;211,2012;11,24373533;11.06.;Mon;High;Standard;;;;
3876;211,2012;11,24373533;11.06.;Mon;High;Standard;;;;
3877;211,2012;11,24373533;11.06.;Mon;High;Standard;;;;
3878;211,2012;11,24373533;11.06.;Mon;High;Standard;;;;
3879;211,2012;11,24373533;11.06.;Mon;High;Standard;;;;
3880;211,2012;11,24373533;11.06.;Mon;High;Standard;;;;
3881;211,2012;11,24373533;11.06.;Mon;High;Standard;;;;
3882;844,7844;44,97385527;11.06.;Mon;High;Peak;;;;
3883;844,7844;44,97385527;11.06.;Mon;High;Peak;;;;
3884;844,7844;44,97385527;11.06.;Mon;High;Peak;;;;
3885;211,2012;11,24373533;11.06.;Mon;High;Standard;;;;
3886;211,2012;11,24373533;11.06.;Mon;High;Standard;;;;
3887;140,7906;7,495280533;11.06.;Mon;High;Off-Peak;;;;
3888;140,7906;7,495280533;11.06.;Mon;High;Off-Peak;;;;
3889;140,7906;7,495280533;12.06.;Tue;High;Off-Peak;;;;
3890;140,7906;7,495280533;12.06.;Tue;High;Off-Peak;;;;
3891;140,7906;7,495280533;12.06.;Tue;High;Off-Peak;;;;
3892;140,7906;7,495280533;12.06.;Tue;High;Off-Peak;;;;
3893;140,7906;7,495280533;12.06.;Tue;High;Off-Peak;;;;
3894;140,7906;7,495280533;12.06.;Tue;High;Off-Peak;;;;
3895;844,7844;44,97385527;12.06.;Tue;High;Peak;;;;
3896;844,7844;44,97385527;12.06.;Tue;High;Peak;;;;
3897;211,2012;11,24373533;12.06.;Tue;High;Standard;;;;
3898;211,2012;11,24373533;12.06.;Tue;High;Standard;;;;
3899;211,2012;11,24373533;12.06.;Tue;High;Standard;;;;
3900;211,2012;11,24373533;12.06.;Tue;High;Standard;;;;
3901;211,2012;11,24373533;12.06.;Tue;High;Standard;;;;
3902;211,2012;11,24373533;12.06.;Tue;High;Standard;;;;
3903;211,2012;11,24373533;12.06.;Tue;High;Standard;;;;
3904;211,2012;11,24373533;12.06.;Tue;High;Standard;;;;
3905;211,2012;11,24373533;12.06.;Tue;High;Standard;;;;
3906;844,7844;44,97385527;12.06.;Tue;High;Peak;;;;
3907;844,7844;44,97385527;12.06.;Tue;High;Peak;;;;
3908;844,7844;44,97385527;12.06.;Tue;High;Peak;;;;
3909;211,2012;11,24373533;12.06.;Tue;High;Standard;;;;
3910;211,2012;11,24373533;12.06.;Tue;High;Standard;;;;
3911;140,7906;7,495280533;12.06.;Tue;High;Off-Peak;;;;
3912;140,7906;7,495280533;12.06.;Tue;High;Off-Peak;;;;
3913;140,7906;7,495280533;13.06.;Wed;High;Off-Peak;;;;
3914;140,7906;7,495280533;13.06.;Wed;High;Off-Peak;;;;
3915;140,7906;7,495280533;13.06.;Wed;High;Off-Peak;;;;
3916;140,7906;7,495280533;13.06.;Wed;High;Off-Peak;;;;
3917;140,7906;7,495280533;13.06.;Wed;High;Off-Peak;;;;
3918;140,7906;7,495280533;13.06.;Wed;High;Off-Peak;;;;
3919;844,7844;44,97385527;13.06.;Wed;High;Peak;;;;
3920;844,7844;44,97385527;13.06.;Wed;High;Peak;;;;
3921;211,2012;11,24373533;13.06.;Wed;High;Standard;;;;
3922;211,2012;11,24373533;13.06.;Wed;High;Standard;;;;
3923;211,2012;11,24373533;13.06.;Wed;High;Standard;;;;
3924;211,2012;11,24373533;13.06.;Wed;High;Standard;;;;
3925;211,2012;11,24373533;13.06.;Wed;High;Standard;;;;
3926;211,2012;11,24373533;13.06.;Wed;High;Standard;;;;
3927;211,2012;11,24373533;13.06.;Wed;High;Standard;;;;
3928;211,2012;11,24373533;13.06.;Wed;High;Standard;;;;
3929;211,2012;11,24373533;13.06.;Wed;High;Standard;;;;
3930;844,7844;44,97385527;13.06.;Wed;High;Peak;;;;
3931;844,7844;44,97385527;13.06.;Wed;High;Peak;;;;
3932;844,7844;44,97385527;13.06.;Wed;High;Peak;;;;
3933;211,2012;11,24373533;13.06.;Wed;High;Standard;;;;
3934;211,2012;11,24373533;13.06.;Wed;High;Standard;;;;
3935;140,7906;7,495280533;13.06.;Wed;High;Off-Peak;;;;
3936;140,7906;7,495280533;13.06.;Wed;High;Off-Peak;;;;
3937;140,7906;7,495280533;14.06.;Thu;High;Off-Peak;;;;
3938;140,7906;7,495280533;14.06.;Thu;High;Off-Peak;;;;
3939;140,7906;7,495280533;14.06.;Thu;High;Off-Peak;;;;
3940;140,7906;7,495280533;14.06.;Thu;High;Off-Peak;;;;
3941;140,7906;7,495280533;14.06.;Thu;High;Off-Peak;;;;
3942;140,7906;7,495280533;14.06.;Thu;High;Off-Peak;;;;
3943;844,7844;44,97385527;14.06.;Thu;High;Peak;;;;
3944;844,7844;44,97385527;14.06.;Thu;High;Peak;;;;
3945;211,2012;11,24373533;14.06.;Thu;High;Standard;;;;
3946;211,2012;11,24373533;14.06.;Thu;High;Standard;;;;
3947;211,2012;11,24373533;14.06.;Thu;High;Standard;;;;
3948;211,2012;11,24373533;14.06.;Thu;High;Standard;;;;
3949;211,2012;11,24373533;14.06.;Thu;High;Standard;;;;
3950;211,2012;11,24373533;14.06.;Thu;High;Standard;;;;
3951;211,2012;11,24373533;14.06.;Thu;High;Standard;;;;
3952;211,2012;11,24373533;14.06.;Thu;High;Standard;;;;
3953;211,2012;11,24373533;14.06.;Thu;High;Standard;;;;
3954;844,7844;44,97385527;14.06.;Thu;High;Peak;;;;
3955;844,7844;44,97385527;14.06.;Thu;High;Peak;;;;
3956;844,7844;44,97385527;14.06.;Thu;High;Peak;;;;
3957;211,2012;11,24373533;14.06.;Thu;High;Standard;;;;
3958;211,2012;11,24373533;14.06.;Thu;High;Standard;;;;
3959;140,7906;7,495280533;14.06.;Thu;High;Off-Peak;;;;
3960;140,7906;7,495280533;14.06.;Thu;High;Off-Peak;;;;
3961;140,7906;7,495280533;15.06.;Fri;High;Off-Peak;;;;
3962;140,7906;7,495280533;15.06.;Fri;High;Off-Peak;;;;
3963;140,7906;7,495280533;15.06.;Fri;High;Off-Peak;;;;
3964;140,7906;7,495280533;15.06.;Fri;High;Off-Peak;;;;
3965;140,7906;7,495280533;15.06.;Fri;High;Off-Peak;;;;
3966;140,7906;7,495280533;15.06.;Fri;High;Off-Peak;;;;
3967;844,7844;44,97385527;15.06.;Fri;High;Peak;;;;
3968;844,7844;44,97385527;15.06.;Fri;High;Peak;;;;
3969;211,2012;11,24373533;15.06.;Fri;High;Standard;;;;
3970;211,2012;11,24373533;15.06.;Fri;High;Standard;;;;
3971;211,2012;11,24373533;15.06.;Fri;High;Standard;;;;
3972;211,2012;11,24373533;15.06.;Fri;High;Standard;;;;
3973;211,2012;11,24373533;15.06.;Fri;High;Standard;;;;
3974;211,2012;11,24373533;15.06.;Fri;High;Standard;;;;
3975;211,2012;11,24373533;15.06.;Fri;High;Standard;;;;
3976;211,2012;11,24373533;15.06.;Fri;High;Standard;;;;
3977;211,2012;11,24373533;15.06.;Fri;High;Standard;;;;
3978;844,7844;44,97385527;15.06.;Fri;High;Peak;;;;
3979;844,7844;44,97385527;15.06.;Fri;High;Peak;;;;
3980;844,7844;44,97385527;15.06.;Fri;High;Peak;;;;
3981;211,2012;11,24373533;15.06.;Fri;High;Standard;;;;
3982;211,2012;11,24373533;15.06.;Fri;High;Standard;;;;
3983;140,7906;7,495280533;15.06.;Fri;High;Off-Peak;;;;
3984;140,7906;7,495280533;15.06.;Fri;High;Off-Peak;;;;
3985;140,7906;7,495280533;16.06.;Sat;High;Off-Peak;;;;
3986;140,7906;7,495280533;16.06.;Sat;High;Off-Peak;;;;
3987;140,7906;7,495280533;16.06.;Sat;High;Off-Peak;;;;
3988;140,7906;7,495280533;16.06.;Sat;High;Off-Peak;;;;
3989;140,7906;7,495280533;16.06.;Sat;High;Off-Peak;;;;
3990;140,7906;7,495280533;16.06.;Sat;High;Off-Peak;;;;
3991;140,7906;7,495280533;16.06.;Sat;High;Off-Peak;;;;
3992;211,2012;11,24373533;16.06.;Sat;High;Standard;;;;
3993;211,2012;11,24373533;16.06.;Sat;High;Standard;;;;
3994;211,2012;11,24373533;16.06.;Sat;High;Standard;;;;
3995;211,2012;11,24373533;16.06.;Sat;High;Standard;;;;
3996;211,2012;11,24373533;16.06.;Sat;High;Standard;;;;
3997;140,7906;7,495280533;16.06.;Sat;High;Off-Peak;;;;
3998;140,7906;7,495280533;16.06.;Sat;High;Off-Peak;;;;
3999;140,7906;7,495280533;16.06.;Sat;High;Off-Peak;;;;
4000;140,7906;7,495280533;16.06.;Sat;High;Off-Peak;;;;
4001;140,7906;7,495280533;16.06.;Sat;High;Off-Peak;;;;
4002;211,2012;11,24373533;16.06.;Sat;High;Standard;;;;
4003;211,2012;11,24373533;16.06.;Sat;High;Standard;;;;
4004;140,7906;7,495280533;16.06.;Sat;High;Off-Peak;;;;
4005;140,7906;7,495280533;16.06.;Sat;High;Off-Peak;;;;
4006;140,7906;7,495280533;16.06.;Sat;High;Off-Peak;;;;
4007;140,7906;7,495280533;16.06.;Sat;High;Off-Peak;;;;
4008;140,7906;7,495280533;16.06.;Sat;High;Off-Peak;;;;
4009;140,7906;7,495280533;17.06.;Sun;High;Off-Peak;;;;
4010;140,7906;7,495280533;17.06.;Sun;High;Off-Peak;;;;
4011;140,7906;7,495280533;17.06.;Sun;High;Off-Peak;;;;
4012;140,7906;7,495280533;17.06.;Sun;High;Off-Peak;;;;
4013;140,7906;7,495280533;17.06.;Sun;High;Off-Peak;;;;
4014;140,7906;7,495280533;17.06.;Sun;High;Off-Peak;;;;
4015;140,7906;7,495280533;17.06.;Sun;High;Off-Peak;;;;
4016;140,7906;7,495280533;17.06.;Sun;High;Off-Peak;;;;
4017;140,7906;7,495280533;17.06.;Sun;High;Off-Peak;;;;
4018;140,7906;7,495280533;17.06.;Sun;High;Off-Peak;;;;
4019;140,7906;7,495280533;17.06.;Sun;High;Off-Peak;;;;
4020;140,7906;7,495280533;17.06.;Sun;High;Off-Peak;;;;
4021;140,7906;7,495280533;17.06.;Sun;High;Off-Peak;;;;
4022;140,7906;7,495280533;17.06.;Sun;High;Off-Peak;;;;
4023;140,7906;7,495280533;17.06.;Sun;High;Off-Peak;;;;
4024;140,7906;7,495280533;17.06.;Sun;High;Off-Peak;;;;
4025;140,7906;7,495280533;17.06.;Sun;High;Off-Peak;;;;
4026;211,2012;11,24373533;17.06.;Sun;High;Standard;;;;
4027;211,2012;11,24373533;17.06.;Sun;High;Standard;;;;
4028;140,7906;7,495280533;17.06.;Sun;High;Off-Peak;;;;
4029;140,7906;7,495280533;17.06.;Sun;High;Off-Peak;;;;
4030;140,7906;7,495280533;17.06.;Sun;High;Off-Peak;;;;
4031;140,7906;7,495280533;17.06.;Sun;High;Off-Peak;;;;
4032;140,7906;7,495280533;17.06.;Sun;High;Off-Peak;;;;
4033;140,7906;7,495280533;18.06.;Mon;High;Off-Peak;;;;
4034;140,7906;7,495280533;18.06.;Mon;High;Off-Peak;;;;
4035;140,7906;7,495280533;18.06.;Mon;High;Off-Peak;;;;
4036;140,7906;7,495280533;18.06.;Mon;High;Off-Peak;;;;
4037;140,7906;7,495280533;18.06.;Mon;High;Off-Peak;;;;
4038;140,7906;7,495280533;18.06.;Mon;High;Off-Peak;;;;
4039;844,7844;44,97385527;18.06.;Mon;High;Peak;;;;
4040;844,7844;44,97385527;18.06.;Mon;High;Peak;;;;
4041;211,2012;11,24373533;18.06.;Mon;High;Standard;;;;
4042;211,2012;11,24373533;18.06.;Mon;High;Standard;;;;
4043;211,2012;11,24373533;18.06.;Mon;High;Standard;;;;
4044;211,2012;11,24373533;18.06.;Mon;High;Standard;;;;
4045;211,2012;11,24373533;18.06.;Mon;High;Standard;;;;
4046;211,2012;11,24373533;18.06.;Mon;High;Standard;;;;
4047;211,2012;11,24373533;18.06.;Mon;High;Standard;;;;
4048;211,2012;11,24373533;18.06.;Mon;High;Standard;;;;
4049;211,2012;11,24373533;18.06.;Mon;High;Standard;;;;
4050;844,7844;44,97385527;18.06.;Mon;High;Peak;;;;
4051;844,7844;44,97385527;18.06.;Mon;High;Peak;;;;
4052;844,7844;44,97385527;18.06.;Mon;High;Peak;;;;
4053;211,2012;11,24373533;18.06.;Mon;High;Standard;;;;
4054;211,2012;11,24373533;18.06.;Mon;High;Standard;;;;
4055;140,7906;7,495280533;18.06.;Mon;High;Off-Peak;;;;
4056;140,7906;7,495280533;18.06.;Mon;High;Off-Peak;;;;
4057;140,7906;7,495280533;19.06.;Tue;High;Off-Peak;;;;
4058;140,7906;7,495280533;19.06.;Tue;High;Off-Peak;;;;
4059;140,7906;7,495280533;19.06.;Tue;High;Off-Peak;;;;
4060;140,7906;7,495280533;19.06.;Tue;High;Off-Peak;;;;
4061;140,7906;7,495280533;19.06.;Tue;High;Off-Peak;;;;
4062;140,7906;7,495280533;19.06.;Tue;High;Off-Peak;;;;
4063;844,7844;44,97385527;19.06.;Tue;High;Peak;;;;
4064;844,7844;44,97385527;19.06.;Tue;High;Peak;;;;
4065;211,2012;11,24373533;19.06.;Tue;High;Standard;;;;
4066;211,2012;11,24373533;19.06.;Tue;High;Standard;;;;
4067;211,2012;11,24373533;19.06.;Tue;High;Standard;;;;
4068;211,2012;11,24373533;19.06.;Tue;High;Standard;;;;
4069;211,2012;11,24373533;19.06.;Tue;High;Standard;;;;
4070;211,2012;11,24373533;19.06.;Tue;High;Standard;;;;
4071;211,2012;11,24373533;19.06.;Tue;High;Standard;;;;
4072;211,2012;11,24373533;19.06.;Tue;High;Standard;;;;
4073;211,2012;11,24373533;19.06.;Tue;High;Standard;;;;
4074;844,7844;44,97385527;19.06.;Tue;High;Peak;;;;
4075;844,7844;44,97385527;19.06.;Tue;High;Peak;;;;
4076;844,7844;44,97385527;19.06.;Tue;High;Peak;;;;
4077;211,2012;11,24373533;19.06.;Tue;High;Standard;;;;
4078;211,2012;11,24373533;19.06.;Tue;High;Standard;;;;
4079;140,7906;7,495280533;19.06.;Tue;High;Off-Peak;;;;
4080;140,7906;7,495280533;19.06.;Tue;High;Off-Peak;;;;
4081;140,7906;7,495280533;20.06.;Wed;High;Off-Peak;;;;
4082;140,7906;7,495280533;20.06.;Wed;High;Off-Peak;;;;
4083;140,7906;7,495280533;20.06.;Wed;High;Off-Peak;;;;
4084;140,7906;7,495280533;20.06.;Wed;High;Off-Peak;;;;
4085;140,7906;7,495280533;20.06.;Wed;High;Off-Peak;;;;
4086;140,7906;7,495280533;20.06.;Wed;High;Off-Peak;;;;
4087;844,7844;44,97385527;20.06.;Wed;High;Peak;;;;
4088;844,7844;44,97385527;20.06.;Wed;High;Peak;;;;
4089;211,2012;11,24373533;20.06.;Wed;High;Standard;;;;
4090;211,2012;11,24373533;20.06.;Wed;High;Standard;;;;
4091;211,2012;11,24373533;20.06.;Wed;High;Standard;;;;
4092;211,2012;11,24373533;20.06.;Wed;High;Standard;;;;
4093;211,2012;11,24373533;20.06.;Wed;High;Standard;;;;
4094;211,2012;11,24373533;20.06.;Wed;High;Standard;;;;
4095;211,2012;11,24373533;20.06.;Wed;High;Standard;;;;
4096;211,2012;11,24373533;20.06.;Wed;High;Standard;;;;
4097;211,2012;11,24373533;20.06.;Wed;High;Standard;;;;
4098;844,7844;44,97385527;20.06.;Wed;High;Peak;;;;
4099;844,7844;44,97385527;20.06.;Wed;High;Peak;;;;
4100;844,7844;44,97385527;20.06.;Wed;High;Peak;;;;
4101;211,2012;11,24373533;20.06.;Wed;High;Standard;;;;
4102;211,2012;11,24373533;20.06.;Wed;High;Standard;;;;
4103;140,7906;7,495280533;20.06.;Wed;High;Off-Peak;;;;
4104;140,7906;7,495280533;20.06.;Wed;High;Off-Peak;;;;
4105;140,7906;7,495280533;21.06.;Thu;High;Off-Peak;;;;
4106;140,7906;7,495280533;21.06.;Thu;High;Off-Peak;;;;
4107;140,7906;7,495280533;21.06.;Thu;High;Off-Peak;;;;
4108;140,7906;7,495280533;21.06.;Thu;High;Off-Peak;;;;
4109;140,7906;7,495280533;21.06.;Thu;High;Off-Peak;;;;
4110;140,7906;7,495280533;21.06.;Thu;High;Off-Peak;;;;
4111;844,7844;44,97385527;21.06.;Thu;High;Peak;;;;
4112;844,7844;44,97385527;21.06.;Thu;High;Peak;;;;
4113;211,2012;11,24373533;21.06.;Thu;High;Standard;;;;
4114;211,2012;11,24373533;21.06.;Thu;High;Standard;;;;
4115;211,2012;11,24373533;21.06.;Thu;High;Standard;;;;
4116;211,2012;11,24373533;21.06.;Thu;High;Standard;;;;
4117;211,2012;11,24373533;21.06.;Thu;High;Standard;;;;
4118;211,2012;11,24373533;21.06.;Thu;High;Standard;;;;
4119;211,2012;11,24373533;21.06.;Thu;High;Standard;;;;
4120;211,2012;11,24373533;21.06.;Thu;High;Standard;;;;
4121;211,2012;11,24373533;21.06.;Thu;High;Standard;;;;
4122;844,7844;44,97385527;21.06.;Thu;High;Peak;;;;
4123;844,7844;44,97385527;21.06.;Thu;High;Peak;;;;
4124;844,7844;44,97385527;21.06.;Thu;High;Peak;;;;
4125;211,2012;11,24373533;21.06.;Thu;High;Standard;;;;
4126;211,2012;11,24373533;21.06.;Thu;High;Standard;;;;
4127;140,7906;7,495280533;21.06.;Thu;High;Off-Peak;;;;
4128;140,7906;7,495280533;21.06.;Thu;High;Off-Peak;;;;
4129;140,7906;7,495280533;22.06.;Fri;High;Off-Peak;;;;
4130;140,7906;7,495280533;22.06.;Fri;High;Off-Peak;;;;
4131;140,7906;7,495280533;22.06.;Fri;High;Off-Peak;;;;
4132;140,7906;7,495280533;22.06.;Fri;High;Off-Peak;;;;
4133;140,7906;7,495280533;22.06.;Fri;High;Off-Peak;;;;
4134;140,7906;7,495280533;22.06.;Fri;High;Off-Peak;;;;
4135;844,7844;44,97385527;22.06.;Fri;High;Peak;;;;
4136;844,7844;44,97385527;22.06.;Fri;High;Peak;;;;
4137;211,2012;11,24373533;22.06.;Fri;High;Standard;;;;
4138;211,2012;11,24373533;22.06.;Fri;High;Standard;;;;
4139;211,2012;11,24373533;22.06.;Fri;High;Standard;;;;
4140;211,2012;11,24373533;22.06.;Fri;High;Standard;;;;
4141;211,2012;11,24373533;22.06.;Fri;High;Standard;;;;
4142;211,2012;11,24373533;22.06.;Fri;High;Standard;;;;
4143;211,2012;11,24373533;22.06.;Fri;High;Standard;;;;
4144;211,2012;11,24373533;22.06.;Fri;High;Standard;;;;
4145;211,2012;11,24373533;22.06.;Fri;High;Standard;;;;
4146;844,7844;44,97385527;22.06.;Fri;High;Peak;;;;
4147;844,7844;44,97385527;22.06.;Fri;High;Peak;;;;
4148;844,7844;44,97385527;22.06.;Fri;High;Peak;;;;
4149;211,2012;11,24373533;22.06.;Fri;High;Standard;;;;
4150;211,2012;11,24373533;22.06.;Fri;High;Standard;;;;
4151;140,7906;7,495280533;22.06.;Fri;High;Off-Peak;;;;
4152;140,7906;7,495280533;22.06.;Fri;High;Off-Peak;;;;
4153;140,7906;7,495280533;23.06.;Sat;High;Off-Peak;;;;
4154;140,7906;7,495280533;23.06.;Sat;High;Off-Peak;;;;
4155;140,7906;7,495280533;23.06.;Sat;High;Off-Peak;;;;
4156;140,7906;7,495280533;23.06.;Sat;High;Off-Peak;;;;
4157;140,7906;7,495280533;23.06.;Sat;High;Off-Peak;;;;
4158;140,7906;7,495280533;23.06.;Sat;High;Off-Peak;;;;
4159;140,7906;7,495280533;23.06.;Sat;High;Off-Peak;;;;
4160;211,2012;11,24373533;23.06.;Sat;High;Standard;;;;
4161;211,2012;11,24373533;23.06.;Sat;High;Standard;;;;
4162;211,2012;11,24373533;23.06.;Sat;High;Standard;;;;
4163;211,2012;11,24373533;23.06.;Sat;High;Standard;;;;
4164;211,2012;11,24373533;23.06.;Sat;High;Standard;;;;
4165;140,7906;7,495280533;23.06.;Sat;High;Off-Peak;;;;
4166;140,7906;7,495280533;23.06.;Sat;High;Off-Peak;;;;
4167;140,7906;7,495280533;23.06.;Sat;High;Off-Peak;;;;
4168;140,7906;7,495280533;23.06.;Sat;High;Off-Peak;;;;
4169;140,7906;7,495280533;23.06.;Sat;High;Off-Peak;;;;
4170;211,2012;11,24373533;23.06.;Sat;High;Standard;;;;
4171;211,2012;11,24373533;23.06.;Sat;High;Standard;;;;
4172;140,7906;7,495280533;23.06.;Sat;High;Off-Peak;;;;
4173;140,7906;7,495280533;23.06.;Sat;High;Off-Peak;;;;
4174;140,7906;7,495280533;23.06.;Sat;High;Off-Peak;;;;
4175;140,7906;7,495280533;23.06.;Sat;High;Off-Peak;;;;
4176;140,7906;7,495280533;23.06.;Sat;High;Off-Peak;;;;
4177;140,7906;7,495280533;24.06.;Sun;High;Off-Peak;;;;
4178;140,7906;7,495280533;24.06.;Sun;High;Off-Peak;;;;
4179;140,7906;7,495280533;24.06.;Sun;High;Off-Peak;;;;
4180;140,7906;7,495280533;24.06.;Sun;High;Off-Peak;;;;
4181;140,7906;7,495280533;24.06.;Sun;High;Off-Peak;;;;
4182;140,7906;7,495280533;24.06.;Sun;High;Off-Peak;;;;
4183;140,7906;7,495280533;24.06.;Sun;High;Off-Peak;;;;
4184;140,7906;7,495280533;24.06.;Sun;High;Off-Peak;;;;
4185;140,7906;7,495280533;24.06.;Sun;High;Off-Peak;;;;
4186;140,7906;7,495280533;24.06.;Sun;High;Off-Peak;;;;
4187;140,7906;7,495280533;24.06.;Sun;High;Off-Peak;;;;
4188;140,7906;7,495280533;24.06.;Sun;High;Off-Peak;;;;
4189;140,7906;7,495280533;24.06.;Sun;High;Off-Peak;;;;
4190;140,7906;7,495280533;24.06.;Sun;High;Off-Peak;;;;
4191;140,7906;7,495280533;24.06.;Sun;High;Off-Peak;;;;
4192;140,7906;7,495280533;24.06.;Sun;High;Off-Peak;;;;
4193;140,7906;7,495280533;24.06.;Sun;High;Off-Peak;;;;
4194;211,2012;11,24373533;24.06.;Sun;High;Standard;;;;
4195;211,2012;11,24373533;24.06.;Sun;High;Standard;;;;
4196;140,7906;7,495280533;24.06.;Sun;High;Off-Peak;;;;
4197;140,7906;7,495280533;24.06.;Sun;High;Off-Peak;;;;
4198;140,7906;7,495280533;24.06.;Sun;High;Off-Peak;;;;
4199;140,7906;7,495280533;24.06.;Sun;High;Off-Peak;;;;
4200;140,7906;7,495280533;24.06.;Sun;High;Off-Peak;;;;
4201;140,7906;7,495280533;25.06.;Mon;High;Off-Peak;;;;
4202;140,7906;7,495280533;25.06.;Mon;High;Off-Peak;;;;
4203;140,7906;7,495280533;25.06.;Mon;High;Off-Peak;;;;
4204;140,7906;7,495280533;25.06.;Mon;High;Off-Peak;;;;
4205;140,7906;7,495280533;25.06.;Mon;High;Off-Peak;;;;
4206;140,7906;7,495280533;25.06.;Mon;High;Off-Peak;;;;
4207;844,7844;44,97385527;25.06.;Mon;High;Peak;;;;
4208;844,7844;44,97385527;25.06.;Mon;High;Peak;;;;
4209;211,2012;11,24373533;25.06.;Mon;High;Standard;;;;
4210;211,2012;11,24373533;25.06.;Mon;High;Standard;;;;
4211;211,2012;11,24373533;25.06.;Mon;High;Standard;;;;
4212;211,2012;11,24373533;25.06.;Mon;High;Standard;;;;
4213;211,2012;11,24373533;25.06.;Mon;High;Standard;;;;
4214;211,2012;11,24373533;25.06.;Mon;High;Standard;;;;
4215;211,2012;11,24373533;25.06.;Mon;High;Standard;;;;
4216;211,2012;11,24373533;25.06.;Mon;High;Standard;;;;
4217;211,2012;11,24373533;25.06.;Mon;High;Standard;;;;
4218;844,7844;44,97385527;25.06.;Mon;High;Peak;;;;
4219;844,7844;44,97385527;25.06.;Mon;High;Peak;;;;
4220;844,7844;44,97385527;25.06.;Mon;High;Peak;;;;
4221;211,2012;11,24373533;25.06.;Mon;High;Standard;;;;
4222;211,2012;11,24373533;25.06.;Mon;High;Standard;;;;
4223;140,7906;7,495280533;25.06.;Mon;High;Off-Peak;;;;
4224;140,7906;7,495280533;25.06.;Mon;High;Off-Peak;;;;
4225;140,7906;7,495280533;26.06.;Tue;High;Off-Peak;;;;
4226;140,7906;7,495280533;26.06.;Tue;High;Off-Peak;;;;
4227;140,7906;7,495280533;26.06.;Tue;High;Off-Peak;;;;
4228;140,7906;7,495280533;26.06.;Tue;High;Off-Peak;;;;
4229;140,7906;7,495280533;26.06.;Tue;High;Off-Peak;;;;
4230;140,7906;7,495280533;26.06.;Tue;High;Off-Peak;;;;
4231;844,7844;44,97385527;26.06.;Tue;High;Peak;;;;
4232;844,7844;44,97385527;26.06.;Tue;High;Peak;;;;
4233;211,2012;11,24373533;26.06.;Tue;High;Standard;;;;
4234;211,2012;11,24373533;26.06.;Tue;High;Standard;;;;
4235;211,2012;11,24373533;26.06.;Tue;High;Standard;;;;
4236;211,2012;11,24373533;26.06.;Tue;High;Standard;;;;
4237;211,2012;11,24373533;26.06.;Tue;High;Standard;;;;
4238;211,2012;11,24373533;26.06.;Tue;High;Standard;;;;
4239;211,2012;11,24373533;26.06.;Tue;High;Standard;;;;
4240;211,2012;11,24373533;26.06.;Tue;High;Standard;;;;
4241;211,2012;11,24373533;26.06.;Tue;High;Standard;;;;
4242;844,7844;44,97385527;26.06.;Tue;High;Peak;;;;
4243;844,7844;44,97385527;26.06.;Tue;High;Peak;;;;
4244;844,7844;44,97385527;26.06.;Tue;High;Peak;;;;
4245;211,2012;11,24373533;26.06.;Tue;High;Standard;;;;
4246;211,2012;11,24373533;26.06.;Tue;High;Standard;;;;
4247;140,7906;7,495280533;26.06.;Tue;High;Off-Peak;;;;
4248;140,7906;7,495280533;26.06.;Tue;High;Off-Peak;;;;
4249;140,7906;7,495280533;27.06.;Wed;High;Off-Peak;;;;
4250;140,7906;7,495280533;27.06.;Wed;High;Off-Peak;;;;
4251;140,7906;7,495280533;27.06.;Wed;High;Off-Peak;;;;
4252;140,7906;7,495280533;27.06.;Wed;High;Off-Peak;;;;
4253;140,7906;7,495280533;27.06.;Wed;High;Off-Peak;;;;
4254;140,7906;7,495280533;27.06.;Wed;High;Off-Peak;;;;
4255;844,7844;44,97385527;27.06.;Wed;High;Peak;;;;
4256;844,7844;44,97385527;27.06.;Wed;High;Peak;;;;
4257;211,2012;11,24373533;27.06.;Wed;High;Standard;;;;
4258;211,2012;11,24373533;27.06.;Wed;High;Standard;;;;
4259;211,2012;11,24373533;27.06.;Wed;High;Standard;;;;
4260;211,2012;11,24373533;27.06.;Wed;High;Standard;;;;
4261;211,2012;11,24373533;27.06.;Wed;High;Standard;;;;
4262;211,2012;11,24373533;27.06.;Wed;High;Standard;;;;
4263;211,2012;11,24373533;27.06.;Wed;High;Standard;;;;
4264;211,2012;11,24373533;27.06.;Wed;High;Standard;;;;
4265;211,2012;11,24373533;27.06.;Wed;High;Standard;;;;
4266;844,7844;44,97385527;27.06.;Wed;High;Peak;;;;
4267;844,7844;44,97385527;27.06.;Wed;High;Peak;;;;
4268;844,7844;44,97385527;27.06.;Wed;High;Peak;;;;
4269;211,2012;11,24373533;27.06.;Wed;High;Standard;;;;
4270;211,2012;11,24373533;27.06.;Wed;High;Standard;;;;
4271;140,7906;7,495280533;27.06.;Wed;High;Off-Peak;;;;
4272;140,7906;7,495280533;27.06.;Wed;High;Off-Peak;;;;
4273;140,7906;7,495280533;28.06.;Thu;High;Off-Peak;;;;
4274;140,7906;7,495280533;28.06.;Thu;High;Off-Peak;;;;
4275;140,7906;7,495280533;28.06.;Thu;High;Off-Peak;;;;
4276;140,7906;7,495280533;28.06.;Thu;High;Off-Peak;;;;
4277;140,7906;7,495280533;28.06.;Thu;High;Off-Peak;;;;
4278;140,7906;7,495280533;28.06.;Thu;High;Off-Peak;;;;
4279;844,7844;44,97385527;28.06.;Thu;High;Peak;;;;
4280;844,7844;44,97385527;28.06.;Thu;High;Peak;;;;
4281;211,2012;11,24373533;28.06.;Thu;High;Standard;;;;
4282;211,2012;11,24373533;28.06.;Thu;High;Standard;;;;
4283;211,2012;11,24373533;28.06.;Thu;High;Standard;;;;
4284;211,2012;11,24373533;28.06.;Thu;High;Standard;;;;
4285;211,2012;11,24373533;28.06.;Thu;High;Standard;;;;
4286;211,2012;11,24373533;28.06.;Thu;High;Standard;;;;
4287;211,2012;11,24373533;28.06.;Thu;High;Standard;;;;
4288;211,2012;11,24373533;28.06.;Thu;High;Standard;;;;
4289;211,2012;11,24373533;28.06.;Thu;High;Standard;;;;
4290;844,7844;44,97385527;28.06.;Thu;High;Peak;;;;
4291;844,7844;44,97385527;28.06.;Thu;High;Peak;;;;
4292;844,7844;44,97385527;28.06.;Thu;High;Peak;;;;
4293;211,2012;11,24373533;28.06.;Thu;High;Standard;;;;
4294;211,2012;11,24373533;28.06.;Thu;High;Standard;;;;
4295;140,7906;7,495280533;28.06.;Thu;High;Off-Peak;;;;
4296;140,7906;7,495280533;28.06.;Thu;High;Off-Peak;;;;
4297;140,7906;7,495280533;29.06.;Fri;High;Off-Peak;;;;
4298;140,7906;7,495280533;29.06.;Fri;High;Off-Peak;;;;
4299;140,7906;7,495280533;29.06.;Fri;High;Off-Peak;;;;
4300;140,7906;7,495280533;29.06.;Fri;High;Off-Peak;;;;
4301;140,7906;7,495280533;29.06.;Fri;High;Off-Peak;;;;
4302;140,7906;7,495280533;29.06.;Fri;High;Off-Peak;;;;
4303;844,7844;44,97385527;29.06.;Fri;High;Peak;;;;
4304;844,7844;44,97385527;29.06.;Fri;High;Peak;;;;
4305;211,2012;11,24373533;29.06.;Fri;High;Standard;;;;
4306;211,2012;11,24373533;29.06.;Fri;High;Standard;;;;
4307;211,2012;11,24373533;29.06.;Fri;High;Standard;;;;
4308;211,2012;11,24373533;29.06.;Fri;High;Standard;;;;
4309;211,2012;11,24373533;29.06.;Fri;High;Standard;;;;
4310;211,2012;11,24373533;29.06.;Fri;High;Standard;;;;
4311;211,2012;11,24373533;29.06.;Fri;High;Standard;;;;
4312;211,2012;11,24373533;29.06.;Fri;High;Standard;;;;
4313;211,2012;11,24373533;29.06.;Fri;High;Standard;;;;
4314;844,7844;44,97385527;29.06.;Fri;High;Peak;;;;
4315;844,7844;44,97385527;29.06.;Fri;High;Peak;;;;
4316;844,7844;44,97385527;29.06.;Fri;High;Peak;;;;
4317;211,2012;11,24373533;29.06.;Fri;High;Standard;;;;
4318;211,2012;11,24373533;29.06.;Fri;High;Standard;;;;
4319;140,7906;7,495280533;29.06.;Fri;High;Off-Peak;;;;
4320;140,7906;7,495280533;29.06.;Fri;High;Off-Peak;;;;
4321;140,7906;7,495280533;30.06.;Sat;High;Off-Peak;;;;
4322;140,7906;7,495280533;30.06.;Sat;High;Off-Peak;;;;
4323;140,7906;7,495280533;30.06.;Sat;High;Off-Peak;;;;
4324;140,7906;7,495280533;30.06.;Sat;High;Off-Peak;;;;
4325;140,7906;7,495280533;30.06.;Sat;High;Off-Peak;;;;
4326;140,7906;7,495280533;30.06.;Sat;High;Off-Peak;;;;
4327;140,7906;7,495280533;30.06.;Sat;High;Off-Peak;;;;
4328;211,2012;11,24373533;30.06.;Sat;High;Standard;;;;
4329;211,2012;11,24373533;30.06.;Sat;High;Standard;;;;
4330;211,2012;11,24373533;30.06.;Sat;High;Standard;;;;
4331;211,2012;11,24373533;30.06.;Sat;High;Standard;;;;
4332;211,2012;11,24373533;30.06.;Sat;High;Standard;;;;
4333;140,7906;7,495280533;30.06.;Sat;High;Off-Peak;;;;
4334;140,7906;7,495280533;30.06.;Sat;High;Off-Peak;;;;
4335;140,7906;7,495280533;30.06.;Sat;High;Off-Peak;;;;
4336;140,7906;7,495280533;30.06.;Sat;High;Off-Peak;;;;
4337;140,7906;7,495280533;30.06.;Sat;High;Off-Peak;;;;
4338;211,2012;11,24373533;30.06.;Sat;High;Standard;;;;
4339;211,2012;11,24373533;30.06.;Sat;High;Standard;;;;
4340;140,7906;7,495280533;30.06.;Sat;High;Off-Peak;;;;
4341;140,7906;7,495280533;30.06.;Sat;High;Off-Peak;;;;
4342;140,7906;7,495280533;30.06.;Sat;High;Off-Peak;;;;
4343;140,7906;7,495280533;30.06.;Sat;High;Off-Peak;;;;
4344;140,7906;7,495280533;30.06.;Sat;High;Off-Peak;;;;
4345;140,7906;7,495280533;01.07.;Sun;High;Off-Peak;;;;
4346;140,7906;7,495280533;01.07.;Sun;High;Off-Peak;;;;
4347;140,7906;7,495280533;01.07.;Sun;High;Off-Peak;;;;
4348;140,7906;7,495280533;01.07.;Sun;High;Off-Peak;;;;
4349;140,7906;7,495280533;01.07.;Sun;High;Off-Peak;;;;
4350;140,7906;7,495280533;01.07.;Sun;High;Off-Peak;;;;
4351;140,7906;7,495280533;01.07.;Sun;High;Off-Peak;;;;
4352;140,7906;7,495280533;01.07.;Sun;High;Off-Peak;;;;
4353;140,7906;7,495280533;01.07.;Sun;High;Off-Peak;;;;
4354;140,7906;7,495280533;01.07.;Sun;High;Off-Peak;;;;
4355;140,7906;7,495280533;01.07.;Sun;High;Off-Peak;;;;
4356;140,7906;7,495280533;01.07.;Sun;High;Off-Peak;;;;
4357;140,7906;7,495280533;01.07.;Sun;High;Off-Peak;;;;
4358;140,7906;7,495280533;01.07.;Sun;High;Off-Peak;;;;
4359;140,7906;7,495280533;01.07.;Sun;High;Off-Peak;;;;
4360;140,7906;7,495280533;01.07.;Sun;High;Off-Peak;;;;
4361;140,7906;7,495280533;01.07.;Sun;High;Off-Peak;;;;
4362;211,2012;11,24373533;01.07.;Sun;High;Standard;;;;
4363;211,2012;11,24373533;01.07.;Sun;High;Standard;;;;
4364;140,7906;7,495280533;01.07.;Sun;High;Off-Peak;;;;
4365;140,7906;7,495280533;01.07.;Sun;High;Off-Peak;;;;
4366;140,7906;7,495280533;01.07.;Sun;High;Off-Peak;;;;
4367;140,7906;7,495280533;01.07.;Sun;High;Off-Peak;;;;
4368;140,7906;7,495280533;01.07.;Sun;High;Off-Peak;;;;
4369;140,7906;7,495280533;02.07.;Mon;High;Off-Peak;;;;
4370;140,7906;7,495280533;02.07.;Mon;High;Off-Peak;;;;
4371;140,7906;7,495280533;02.07.;Mon;High;Off-Peak;;;;
4372;140,7906;7,495280533;02.07.;Mon;High;Off-Peak;;;;
4373;140,7906;7,495280533;02.07.;Mon;High;Off-Peak;;;;
4374;140,7906;7,495280533;02.07.;Mon;High;Off-Peak;;;;
4375;844,7844;44,97385527;02.07.;Mon;High;Peak;;;;
4376;844,7844;44,97385527;02.07.;Mon;High;Peak;;;;
4377;211,2012;11,24373533;02.07.;Mon;High;Standard;;;;
4378;211,2012;11,24373533;02.07.;Mon;High;Standard;;;;
4379;211,2012;11,24373533;02.07.;Mon;High;Standard;;;;
4380;211,2012;11,24373533;02.07.;Mon;High;Standard;;;;
4381;211,2012;11,24373533;02.07.;Mon;High;Standard;;;;
4382;211,2012;11,24373533;02.07.;Mon;High;Standard;;;;
4383;211,2012;11,24373533;02.07.;Mon;High;Standard;;;;
4384;211,2012;11,24373533;02.07.;Mon;High;Standard;;;;
4385;211,2012;11,24373533;02.07.;Mon;High;Standard;;;;
4386;844,7844;44,97385527;02.07.;Mon;High;Peak;;;;
4387;844,7844;44,97385527;02.07.;Mon;High;Peak;;;;
4388;844,7844;44,97385527;02.07.;Mon;High;Peak;;;;
4389;211,2012;11,24373533;02.07.;Mon;High;Standard;;;;
4390;211,2012;11,24373533;02.07.;Mon;High;Standard;;;;
4391;140,7906;7,495280533;02.07.;Mon;High;Off-Peak;;;;
4392;140,7906;7,495280533;02.07.;Mon;High;Off-Peak;;;;
4393;140,7906;7,495280533;03.07.;Tue;High;Off-Peak;;;;
4394;140,7906;7,495280533;03.07.;Tue;High;Off-Peak;;;;
4395;140,7906;7,495280533;03.07.;Tue;High;Off-Peak;;;;
4396;140,7906;7,495280533;03.07.;Tue;High;Off-Peak;;;;
4397;140,7906;7,495280533;03.07.;Tue;High;Off-Peak;;;;
4398;140,7906;7,495280533;03.07.;Tue;High;Off-Peak;;;;
4399;844,7844;44,97385527;03.07.;Tue;High;Peak;;;;
4400;844,7844;44,97385527;03.07.;Tue;High;Peak;;;;
4401;211,2012;11,24373533;03.07.;Tue;High;Standard;;;;
4402;211,2012;11,24373533;03.07.;Tue;High;Standard;;;;
4403;211,2012;11,24373533;03.07.;Tue;High;Standard;;;;
4404;211,2012;11,24373533;03.07.;Tue;High;Standard;;;;
4405;211,2012;11,24373533;03.07.;Tue;High;Standard;;;;
4406;211,2012;11,24373533;03.07.;Tue;High;Standard;;;;
4407;211,2012;11,24373533;03.07.;Tue;High;Standard;;;;
4408;211,2012;11,24373533;03.07.;Tue;High;Standard;;;;
4409;211,2012;11,24373533;03.07.;Tue;High;Standard;;;;
4410;844,7844;44,97385527;03.07.;Tue;High;Peak;;;;
4411;844,7844;44,97385527;03.07.;Tue;High;Peak;;;;
4412;844,7844;44,97385527;03.07.;Tue;High;Peak;;;;
4413;211,2012;11,24373533;03.07.;Tue;High;Standard;;;;
4414;211,2012;11,24373533;03.07.;Tue;High;Standard;;;;
4415;140,7906;7,495280533;03.07.;Tue;High;Off-Peak;;;;
4416;140,7906;7,495280533;03.07.;Tue;High;Off-Peak;;;;
4417;140,7906;7,495280533;04.07.;Wed;High;Off-Peak;;;;
4418;140,7906;7,495280533;04.07.;Wed;High;Off-Peak;;;;
4419;140,7906;7,495280533;04.07.;Wed;High;Off-Peak;;;;
4420;140,7906;7,495280533;04.07.;Wed;High;Off-Peak;;;;
4421;140,7906;7,495280533;04.07.;Wed;High;Off-Peak;;;;
4422;140,7906;7,495280533;04.07.;Wed;High;Off-Peak;;;;
4423;844,7844;44,97385527;04.07.;Wed;High;Peak;;;;
4424;844,7844;44,97385527;04.07.;Wed;High;Peak;;;;
4425;211,2012;11,24373533;04.07.;Wed;High;Standard;;;;
4426;211,2012;11,24373533;04.07.;Wed;High;Standard;;;;
4427;211,2012;11,24373533;04.07.;Wed;High;Standard;;;;
4428;211,2012;11,24373533;04.07.;Wed;High;Standard;;;;
4429;211,2012;11,24373533;04.07.;Wed;High;Standard;;;;
4430;211,2012;11,24373533;04.07.;Wed;High;Standard;;;;
4431;211,2012;11,24373533;04.07.;Wed;High;Standard;;;;
4432;211,2012;11,24373533;04.07.;Wed;High;Standard;;;;
4433;211,2012;11,24373533;04.07.;Wed;High;Standard;;;;
4434;844,7844;44,97385527;04.07.;Wed;High;Peak;;;;
4435;844,7844;44,97385527;04.07.;Wed;High;Peak;;;;
4436;844,7844;44,97385527;04.07.;Wed;High;Peak;;;;
4437;211,2012;11,24373533;04.07.;Wed;High;Standard;;;;
4438;211,2012;11,24373533;04.07.;Wed;High;Standard;;;;
4439;140,7906;7,495280533;04.07.;Wed;High;Off-Peak;;;;
4440;140,7906;7,495280533;04.07.;Wed;High;Off-Peak;;;;
4441;140,7906;7,495280533;05.07.;Thu;High;Off-Peak;;;;
4442;140,7906;7,495280533;05.07.;Thu;High;Off-Peak;;;;
4443;140,7906;7,495280533;05.07.;Thu;High;Off-Peak;;;;
4444;140,7906;7,495280533;05.07.;Thu;High;Off-Peak;;;;
4445;140,7906;7,495280533;05.07.;Thu;High;Off-Peak;;;;
4446;140,7906;7,495280533;05.07.;Thu;High;Off-Peak;;;;
4447;844,7844;44,97385527;05.07.;Thu;High;Peak;;;;
4448;844,7844;44,97385527;05.07.;Thu;High;Peak;;;;
4449;211,2012;11,24373533;05.07.;Thu;High;Standard;;;;
4450;211,2012;11,24373533;05.07.;Thu;High;Standard;;;;
4451;211,2012;11,24373533;05.07.;Thu;High;Standard;;;;
4452;211,2012;11,24373533;05.07.;Thu;High;Standard;;;;
4453;211,2012;11,24373533;05.07.;Thu;High;Standard;;;;
4454;211,2012;11,24373533;05.07.;Thu;High;Standard;;;;
4455;211,2012;11,24373533;05.07.;Thu;High;Standard;;;;
4456;211,2012;11,24373533;05.07.;Thu;High;Standard;;;;
4457;211,2012;11,24373533;05.07.;Thu;High;Standard;;;;
4458;844,7844;44,97385527;05.07.;Thu;High;Peak;;;;
4459;844,7844;44,97385527;05.07.;Thu;High;Peak;;;;
4460;844,7844;44,97385527;05.07.;Thu;High;Peak;;;;
4461;211,2012;11,24373533;05.07.;Thu;High;Standard;;;;
4462;211,2012;11,24373533;05.07.;Thu;High;Standard;;;;
4463;140,7906;7,495280533;05.07.;Thu;High;Off-Peak;;;;
4464;140,7906;7,495280533;05.07.;Thu;High;Off-Peak;;;;
4465;140,7906;7,495280533;06.07.;Fri;High;Off-Peak;;;;
4466;140,7906;7,495280533;06.07.;Fri;High;Off-Peak;;;;
4467;140,7906;7,495280533;06.07.;Fri;High;Off-Peak;;;;
4468;140,7906;7,495280533;06.07.;Fri;High;Off-Peak;;;;
4469;140,7906;7,495280533;06.07.;Fri;High;Off-Peak;;;;
4470;140,7906;7,495280533;06.07.;Fri;High;Off-Peak;;;;
4471;844,7844;44,97385527;06.07.;Fri;High;Peak;;;;
4472;844,7844;44,97385527;06.07.;Fri;High;Peak;;;;
4473;211,2012;11,24373533;06.07.;Fri;High;Standard;;;;
4474;211,2012;11,24373533;06.07.;Fri;High;Standard;;;;
4475;211,2012;11,24373533;06.07.;Fri;High;Standard;;;;
4476;211,2012;11,24373533;06.07.;Fri;High;Standard;;;;
4477;211,2012;11,24373533;06.07.;Fri;High;Standard;;;;
4478;211,2012;11,24373533;06.07.;Fri;High;Standard;;;;
4479;211,2012;11,24373533;06.07.;Fri;High;Standard;;;;
4480;211,2012;11,24373533;06.07.;Fri;High;Standard;;;;
4481;211,2012;11,24373533;06.07.;Fri;High;Standard;;;;
4482;844,7844;44,97385527;06.07.;Fri;High;Peak;;;;
4483;844,7844;44,97385527;06.07.;Fri;High;Peak;;;;
4484;844,7844;44,97385527;06.07.;Fri;High;Peak;;;;
4485;211,2012;11,24373533;06.07.;Fri;High;Standard;;;;
4486;211,2012;11,24373533;06.07.;Fri;High;Standard;;;;
4487;140,7906;7,495280533;06.07.;Fri;High;Off-Peak;;;;
4488;140,7906;7,495280533;06.07.;Fri;High;Off-Peak;;;;
4489;140,7906;7,495280533;07.07.;Sat;High;Off-Peak;;;;
4490;140,7906;7,495280533;07.07.;Sat;High;Off-Peak;;;;
4491;140,7906;7,495280533;07.07.;Sat;High;Off-Peak;;;;
4492;140,7906;7,495280533;07.07.;Sat;High;Off-Peak;;;;
4493;140,7906;7,495280533;07.07.;Sat;High;Off-Peak;;;;
4494;140,7906;7,495280533;07.07.;Sat;High;Off-Peak;;;;
4495;140,7906;7,495280533;07.07.;Sat;High;Off-Peak;;;;
4496;211,2012;11,24373533;07.07.;Sat;High;Standard;;;;
4497;211,2012;11,24373533;07.07.;Sat;High;Standard;;;;
4498;211,2012;11,24373533;07.07.;Sat;High;Standard;;;;
4499;211,2012;11,24373533;07.07.;Sat;High;Standard;;;;
4500;211,2012;11,24373533;07.07.;Sat;High;Standard;;;;
4501;140,7906;7,495280533;07.07.;Sat;High;Off-Peak;;;;
4502;140,7906;7,495280533;07.07.;Sat;High;Off-Peak;;;;
4503;140,7906;7,495280533;07.07.;Sat;High;Off-Peak;;;;
4504;140,7906;7,495280533;07.07.;Sat;High;Off-Peak;;;;
4505;140,7906;7,495280533;07.07.;Sat;High;Off-Peak;;;;
4506;211,2012;11,24373533;07.07.;Sat;High;Standard;;;;
4507;211,2012;11,24373533;07.07.;Sat;High;Standard;;;;
4508;140,7906;7,495280533;07.07.;Sat;High;Off-Peak;;;;
4509;140,7906;7,495280533;07.07.;Sat;High;Off-Peak;;;;
4510;140,7906;7,495280533;07.07.;Sat;High;Off-Peak;;;;
4511;140,7906;7,495280533;07.07.;Sat;High;Off-Peak;;;;
4512;140,7906;7,495280533;07.07.;Sat;High;Off-Peak;;;;
4513;140,7906;7,495280533;08.07.;Sun;High;Off-Peak;;;;
4514;140,7906;7,495280533;08.07.;Sun;High;Off-Peak;;;;
4515;140,7906;7,495280533;08.07.;Sun;High;Off-Peak;;;;
4516;140,7906;7,495280533;08.07.;Sun;High;Off-Peak;;;;
4517;140,7906;7,495280533;08.07.;Sun;High;Off-Peak;;;;
4518;140,7906;7,495280533;08.07.;Sun;High;Off-Peak;;;;
4519;140,7906;7,495280533;08.07.;Sun;High;Off-Peak;;;;
4520;140,7906;7,495280533;08.07.;Sun;High;Off-Peak;;;;
4521;140,7906;7,495280533;08.07.;Sun;High;Off-Peak;;;;
4522;140,7906;7,495280533;08.07.;Sun;High;Off-Peak;;;;
4523;140,7906;7,495280533;08.07.;Sun;High;Off-Peak;;;;
4524;140,7906;7,495280533;08.07.;Sun;High;Off-Peak;;;;
4525;140,7906;7,495280533;08.07.;Sun;High;Off-Peak;;;;
4526;140,7906;7,495280533;08.07.;Sun;High;Off-Peak;;;;
4527;140,7906;7,495280533;08.07.;Sun;High;Off-Peak;;;;
4528;140,7906;7,495280533;08.07.;Sun;High;Off-Peak;;;;
4529;140,7906;7,495280533;08.07.;Sun;High;Off-Peak;;;;
4530;211,2012;11,24373533;08.07.;Sun;High;Standard;;;;
4531;211,2012;11,24373533;08.07.;Sun;High;Standard;;;;
4532;140,7906;7,495280533;08.07.;Sun;High;Off-Peak;;;;
4533;140,7906;7,495280533;08.07.;Sun;High;Off-Peak;;;;
4534;140,7906;7,495280533;08.07.;Sun;High;Off-Peak;;;;
4535;140,7906;7,495280533;08.07.;Sun;High;Off-Peak;;;;
4536;140,7906;7,495280533;08.07.;Sun;High;Off-Peak;;;;
4537;140,7906;7,495280533;09.07.;Mon;High;Off-Peak;;;;
4538;140,7906;7,495280533;09.07.;Mon;High;Off-Peak;;;;
4539;140,7906;7,495280533;09.07.;Mon;High;Off-Peak;;;;
4540;140,7906;7,495280533;09.07.;Mon;High;Off-Peak;;;;
4541;140,7906;7,495280533;09.07.;Mon;High;Off-Peak;;;;
4542;140,7906;7,495280533;09.07.;Mon;High;Off-Peak;;;;
4543;844,7844;44,97385527;09.07.;Mon;High;Peak;;;;
4544;844,7844;44,97385527;09.07.;Mon;High;Peak;;;;
4545;211,2012;11,24373533;09.07.;Mon;High;Standard;;;;
4546;211,2012;11,24373533;09.07.;Mon;High;Standard;;;;
4547;211,2012;11,24373533;09.07.;Mon;High;Standard;;;;
4548;211,2012;11,24373533;09.07.;Mon;High;Standard;;;;
4549;211,2012;11,24373533;09.07.;Mon;High;Standard;;;;
4550;211,2012;11,24373533;09.07.;Mon;High;Standard;;;;
4551;211,2012;11,24373533;09.07.;Mon;High;Standard;;;;
4552;211,2012;11,24373533;09.07.;Mon;High;Standard;;;;
4553;211,2012;11,24373533;09.07.;Mon;High;Standard;;;;
4554;844,7844;44,97385527;09.07.;Mon;High;Peak;;;;
4555;844,7844;44,97385527;09.07.;Mon;High;Peak;;;;
4556;844,7844;44,97385527;09.07.;Mon;High;Peak;;;;
4557;211,2012;11,24373533;09.07.;Mon;High;Standard;;;;
4558;211,2012;11,24373533;09.07.;Mon;High;Standard;;;;
4559;140,7906;7,495280533;09.07.;Mon;High;Off-Peak;;;;
4560;140,7906;7,495280533;09.07.;Mon;High;Off-Peak;;;;
4561;140,7906;7,495280533;10.07.;Tue;High;Off-Peak;;;;
4562;140,7906;7,495280533;10.07.;Tue;High;Off-Peak;;;;
4563;140,7906;7,495280533;10.07.;Tue;High;Off-Peak;;;;
4564;140,7906;7,495280533;10.07.;Tue;High;Off-Peak;;;;
4565;140,7906;7,495280533;10.07.;Tue;High;Off-Peak;;;;
4566;140,7906;7,495280533;10.07.;Tue;High;Off-Peak;;;;
4567;844,7844;44,97385527;10.07.;Tue;High;Peak;;;;
4568;844,7844;44,97385527;10.07.;Tue;High;Peak;;;;
4569;211,2012;11,24373533;10.07.;Tue;High;Standard;;;;
4570;211,2012;11,24373533;10.07.;Tue;High;Standard;;;;
4571;211,2012;11,24373533;10.07.;Tue;High;Standard;;;;
4572;211,2012;11,24373533;10.07.;Tue;High;Standard;;;;
4573;211,2012;11,24373533;10.07.;Tue;High;Standard;;;;
4574;211,2012;11,24373533;10.07.;Tue;High;Standard;;;;
4575;211,2012;11,24373533;10.07.;Tue;High;Standard;;;;
4576;211,2012;11,24373533;10.07.;Tue;High;Standard;;;;
4577;211,2012;11,24373533;10.07.;Tue;High;Standard;;;;
4578;844,7844;44,97385527;10.07.;Tue;High;Peak;;;;
4579;844,7844;44,97385527;10.07.;Tue;High;Peak;;;;
4580;844,7844;44,97385527;10.07.;Tue;High;Peak;;;;
4581;211,2012;11,24373533;10.07.;Tue;High;Standard;;;;
4582;211,2012;11,24373533;10.07.;Tue;High;Standard;;;;
4583;140,7906;7,495280533;10.07.;Tue;High;Off-Peak;;;;
4584;140,7906;7,495280533;10.07.;Tue;High;Off-Peak;;;;
4585;140,7906;7,495280533;11.07.;Wed;High;Off-Peak;;;;
4586;140,7906;7,495280533;11.07.;Wed;High;Off-Peak;;;;
4587;140,7906;7,495280533;11.07.;Wed;High;Off-Peak;;;;
4588;140,7906;7,495280533;11.07.;Wed;High;Off-Peak;;;;
4589;140,7906;7,495280533;11.07.;Wed;High;Off-Peak;;;;
4590;140,7906;7,495280533;11.07.;Wed;High;Off-Peak;;;;
4591;844,7844;44,97385527;11.07.;Wed;High;Peak;;;;
4592;844,7844;44,97385527;11.07.;Wed;High;Peak;;;;
4593;211,2012;11,24373533;11.07.;Wed;High;Standard;;;;
4594;211,2012;11,24373533;11.07.;Wed;High;Standard;;;;
4595;211,2012;11,24373533;11.07.;Wed;High;Standard;;;;
4596;211,2012;11,24373533;11.07.;Wed;High;Standard;;;;
4597;211,2012;11,24373533;11.07.;Wed;High;Standard;;;;
4598;211,2012;11,24373533;11.07.;Wed;High;Standard;;;;
4599;211,2012;11,24373533;11.07.;Wed;High;Standard;;;;
4600;211,2012;11,24373533;11.07.;Wed;High;Standard;;;;
4601;211,2012;11,24373533;11.07.;Wed;High;Standard;;;;
4602;844,7844;44,97385527;11.07.;Wed;High;Peak;;;;
4603;844,7844;44,97385527;11.07.;Wed;High;Peak;;;;
4604;844,7844;44,97385527;11.07.;Wed;High;Peak;;;;
4605;211,2012;11,24373533;11.07.;Wed;High;Standard;;;;
4606;211,2012;11,24373533;11.07.;Wed;High;Standard;;;;
4607;140,7906;7,495280533;11.07.;Wed;High;Off-Peak;;;;
4608;140,7906;7,495280533;11.07.;Wed;High;Off-Peak;;;;
4609;140,7906;7,495280533;12.07.;Thu;High;Off-Peak;;;;
4610;140,7906;7,495280533;12.07.;Thu;High;Off-Peak;;;;
4611;140,7906;7,495280533;12.07.;Thu;High;Off-Peak;;;;
4612;140,7906;7,495280533;12.07.;Thu;High;Off-Peak;;;;
4613;140,7906;7,495280533;12.07.;Thu;High;Off-Peak;;;;
4614;140,7906;7,495280533;12.07.;Thu;High;Off-Peak;;;;
4615;844,7844;44,97385527;12.07.;Thu;High;Peak;;;;
4616;844,7844;44,97385527;12.07.;Thu;High;Peak;;;;
4617;211,2012;11,24373533;12.07.;Thu;High;Standard;;;;
4618;211,2012;11,24373533;12.07.;Thu;High;Standard;;;;
4619;211,2012;11,24373533;12.07.;Thu;High;Standard;;;;
4620;211,2012;11,24373533;12.07.;Thu;High;Standard;;;;
4621;211,2012;11,24373533;12.07.;Thu;High;Standard;;;;
4622;211,2012;11,24373533;12.07.;Thu;High;Standard;;;;
4623;211,2012;11,24373533;12.07.;Thu;High;Standard;;;;
4624;211,2012;11,24373533;12.07.;Thu;High;Standard;;;;
4625;211,2012;11,24373533;12.07.;Thu;High;Standard;;;;
4626;844,7844;44,97385527;12.07.;Thu;High;Peak;;;;
4627;844,7844;44,97385527;12.07.;Thu;High;Peak;;;;
4628;844,7844;44,97385527;12.07.;Thu;High;Peak;;;;
4629;211,2012;11,24373533;12.07.;Thu;High;Standard;;;;
4630;211,2012;11,24373533;12.07.;Thu;High;Standard;;;;
4631;140,7906;7,495280533;12.07.;Thu;High;Off-Peak;;;;
4632;140,7906;7,495280533;12.07.;Thu;High;Off-Peak;;;;
4633;140,7906;7,495280533;13.07.;Fri;High;Off-Peak;;;;
4634;140,7906;7,495280533;13.07.;Fri;High;Off-Peak;;;;
4635;140,7906;7,495280533;13.07.;Fri;High;Off-Peak;;;;
4636;140,7906;7,495280533;13.07.;Fri;High;Off-Peak;;;;
4637;140,7906;7,495280533;13.07.;Fri;High;Off-Peak;;;;
4638;140,7906;7,495280533;13.07.;Fri;High;Off-Peak;;;;
4639;844,7844;44,97385527;13.07.;Fri;High;Peak;;;;
4640;844,7844;44,97385527;13.07.;Fri;High;Peak;;;;
4641;211,2012;11,24373533;13.07.;Fri;High;Standard;;;;
4642;211,2012;11,24373533;13.07.;Fri;High;Standard;;;;
4643;211,2012;11,24373533;13.07.;Fri;High;Standard;;;;
4644;211,2012;11,24373533;13.07.;Fri;High;Standard;;;;
4645;211,2012;11,24373533;13.07.;Fri;High;Standard;;;;
4646;211,2012;11,24373533;13.07.;Fri;High;Standard;;;;
4647;211,2012;11,24373533;13.07.;Fri;High;Standard;;;;
4648;211,2012;11,24373533;13.07.;Fri;High;Standard;;;;
4649;211,2012;11,24373533;13.07.;Fri;High;Standard;;;;
4650;844,7844;44,97385527;13.07.;Fri;High;Peak;;;;
4651;844,7844;44,97385527;13.07.;Fri;High;Peak;;;;
4652;844,7844;44,97385527;13.07.;Fri;High;Peak;;;;
4653;211,2012;11,24373533;13.07.;Fri;High;Standard;;;;
4654;211,2012;11,24373533;13.07.;Fri;High;Standard;;;;
4655;140,7906;7,495280533;13.07.;Fri;High;Off-Peak;;;;
4656;140,7906;7,495280533;13.07.;Fri;High;Off-Peak;;;;
4657;140,7906;7,495280533;14.07.;Sat;High;Off-Peak;;;;
4658;140,7906;7,495280533;14.07.;Sat;High;Off-Peak;;;;
4659;140,7906;7,495280533;14.07.;Sat;High;Off-Peak;;;;
4660;140,7906;7,495280533;14.07.;Sat;High;Off-Peak;;;;
4661;140,7906;7,495280533;14.07.;Sat;High;Off-Peak;;;;
4662;140,7906;7,495280533;14.07.;Sat;High;Off-Peak;;;;
4663;140,7906;7,495280533;14.07.;Sat;High;Off-Peak;;;;
4664;211,2012;11,24373533;14.07.;Sat;High;Standard;;;;
4665;211,2012;11,24373533;14.07.;Sat;High;Standard;;;;
4666;211,2012;11,24373533;14.07.;Sat;High;Standard;;;;
4667;211,2012;11,24373533;14.07.;Sat;High;Standard;;;;
4668;211,2012;11,24373533;14.07.;Sat;High;Standard;;;;
4669;140,7906;7,495280533;14.07.;Sat;High;Off-Peak;;;;
4670;140,7906;7,495280533;14.07.;Sat;High;Off-Peak;;;;
4671;140,7906;7,495280533;14.07.;Sat;High;Off-Peak;;;;
4672;140,7906;7,495280533;14.07.;Sat;High;Off-Peak;;;;
4673;140,7906;7,495280533;14.07.;Sat;High;Off-Peak;;;;
4674;211,2012;11,24373533;14.07.;Sat;High;Standard;;;;
4675;211,2012;11,24373533;14.07.;Sat;High;Standard;;;;
4676;140,7906;7,495280533;14.07.;Sat;High;Off-Peak;;;;
4677;140,7906;7,495280533;14.07.;Sat;High;Off-Peak;;;;
4678;140,7906;7,495280533;14.07.;Sat;High;Off-Peak;;;;
4679;140,7906;7,495280533;14.07.;Sat;High;Off-Peak;;;;
4680;140,7906;7,495280533;14.07.;Sat;High;Off-Peak;;;;
4681;140,7906;7,495280533;15.07.;Sun;High;Off-Peak;;;;
4682;140,7906;7,495280533;15.07.;Sun;High;Off-Peak;;;;
4683;140,7906;7,495280533;15.07.;Sun;High;Off-Peak;;;;
4684;140,7906;7,495280533;15.07.;Sun;High;Off-Peak;;;;
4685;140,7906;7,495280533;15.07.;Sun;High;Off-Peak;;;;
4686;140,7906;7,495280533;15.07.;Sun;High;Off-Peak;;;;
4687;140,7906;7,495280533;15.07.;Sun;High;Off-Peak;;;;
4688;140,7906;7,495280533;15.07.;Sun;High;Off-Peak;;;;
4689;140,7906;7,495280533;15.07.;Sun;High;Off-Peak;;;;
4690;140,7906;7,495280533;15.07.;Sun;High;Off-Peak;;;;
4691;140,7906;7,495280533;15.07.;Sun;High;Off-Peak;;;;
4692;140,7906;7,495280533;15.07.;Sun;High;Off-Peak;;;;
4693;140,7906;7,495280533;15.07.;Sun;High;Off-Peak;;;;
4694;140,7906;7,495280533;15.07.;Sun;High;Off-Peak;;;;
4695;140,7906;7,495280533;15.07.;Sun;High;Off-Peak;;;;
4696;140,7906;7,495280533;15.07.;Sun;High;Off-Peak;;;;
4697;140,7906;7,495280533;15.07.;Sun;High;Off-Peak;;;;
4698;211,2012;11,24373533;15.07.;Sun;High;Standard;;;;
4699;211,2012;11,24373533;15.07.;Sun;High;Standard;;;;
4700;140,7906;7,495280533;15.07.;Sun;High;Off-Peak;;;;
4701;140,7906;7,495280533;15.07.;Sun;High;Off-Peak;;;;
4702;140,7906;7,495280533;15.07.;Sun;High;Off-Peak;;;;
4703;140,7906;7,495280533;15.07.;Sun;High;Off-Peak;;;;
4704;140,7906;7,495280533;15.07.;Sun;High;Off-Peak;;;;
4705;140,7906;7,495280533;16.07.;Mon;High;Off-Peak;;;;
4706;140,7906;7,495280533;16.07.;Mon;High;Off-Peak;;;;
4707;140,7906;7,495280533;16.07.;Mon;High;Off-Peak;;;;
4708;140,7906;7,495280533;16.07.;Mon;High;Off-Peak;;;;
4709;140,7906;7,495280533;16.07.;Mon;High;Off-Peak;;;;
4710;140,7906;7,495280533;16.07.;Mon;High;Off-Peak;;;;
4711;844,7844;44,97385527;16.07.;Mon;High;Peak;;;;
4712;844,7844;44,97385527;16.07.;Mon;High;Peak;;;;
4713;211,2012;11,24373533;16.07.;Mon;High;Standard;;;;
4714;211,2012;11,24373533;16.07.;Mon;High;Standard;;;;
4715;211,2012;11,24373533;16.07.;Mon;High;Standard;;;;
4716;211,2012;11,24373533;16.07.;Mon;High;Standard;;;;
4717;211,2012;11,24373533;16.07.;Mon;High;Standard;;;;
4718;211,2012;11,24373533;16.07.;Mon;High;Standard;;;;
4719;211,2012;11,24373533;16.07.;Mon;High;Standard;;;;
4720;211,2012;11,24373533;16.07.;Mon;High;Standard;;;;
4721;211,2012;11,24373533;16.07.;Mon;High;Standard;;;;
4722;844,7844;44,97385527;16.07.;Mon;High;Peak;;;;
4723;844,7844;44,97385527;16.07.;Mon;High;Peak;;;;
4724;844,7844;44,97385527;16.07.;Mon;High;Peak;;;;
4725;211,2012;11,24373533;16.07.;Mon;High;Standard;;;;
4726;211,2012;11,24373533;16.07.;Mon;High;Standard;;;;
4727;140,7906;7,495280533;16.07.;Mon;High;Off-Peak;;;;
4728;140,7906;7,495280533;16.07.;Mon;High;Off-Peak;;;;
4729;140,7906;7,495280533;17.07.;Tue;High;Off-Peak;;;;
4730;140,7906;7,495280533;17.07.;Tue;High;Off-Peak;;;;
4731;140,7906;7,495280533;17.07.;Tue;High;Off-Peak;;;;
4732;140,7906;7,495280533;17.07.;Tue;High;Off-Peak;;;;
4733;140,7906;7,495280533;17.07.;Tue;High;Off-Peak;;;;
4734;140,7906;7,495280533;17.07.;Tue;High;Off-Peak;;;;
4735;844,7844;44,97385527;17.07.;Tue;High;Peak;;;;
4736;844,7844;44,97385527;17.07.;Tue;High;Peak;;;;
4737;211,2012;11,24373533;17.07.;Tue;High;Standard;;;;
4738;211,2012;11,24373533;17.07.;Tue;High;Standard;;;;
4739;211,2012;11,24373533;17.07.;Tue;High;Standard;;;;
4740;211,2012;11,24373533;17.07.;Tue;High;Standard;;;;
4741;211,2012;11,24373533;17.07.;Tue;High;Standard;;;;
4742;211,2012;11,24373533;17.07.;Tue;High;Standard;;;;
4743;211,2012;11,24373533;17.07.;Tue;High;Standard;;;;
4744;211,2012;11,24373533;17.07.;Tue;High;Standard;;;;
4745;211,2012;11,24373533;17.07.;Tue;High;Standard;;;;
4746;844,7844;44,97385527;17.07.;Tue;High;Peak;;;;
4747;844,7844;44,97385527;17.07.;Tue;High;Peak;;;;
4748;844,7844;44,97385527;17.07.;Tue;High;Peak;;;;
4749;211,2012;11,24373533;17.07.;Tue;High;Standard;;;;
4750;211,2012;11,24373533;17.07.;Tue;High;Standard;;;;
4751;140,7906;7,495280533;17.07.;Tue;High;Off-Peak;;;;
4752;140,7906;7,495280533;17.07.;Tue;High;Off-Peak;;;;
4753;140,7906;7,495280533;18.07.;Wed;High;Off-Peak;;;;
4754;140,7906;7,495280533;18.07.;Wed;High;Off-Peak;;;;
4755;140,7906;7,495280533;18.07.;Wed;High;Off-Peak;;;;
4756;140,7906;7,495280533;18.07.;Wed;High;Off-Peak;;;;
4757;140,7906;7,495280533;18.07.;Wed;High;Off-Peak;;;;
4758;140,7906;7,495280533;18.07.;Wed;High;Off-Peak;;;;
4759;844,7844;44,97385527;18.07.;Wed;High;Peak;;;;
4760;844,7844;44,97385527;18.07.;Wed;High;Peak;;;;
4761;211,2012;11,24373533;18.07.;Wed;High;Standard;;;;
4762;211,2012;11,24373533;18.07.;Wed;High;Standard;;;;
4763;211,2012;11,24373533;18.07.;Wed;High;Standard;;;;
4764;211,2012;11,24373533;18.07.;Wed;High;Standard;;;;
4765;211,2012;11,24373533;18.07.;Wed;High;Standard;;;;
4766;211,2012;11,24373533;18.07.;Wed;High;Standard;;;;
4767;211,2012;11,24373533;18.07.;Wed;High;Standard;;;;
4768;211,2012;11,24373533;18.07.;Wed;High;Standard;;;;
4769;211,2012;11,24373533;18.07.;Wed;High;Standard;;;;
4770;844,7844;44,97385527;18.07.;Wed;High;Peak;;;;
4771;844,7844;44,97385527;18.07.;Wed;High;Peak;;;;
4772;844,7844;44,97385527;18.07.;Wed;High;Peak;;;;
4773;211,2012;11,24373533;18.07.;Wed;High;Standard;;;;
4774;211,2012;11,24373533;18.07.;Wed;High;Standard;;;;
4775;140,7906;7,495280533;18.07.;Wed;High;Off-Peak;;;;
4776;140,7906;7,495280533;18.07.;Wed;High;Off-Peak;;;;
4777;140,7906;7,495280533;19.07.;Thu;High;Off-Peak;;;;
4778;140,7906;7,495280533;19.07.;Thu;High;Off-Peak;;;;
4779;140,7906;7,495280533;19.07.;Thu;High;Off-Peak;;;;
4780;140,7906;7,495280533;19.07.;Thu;High;Off-Peak;;;;
4781;140,7906;7,495280533;19.07.;Thu;High;Off-Peak;;;;
4782;140,7906;7,495280533;19.07.;Thu;High;Off-Peak;;;;
4783;844,7844;44,97385527;19.07.;Thu;High;Peak;;;;
4784;844,7844;44,97385527;19.07.;Thu;High;Peak;;;;
4785;211,2012;11,24373533;19.07.;Thu;High;Standard;;;;
4786;211,2012;11,24373533;19.07.;Thu;High;Standard;;;;
4787;211,2012;11,24373533;19.07.;Thu;High;Standard;;;;
4788;211,2012;11,24373533;19.07.;Thu;High;Standard;;;;
4789;211,2012;11,24373533;19.07.;Thu;High;Standard;;;;
4790;211,2012;11,24373533;19.07.;Thu;High;Standard;;;;
4791;211,2012;11,24373533;19.07.;Thu;High;Standard;;;;
4792;211,2012;11,24373533;19.07.;Thu;High;Standard;;;;
4793;211,2012;11,24373533;19.07.;Thu;High;Standard;;;;
4794;844,7844;44,97385527;19.07.;Thu;High;Peak;;;;
4795;844,7844;44,97385527;19.07.;Thu;High;Peak;;;;
4796;844,7844;44,97385527;19.07.;Thu;High;Peak;;;;
4797;211,2012;11,24373533;19.07.;Thu;High;Standard;;;;
4798;211,2012;11,24373533;19.07.;Thu;High;Standard;;;;
4799;140,7906;7,495280533;19.07.;Thu;High;Off-Peak;;;;
4800;140,7906;7,495280533;19.07.;Thu;High;Off-Peak;;;;
4801;140,7906;7,495280533;20.07.;Fri;High;Off-Peak;;;;
4802;140,7906;7,495280533;20.07.;Fri;High;Off-Peak;;;;
4803;140,7906;7,495280533;20.07.;Fri;High;Off-Peak;;;;
4804;140,7906;7,495280533;20.07.;Fri;High;Off-Peak;;;;
4805;140,7906;7,495280533;20.07.;Fri;High;Off-Peak;;;;
4806;140,7906;7,495280533;20.07.;Fri;High;Off-Peak;;;;
4807;844,7844;44,97385527;20.07.;Fri;High;Peak;;;;
4808;844,7844;44,97385527;20.07.;Fri;High;Peak;;;;
4809;211,2012;11,24373533;20.07.;Fri;High;Standard;;;;
4810;211,2012;11,24373533;20.07.;Fri;High;Standard;;;;
4811;211,2012;11,24373533;20.07.;Fri;High;Standard;;;;
4812;211,2012;11,24373533;20.07.;Fri;High;Standard;;;;
4813;211,2012;11,24373533;20.07.;Fri;High;Standard;;;;
4814;211,2012;11,24373533;20.07.;Fri;High;Standard;;;;
4815;211,2012;11,24373533;20.07.;Fri;High;Standard;;;;
4816;211,2012;11,24373533;20.07.;Fri;High;Standard;;;;
4817;211,2012;11,24373533;20.07.;Fri;High;Standard;;;;
4818;844,7844;44,97385527;20.07.;Fri;High;Peak;;;;
4819;844,7844;44,97385527;20.07.;Fri;High;Peak;;;;
4820;844,7844;44,97385527;20.07.;Fri;High;Peak;;;;
4821;211,2012;11,24373533;20.07.;Fri;High;Standard;;;;
4822;211,2012;11,24373533;20.07.;Fri;High;Standard;;;;
4823;140,7906;7,495280533;20.07.;Fri;High;Off-Peak;;;;
4824;140,7906;7,495280533;20.07.;Fri;High;Off-Peak;;;;
4825;140,7906;7,495280533;21.07.;Sat;High;Off-Peak;;;;
4826;140,7906;7,495280533;21.07.;Sat;High;Off-Peak;;;;
4827;140,7906;7,495280533;21.07.;Sat;High;Off-Peak;;;;
4828;140,7906;7,495280533;21.07.;Sat;High;Off-Peak;;;;
4829;140,7906;7,495280533;21.07.;Sat;High;Off-Peak;;;;
4830;140,7906;7,495280533;21.07.;Sat;High;Off-Peak;;;;
4831;140,7906;7,495280533;21.07.;Sat;High;Off-Peak;;;;
4832;211,2012;11,24373533;21.07.;Sat;High;Standard;;;;
4833;211,2012;11,24373533;21.07.;Sat;High;Standard;;;;
4834;211,2012;11,24373533;21.07.;Sat;High;Standard;;;;
4835;211,2012;11,24373533;21.07.;Sat;High;Standard;;;;
4836;211,2012;11,24373533;21.07.;Sat;High;Standard;;;;
4837;140,7906;7,495280533;21.07.;Sat;High;Off-Peak;;;;
4838;140,7906;7,495280533;21.07.;Sat;High;Off-Peak;;;;
4839;140,7906;7,495280533;21.07.;Sat;High;Off-Peak;;;;
4840;140,7906;7,495280533;21.07.;Sat;High;Off-Peak;;;;
4841;140,7906;7,495280533;21.07.;Sat;High;Off-Peak;;;;
4842;211,2012;11,24373533;21.07.;Sat;High;Standard;;;;
4843;211,2012;11,24373533;21.07.;Sat;High;Standard;;;;
4844;140,7906;7,495280533;21.07.;Sat;High;Off-Peak;;;;
4845;140,7906;7,495280533;21.07.;Sat;High;Off-Peak;;;;
4846;140,7906;7,495280533;21.07.;Sat;High;Off-Peak;;;;
4847;140,7906;7,495280533;21.07.;Sat;High;Off-Peak;;;;
4848;140,7906;7,495280533;21.07.;Sat;High;Off-Peak;;;;
4849;140,7906;7,495280533;22.07.;Sun;High;Off-Peak;;;;
4850;140,7906;7,495280533;22.07.;Sun;High;Off-Peak;;;;
4851;140,7906;7,495280533;22.07.;Sun;High;Off-Peak;;;;
4852;140,7906;7,495280533;22.07.;Sun;High;Off-Peak;;;;
4853;140,7906;7,495280533;22.07.;Sun;High;Off-Peak;;;;
4854;140,7906;7,495280533;22.07.;Sun;High;Off-Peak;;;;
4855;140,7906;7,495280533;22.07.;Sun;High;Off-Peak;;;;
4856;140,7906;7,495280533;22.07.;Sun;High;Off-Peak;;;;
4857;140,7906;7,495280533;22.07.;Sun;High;Off-Peak;;;;
4858;140,7906;7,495280533;22.07.;Sun;High;Off-Peak;;;;
4859;140,7906;7,495280533;22.07.;Sun;High;Off-Peak;;;;
4860;140,7906;7,495280533;22.07.;Sun;High;Off-Peak;;;;
4861;140,7906;7,495280533;22.07.;Sun;High;Off-Peak;;;;
4862;140,7906;7,495280533;22.07.;Sun;High;Off-Peak;;;;
4863;140,7906;7,495280533;22.07.;Sun;High;Off-Peak;;;;
4864;140,7906;7,495280533;22.07.;Sun;High;Off-Peak;;;;
4865;140,7906;7,495280533;22.07.;Sun;High;Off-Peak;;;;
4866;211,2012;11,24373533;22.07.;Sun;High;Standard;;;;
4867;211,2012;11,24373533;22.07.;Sun;High;Standard;;;;
4868;140,7906;7,495280533;22.07.;Sun;High;Off-Peak;;;;
4869;140,7906;7,495280533;22.07.;Sun;High;Off-Peak;;;;
4870;140,7906;7,495280533;22.07.;Sun;High;Off-Peak;;;;
4871;140,7906;7,495280533;22.07.;Sun;High;Off-Peak;;;;
4872;140,7906;7,495280533;22.07.;Sun;High;Off-Peak;;;;
4873;140,7906;7,495280533;23.07.;Mon;High;Off-Peak;;;;
4874;140,7906;7,495280533;23.07.;Mon;High;Off-Peak;;;;
4875;140,7906;7,495280533;23.07.;Mon;High;Off-Peak;;;;
4876;140,7906;7,495280533;23.07.;Mon;High;Off-Peak;;;;
4877;140,7906;7,495280533;23.07.;Mon;High;Off-Peak;;;;
4878;140,7906;7,495280533;23.07.;Mon;High;Off-Peak;;;;
4879;844,7844;44,97385527;23.07.;Mon;High;Peak;;;;
4880;844,7844;44,97385527;23.07.;Mon;High;Peak;;;;
4881;211,2012;11,24373533;23.07.;Mon;High;Standard;;;;
4882;211,2012;11,24373533;23.07.;Mon;High;Standard;;;;
4883;211,2012;11,24373533;23.07.;Mon;High;Standard;;;;
4884;211,2012;11,24373533;23.07.;Mon;High;Standard;;;;
4885;211,2012;11,24373533;23.07.;Mon;High;Standard;;;;
4886;211,2012;11,24373533;23.07.;Mon;High;Standard;;;;
4887;211,2012;11,24373533;23.07.;Mon;High;Standard;;;;
4888;211,2012;11,24373533;23.07.;Mon;High;Standard;;;;
4889;211,2012;11,24373533;23.07.;Mon;High;Standard;;;;
4890;844,7844;44,97385527;23.07.;Mon;High;Peak;;;;
4891;844,7844;44,97385527;23.07.;Mon;High;Peak;;;;
4892;844,7844;44,97385527;23.07.;Mon;High;Peak;;;;
4893;211,2012;11,24373533;23.07.;Mon;High;Standard;;;;
4894;211,2012;11,24373533;23.07.;Mon;High;Standard;;;;
4895;140,7906;7,495280533;23.07.;Mon;High;Off-Peak;;;;
4896;140,7906;7,495280533;23.07.;Mon;High;Off-Peak;;;;
4897;140,7906;7,495280533;24.07.;Tue;High;Off-Peak;;;;
4898;140,7906;7,495280533;24.07.;Tue;High;Off-Peak;;;;
4899;140,7906;7,495280533;24.07.;Tue;High;Off-Peak;;;;
4900;140,7906;7,495280533;24.07.;Tue;High;Off-Peak;;;;
4901;140,7906;7,495280533;24.07.;Tue;High;Off-Peak;;;;
4902;140,7906;7,495280533;24.07.;Tue;High;Off-Peak;;;;
4903;844,7844;44,97385527;24.07.;Tue;High;Peak;;;;
4904;844,7844;44,97385527;24.07.;Tue;High;Peak;;;;
4905;211,2012;11,24373533;24.07.;Tue;High;Standard;;;;
4906;211,2012;11,24373533;24.07.;Tue;High;Standard;;;;
4907;211,2012;11,24373533;24.07.;Tue;High;Standard;;;;
4908;211,2012;11,24373533;24.07.;Tue;High;Standard;;;;
4909;211,2012;11,24373533;24.07.;Tue;High;Standard;;;;
4910;211,2012;11,24373533;24.07.;Tue;High;Standard;;;;
4911;211,2012;11,24373533;24.07.;Tue;High;Standard;;;;
4912;211,2012;11,24373533;24.07.;Tue;High;Standard;;;;
4913;211,2012;11,24373533;24.07.;Tue;High;Standard;;;;
4914;844,7844;44,97385527;24.07.;Tue;High;Peak;;;;
4915;844,7844;44,97385527;24.07.;Tue;High;Peak;;;;
4916;844,7844;44,97385527;24.07.;Tue;High;Peak;;;;
4917;211,2012;11,24373533;24.07.;Tue;High;Standard;;;;
4918;211,2012;11,24373533;24.07.;Tue;High;Standard;;;;
4919;140,7906;7,495280533;24.07.;Tue;High;Off-Peak;;;;
4920;140,7906;7,495280533;24.07.;Tue;High;Off-Peak;;;;
4921;140,7906;7,495280533;25.07.;Wed;High;Off-Peak;;;;
4922;140,7906;7,495280533;25.07.;Wed;High;Off-Peak;;;;
4923;140,7906;7,495280533;25.07.;Wed;High;Off-Peak;;;;
4924;140,7906;7,495280533;25.07.;Wed;High;Off-Peak;;;;
4925;140,7906;7,495280533;25.07.;Wed;High;Off-Peak;;;;
4926;140,7906;7,495280533;25.07.;Wed;High;Off-Peak;;;;
4927;844,7844;44,97385527;25.07.;Wed;High;Peak;;;;
4928;844,7844;44,97385527;25.07.;Wed;High;Peak;;;;
4929;211,2012;11,24373533;25.07.;Wed;High;Standard;;;;
4930;211,2012;11,24373533;25.07.;Wed;High;Standard;;;;
4931;211,2012;11,24373533;25.07.;Wed;High;Standard;;;;
4932;211,2012;11,24373533;25.07.;Wed;High;Standard;;;;
4933;211,2012;11,24373533;25.07.;Wed;High;Standard;;;;
4934;211,2012;11,24373533;25.07.;Wed;High;Standard;;;;
4935;211,2012;11,24373533;25.07.;Wed;High;Standard;;;;
4936;211,2012;11,24373533;25.07.;Wed;High;Standard;;;;
4937;211,2012;11,24373533;25.07.;Wed;High;Standard;;;;
4938;844,7844;44,97385527;25.07.;Wed;High;Peak;;;;
4939;844,7844;44,97385527;25.07.;Wed;High;Peak;;;;
4940;844,7844;44,97385527;25.07.;Wed;High;Peak;;;;
4941;211,2012;11,24373533;25.07.;Wed;High;Standard;;;;
4942;211,2012;11,24373533;25.07.;Wed;High;Standard;;;;
4943;140,7906;7,495280533;25.07.;Wed;High;Off-Peak;;;;
4944;140,7906;7,495280533;25.07.;Wed;High;Off-Peak;;;;
4945;140,7906;7,495280533;26.07.;Thu;High;Off-Peak;;;;
4946;140,7906;7,495280533;26.07.;Thu;High;Off-Peak;;;;
4947;140,7906;7,495280533;26.07.;Thu;High;Off-Peak;;;;
4948;140,7906;7,495280533;26.07.;Thu;High;Off-Peak;;;;
4949;140,7906;7,495280533;26.07.;Thu;High;Off-Peak;;;;
4950;140,7906;7,495280533;26.07.;Thu;High;Off-Peak;;;;
4951;844,7844;44,97385527;26.07.;Thu;High;Peak;;;;
4952;844,7844;44,97385527;26.07.;Thu;High;Peak;;;;
4953;211,2012;11,24373533;26.07.;Thu;High;Standard;;;;
4954;211,2012;11,24373533;26.07.;Thu;High;Standard;;;;
4955;211,2012;11,24373533;26.07.;Thu;High;Standard;;;;
4956;211,2012;11,24373533;26.07.;Thu;High;Standard;;;;
4957;211,2012;11,24373533;26.07.;Thu;High;Standard;;;;
4958;211,2012;11,24373533;26.07.;Thu;High;Standard;;;;
4959;211,2012;11,24373533;26.07.;Thu;High;Standard;;;;
4960;211,2012;11,24373533;26.07.;Thu;High;Standard;;;;
4961;211,2012;11,24373533;26.07.;Thu;High;Standard;;;;
4962;844,7844;44,97385527;26.07.;Thu;High;Peak;;;;
4963;844,7844;44,97385527;26.07.;Thu;High;Peak;;;;
4964;844,7844;44,97385527;26.07.;Thu;High;Peak;;;;
4965;211,2012;11,24373533;26.07.;Thu;High;Standard;;;;
4966;211,2012;11,24373533;26.07.;Thu;High;Standard;;;;
4967;140,7906;7,495280533;26.07.;Thu;High;Off-Peak;;;;
4968;140,7906;7,495280533;26.07.;Thu;High;Off-Peak;;;;
4969;140,7906;7,495280533;27.07.;Fri;High;Off-Peak;;;;
4970;140,7906;7,495280533;27.07.;Fri;High;Off-Peak;;;;
4971;140,7906;7,495280533;27.07.;Fri;High;Off-Peak;;;;
4972;140,7906;7,495280533;27.07.;Fri;High;Off-Peak;;;;
4973;140,7906;7,495280533;27.07.;Fri;High;Off-Peak;;;;
4974;140,7906;7,495280533;27.07.;Fri;High;Off-Peak;;;;
4975;844,7844;44,97385527;27.07.;Fri;High;Peak;;;;
4976;844,7844;44,97385527;27.07.;Fri;High;Peak;;;;
4977;211,2012;11,24373533;27.07.;Fri;High;Standard;;;;
4978;211,2012;11,24373533;27.07.;Fri;High;Standard;;;;
4979;211,2012;11,24373533;27.07.;Fri;High;Standard;;;;
4980;211,2012;11,24373533;27.07.;Fri;High;Standard;;;;
4981;211,2012;11,24373533;27.07.;Fri;High;Standard;;;;
4982;211,2012;11,24373533;27.07.;Fri;High;Standard;;;;
4983;211,2012;11,24373533;27.07.;Fri;High;Standard;;;;
4984;211,2012;11,24373533;27.07.;Fri;High;Standard;;;;
4985;211,2012;11,24373533;27.07.;Fri;High;Standard;;;;
4986;844,7844;44,97385527;27.07.;Fri;High;Peak;;;;
4987;844,7844;44,97385527;27.07.;Fri;High;Peak;;;;
4988;844,7844;44,97385527;27.07.;Fri;High;Peak;;;;
4989;211,2012;11,24373533;27.07.;Fri;High;Standard;;;;
4990;211,2012;11,24373533;27.07.;Fri;High;Standard;;;;
4991;140,7906;7,495280533;27.07.;Fri;High;Off-Peak;;;;
4992;140,7906;7,495280533;27.07.;Fri;High;Off-Peak;;;;
4993;140,7906;7,495280533;28.07.;Sat;High;Off-Peak;;;;
4994;140,7906;7,495280533;28.07.;Sat;High;Off-Peak;;;;
4995;140,7906;7,495280533;28.07.;Sat;High;Off-Peak;;;;
4996;140,7906;7,495280533;28.07.;Sat;High;Off-Peak;;;;
4997;140,7906;7,495280533;28.07.;Sat;High;Off-Peak;;;;
4998;140,7906;7,495280533;28.07.;Sat;High;Off-Peak;;;;
4999;140,7906;7,495280533;28.07.;Sat;High;Off-Peak;;;;
5000;211,2012;11,24373533;28.07.;Sat;High;Standard;;;;
5001;211,2012;11,24373533;28.07.;Sat;High;Standard;;;;
5002;211,2012;11,24373533;28.07.;Sat;High;Standard;;;;
5003;211,2012;11,24373533;28.07.;Sat;High;Standard;;;;
5004;211,2012;11,24373533;28.07.;Sat;High;Standard;;;;
5005;140,7906;7,495280533;28.07.;Sat;High;Off-Peak;;;;
5006;140,7906;7,495280533;28.07.;Sat;High;Off-Peak;;;;
5007;140,7906;7,495280533;28.07.;Sat;High;Off-Peak;;;;
5008;140,7906;7,495280533;28.07.;Sat;High;Off-Peak;;;;
5009;140,7906;7,495280533;28.07.;Sat;High;Off-Peak;;;;
5010;211,2012;11,24373533;28.07.;Sat;High;Standard;;;;
5011;211,2012;11,24373533;28.07.;Sat;High;Standard;;;;
5012;140,7906;7,495280533;28.07.;Sat;High;Off-Peak;;;;
5013;140,7906;7,495280533;28.07.;Sat;High;Off-Peak;;;;
5014;140,7906;7,495280533;28.07.;Sat;High;Off-Peak;;;;
5015;140,7906;7,495280533;28.07.;Sat;High;Off-Peak;;;;
5016;140,7906;7,495280533;28.07.;Sat;High;Off-Peak;;;;
5017;140,7906;7,495280533;29.07.;Sun;High;Off-Peak;;;;
5018;140,7906;7,495280533;29.07.;Sun;High;Off-Peak;;;;
5019;140,7906;7,495280533;29.07.;Sun;High;Off-Peak;;;;
5020;140,7906;7,495280533;29.07.;Sun;High;Off-Peak;;;;
5021;140,7906;7,495280533;29.07.;Sun;High;Off-Peak;;;;
5022;140,7906;7,495280533;29.07.;Sun;High;Off-Peak;;;;
5023;140,7906;7,495280533;29.07.;Sun;High;Off-Peak;;;;
5024;140,7906;7,495280533;29.07.;Sun;High;Off-Peak;;;;
5025;140,7906;7,495280533;29.07.;Sun;High;Off-Peak;;;;
5026;140,7906;7,495280533;29.07.;Sun;High;Off-Peak;;;;
5027;140,7906;7,495280533;29.07.;Sun;High;Off-Peak;;;;
5028;140,7906;7,495280533;29.07.;Sun;High;Off-Peak;;;;
5029;140,7906;7,495280533;29.07.;Sun;High;Off-Peak;;;;
5030;140,7906;7,495280533;29.07.;Sun;High;Off-Peak;;;;
5031;140,7906;7,495280533;29.07.;Sun;High;Off-Peak;;;;
5032;140,7906;7,495280533;29.07.;Sun;High;Off-Peak;;;;
5033;140,7906;7,495280533;29.07.;Sun;High;Off-Peak;;;;
5034;211,2012;11,24373533;29.07.;Sun;High;Standard;;;;
5035;211,2012;11,24373533;29.07.;Sun;High;Standard;;;;
5036;140,7906;7,495280533;29.07.;Sun;High;Off-Peak;;;;
5037;140,7906;7,495280533;29.07.;Sun;High;Off-Peak;;;;
5038;140,7906;7,495280533;29.07.;Sun;High;Off-Peak;;;;
5039;140,7906;7,495280533;29.07.;Sun;High;Off-Peak;;;;
5040;140,7906;7,495280533;29.07.;Sun;High;Off-Peak;;;;
5041;140,7906;7,495280533;30.07.;Mon;High;Off-Peak;;;;
5042;140,7906;7,495280533;30.07.;Mon;High;Off-Peak;;;;
5043;140,7906;7,495280533;30.07.;Mon;High;Off-Peak;;;;
5044;140,7906;7,495280533;30.07.;Mon;High;Off-Peak;;;;
5045;140,7906;7,495280533;30.07.;Mon;High;Off-Peak;;;;
5046;140,7906;7,495280533;30.07.;Mon;High;Off-Peak;;;;
5047;844,7844;44,97385527;30.07.;Mon;High;Peak;;;;
5048;844,7844;44,97385527;30.07.;Mon;High;Peak;;;;
5049;211,2012;11,24373533;30.07.;Mon;High;Standard;;;;
5050;211,2012;11,24373533;30.07.;Mon;High;Standard;;;;
5051;211,2012;11,24373533;30.07.;Mon;High;Standard;;;;
5052;211,2012;11,24373533;30.07.;Mon;High;Standard;;;;
5053;211,2012;11,24373533;30.07.;Mon;High;Standard;;;;
5054;211,2012;11,24373533;30.07.;Mon;High;Standard;;;;
5055;211,2012;11,24373533;30.07.;Mon;High;Standard;;;;
5056;211,2012;11,24373533;30.07.;Mon;High;Standard;;;;
5057;211,2012;11,24373533;30.07.;Mon;High;Standard;;;;
5058;844,7844;44,97385527;30.07.;Mon;High;Peak;;;;
5059;844,7844;44,97385527;30.07.;Mon;High;Peak;;;;
5060;844,7844;44,97385527;30.07.;Mon;High;Peak;;;;
5061;211,2012;11,24373533;30.07.;Mon;High;Standard;;;;
5062;211,2012;11,24373533;30.07.;Mon;High;Standard;;;;
5063;140,7906;7,495280533;30.07.;Mon;High;Off-Peak;;;;
5064;140,7906;7,495280533;30.07.;Mon;High;Off-Peak;;;;
5065;140,7906;7,495280533;31.07.;Tue;High;Off-Peak;;;;
5066;140,7906;7,495280533;31.07.;Tue;High;Off-Peak;;;;
5067;140,7906;7,495280533;31.07.;Tue;High;Off-Peak;;;;
5068;140,7906;7,495280533;31.07.;Tue;High;Off-Peak;;;;
5069;140,7906;7,495280533;31.07.;Tue;High;Off-Peak;;;;
5070;140,7906;7,495280533;31.07.;Tue;High;Off-Peak;;;;
5071;844,7844;44,97385527;31.07.;Tue;High;Peak;;;;
5072;844,7844;44,97385527;31.07.;Tue;High;Peak;;;;
5073;211,2012;11,24373533;31.07.;Tue;High;Standard;;;;
5074;211,2012;11,24373533;31.07.;Tue;High;Standard;;;;
5075;211,2012;11,24373533;31.07.;Tue;High;Standard;;;;
5076;211,2012;11,24373533;31.07.;Tue;High;Standard;;;;
5077;211,2012;11,24373533;31.07.;Tue;High;Standard;;;;
5078;211,2012;11,24373533;31.07.;Tue;High;Standard;;;;
5079;211,2012;11,24373533;31.07.;Tue;High;Standard;;;;
5080;211,2012;11,24373533;31.07.;Tue;High;Standard;;;;
5081;211,2012;11,24373533;31.07.;Tue;High;Standard;;;;
5082;844,7844;44,97385527;31.07.;Tue;High;Peak;;;;
5083;844,7844;44,97385527;31.07.;Tue;High;Peak;;;;
5084;844,7844;44,97385527;31.07.;Tue;High;Peak;;;;
5085;211,2012;11,24373533;31.07.;Tue;High;Standard;;;;
5086;211,2012;11,24373533;31.07.;Tue;High;Standard;;;;
5087;140,7906;7,495280533;31.07.;Tue;High;Off-Peak;;;;
5088;140,7906;7,495280533;31.07.;Tue;High;Off-Peak;;;;
5089;140,7906;7,495280533;01.08.;Wed;High;Off-Peak;;;;
5090;140,7906;7,495280533;01.08.;Wed;High;Off-Peak;;;;
5091;140,7906;7,495280533;01.08.;Wed;High;Off-Peak;;;;
5092;140,7906;7,495280533;01.08.;Wed;High;Off-Peak;;;;
5093;140,7906;7,495280533;01.08.;Wed;High;Off-Peak;;;;
5094;140,7906;7,495280533;01.08.;Wed;High;Off-Peak;;;;
5095;844,7844;44,97385527;01.08.;Wed;High;Peak;;;;
5096;844,7844;44,97385527;01.08.;Wed;High;Peak;;;;
5097;211,2012;11,24373533;01.08.;Wed;High;Standard;;;;
5098;211,2012;11,24373533;01.08.;Wed;High;Standard;;;;
5099;211,2012;11,24373533;01.08.;Wed;High;Standard;;;;
5100;211,2012;11,24373533;01.08.;Wed;High;Standard;;;;
5101;211,2012;11,24373533;01.08.;Wed;High;Standard;;;;
5102;211,2012;11,24373533;01.08.;Wed;High;Standard;;;;
5103;211,2012;11,24373533;01.08.;Wed;High;Standard;;;;
5104;211,2012;11,24373533;01.08.;Wed;High;Standard;;;;
5105;211,2012;11,24373533;01.08.;Wed;High;Standard;;;;
5106;844,7844;44,97385527;01.08.;Wed;High;Peak;;;;
5107;844,7844;44,97385527;01.08.;Wed;High;Peak;;;;
5108;844,7844;44,97385527;01.08.;Wed;High;Peak;;;;
5109;211,2012;11,24373533;01.08.;Wed;High;Standard;;;;
5110;211,2012;11,24373533;01.08.;Wed;High;Standard;;;;
5111;140,7906;7,495280533;01.08.;Wed;High;Off-Peak;;;;
5112;140,7906;7,495280533;01.08.;Wed;High;Off-Peak;;;;
5113;140,7906;7,495280533;02.08.;Thu;High;Off-Peak;;;;
5114;140,7906;7,495280533;02.08.;Thu;High;Off-Peak;;;;
5115;140,7906;7,495280533;02.08.;Thu;High;Off-Peak;;;;
5116;140,7906;7,495280533;02.08.;Thu;High;Off-Peak;;;;
5117;140,7906;7,495280533;02.08.;Thu;High;Off-Peak;;;;
5118;140,7906;7,495280533;02.08.;Thu;High;Off-Peak;;;;
5119;844,7844;44,97385527;02.08.;Thu;High;Peak;;;;
5120;844,7844;44,97385527;02.08.;Thu;High;Peak;;;;
5121;211,2012;11,24373533;02.08.;Thu;High;Standard;;;;
5122;211,2012;11,24373533;02.08.;Thu;High;Standard;;;;
5123;211,2012;11,24373533;02.08.;Thu;High;Standard;;;;
5124;211,2012;11,24373533;02.08.;Thu;High;Standard;;;;
5125;211,2012;11,24373533;02.08.;Thu;High;Standard;;;;
5126;211,2012;11,24373533;02.08.;Thu;High;Standard;;;;
5127;211,2012;11,24373533;02.08.;Thu;High;Standard;;;;
5128;211,2012;11,24373533;02.08.;Thu;High;Standard;;;;
5129;211,2012;11,24373533;02.08.;Thu;High;Standard;;;;
5130;844,7844;44,97385527;02.08.;Thu;High;Peak;;;;
5131;844,7844;44,97385527;02.08.;Thu;High;Peak;;;;
5132;844,7844;44,97385527;02.08.;Thu;High;Peak;;;;
5133;211,2012;11,24373533;02.08.;Thu;High;Standard;;;;
5134;211,2012;11,24373533;02.08.;Thu;High;Standard;;;;
5135;140,7906;7,495280533;02.08.;Thu;High;Off-Peak;;;;
5136;140,7906;7,495280533;02.08.;Thu;High;Off-Peak;;;;
5137;140,7906;7,495280533;03.08.;Fri;High;Off-Peak;;;;
5138;140,7906;7,495280533;03.08.;Fri;High;Off-Peak;;;;
5139;140,7906;7,495280533;03.08.;Fri;High;Off-Peak;;;;
5140;140,7906;7,495280533;03.08.;Fri;High;Off-Peak;;;;
5141;140,7906;7,495280533;03.08.;Fri;High;Off-Peak;;;;
5142;140,7906;7,495280533;03.08.;Fri;High;Off-Peak;;;;
5143;844,7844;44,97385527;03.08.;Fri;High;Peak;;;;
5144;844,7844;44,97385527;03.08.;Fri;High;Peak;;;;
5145;211,2012;11,24373533;03.08.;Fri;High;Standard;;;;
5146;211,2012;11,24373533;03.08.;Fri;High;Standard;;;;
5147;211,2012;11,24373533;03.08.;Fri;High;Standard;;;;
5148;211,2012;11,24373533;03.08.;Fri;High;Standard;;;;
5149;211,2012;11,24373533;03.08.;Fri;High;Standard;;;;
5150;211,2012;11,24373533;03.08.;Fri;High;Standard;;;;
5151;211,2012;11,24373533;03.08.;Fri;High;Standard;;;;
5152;211,2012;11,24373533;03.08.;Fri;High;Standard;;;;
5153;211,2012;11,24373533;03.08.;Fri;High;Standard;;;;
5154;844,7844;44,97385527;03.08.;Fri;High;Peak;;;;
5155;844,7844;44,97385527;03.08.;Fri;High;Peak;;;;
5156;844,7844;44,97385527;03.08.;Fri;High;Peak;;;;
5157;211,2012;11,24373533;03.08.;Fri;High;Standard;;;;
5158;211,2012;11,24373533;03.08.;Fri;High;Standard;;;;
5159;140,7906;7,495280533;03.08.;Fri;High;Off-Peak;;;;
5160;140,7906;7,495280533;03.08.;Fri;High;Off-Peak;;;;
5161;140,7906;7,495280533;04.08.;Sat;High;Off-Peak;;;;
5162;140,7906;7,495280533;04.08.;Sat;High;Off-Peak;;;;
5163;140,7906;7,495280533;04.08.;Sat;High;Off-Peak;;;;
5164;140,7906;7,495280533;04.08.;Sat;High;Off-Peak;;;;
5165;140,7906;7,495280533;04.08.;Sat;High;Off-Peak;;;;
5166;140,7906;7,495280533;04.08.;Sat;High;Off-Peak;;;;
5167;140,7906;7,495280533;04.08.;Sat;High;Off-Peak;;;;
5168;211,2012;11,24373533;04.08.;Sat;High;Standard;;;;
5169;211,2012;11,24373533;04.08.;Sat;High;Standard;;;;
5170;211,2012;11,24373533;04.08.;Sat;High;Standard;;;;
5171;211,2012;11,24373533;04.08.;Sat;High;Standard;;;;
5172;211,2012;11,24373533;04.08.;Sat;High;Standard;;;;
5173;140,7906;7,495280533;04.08.;Sat;High;Off-Peak;;;;
5174;140,7906;7,495280533;04.08.;Sat;High;Off-Peak;;;;
5175;140,7906;7,495280533;04.08.;Sat;High;Off-Peak;;;;
5176;140,7906;7,495280533;04.08.;Sat;High;Off-Peak;;;;
5177;140,7906;7,495280533;04.08.;Sat;High;Off-Peak;;;;
5178;211,2012;11,24373533;04.08.;Sat;High;Standard;;;;
5179;211,2012;11,24373533;04.08.;Sat;High;Standard;;;;
5180;140,7906;7,495280533;04.08.;Sat;High;Off-Peak;;;;
5181;140,7906;7,495280533;04.08.;Sat;High;Off-Peak;;;;
5182;140,7906;7,495280533;04.08.;Sat;High;Off-Peak;;;;
5183;140,7906;7,495280533;04.08.;Sat;High;Off-Peak;;;;
5184;140,7906;7,495280533;04.08.;Sat;High;Off-Peak;;;;
5185;140,7906;7,495280533;05.08.;Sun;High;Off-Peak;;;;
5186;140,7906;7,495280533;05.08.;Sun;High;Off-Peak;;;;
5187;140,7906;7,495280533;05.08.;Sun;High;Off-Peak;;;;
5188;140,7906;7,495280533;05.08.;Sun;High;Off-Peak;;;;
5189;140,7906;7,495280533;05.08.;Sun;High;Off-Peak;;;;
5190;140,7906;7,495280533;05.08.;Sun;High;Off-Peak;;;;
5191;140,7906;7,495280533;05.08.;Sun;High;Off-Peak;;;;
5192;140,7906;7,495280533;05.08.;Sun;High;Off-Peak;;;;
5193;140,7906;7,495280533;05.08.;Sun;High;Off-Peak;;;;
5194;140,7906;7,495280533;05.08.;Sun;High;Off-Peak;;;;
5195;140,7906;7,495280533;05.08.;Sun;High;Off-Peak;;;;
5196;140,7906;7,495280533;05.08.;Sun;High;Off-Peak;;;;
5197;140,7906;7,495280533;05.08.;Sun;High;Off-Peak;;;;
5198;140,7906;7,495280533;05.08.;Sun;High;Off-Peak;;;;
5199;140,7906;7,495280533;05.08.;Sun;High;Off-Peak;;;;
5200;140,7906;7,495280533;05.08.;Sun;High;Off-Peak;;;;
5201;140,7906;7,495280533;05.08.;Sun;High;Off-Peak;;;;
5202;211,2012;11,24373533;05.08.;Sun;High;Standard;;;;
5203;211,2012;11,24373533;05.08.;Sun;High;Standard;;;;
5204;140,7906;7,495280533;05.08.;Sun;High;Off-Peak;;;;
5205;140,7906;7,495280533;05.08.;Sun;High;Off-Peak;;;;
5206;140,7906;7,495280533;05.08.;Sun;High;Off-Peak;;;;
5207;140,7906;7,495280533;05.08.;Sun;High;Off-Peak;;;;
5208;140,7906;7,495280533;05.08.;Sun;High;Off-Peak;;;;
5209;140,7906;7,495280533;06.08.;Mon;High;Off-Peak;;;;
5210;140,7906;7,495280533;06.08.;Mon;High;Off-Peak;;;;
5211;140,7906;7,495280533;06.08.;Mon;High;Off-Peak;;;;
5212;140,7906;7,495280533;06.08.;Mon;High;Off-Peak;;;;
5213;140,7906;7,495280533;06.08.;Mon;High;Off-Peak;;;;
5214;140,7906;7,495280533;06.08.;Mon;High;Off-Peak;;;;
5215;844,7844;44,97385527;06.08.;Mon;High;Peak;;;;
5216;844,7844;44,97385527;06.08.;Mon;High;Peak;;;;
5217;211,2012;11,24373533;06.08.;Mon;High;Standard;;;;
5218;211,2012;11,24373533;06.08.;Mon;High;Standard;;;;
5219;211,2012;11,24373533;06.08.;Mon;High;Standard;;;;
5220;211,2012;11,24373533;06.08.;Mon;High;Standard;;;;
5221;211,2012;11,24373533;06.08.;Mon;High;Standard;;;;
5222;211,2012;11,24373533;06.08.;Mon;High;Standard;;;;
5223;211,2012;11,24373533;06.08.;Mon;High;Standard;;;;
5224;211,2012;11,24373533;06.08.;Mon;High;Standard;;;;
5225;211,2012;11,24373533;06.08.;Mon;High;Standard;;;;
5226;844,7844;44,97385527;06.08.;Mon;High;Peak;;;;
5227;844,7844;44,97385527;06.08.;Mon;High;Peak;;;;
5228;844,7844;44,97385527;06.08.;Mon;High;Peak;;;;
5229;211,2012;11,24373533;06.08.;Mon;High;Standard;;;;
5230;211,2012;11,24373533;06.08.;Mon;High;Standard;;;;
5231;140,7906;7,495280533;06.08.;Mon;High;Off-Peak;;;;
5232;140,7906;7,495280533;06.08.;Mon;High;Off-Peak;;;;
5233;140,7906;7,495280533;07.08.;Tue;High;Off-Peak;;;;
5234;140,7906;7,495280533;07.08.;Tue;High;Off-Peak;;;;
5235;140,7906;7,495280533;07.08.;Tue;High;Off-Peak;;;;
5236;140,7906;7,495280533;07.08.;Tue;High;Off-Peak;;;;
5237;140,7906;7,495280533;07.08.;Tue;High;Off-Peak;;;;
5238;140,7906;7,495280533;07.08.;Tue;High;Off-Peak;;;;
5239;844,7844;44,97385527;07.08.;Tue;High;Peak;;;;
5240;844,7844;44,97385527;07.08.;Tue;High;Peak;;;;
5241;211,2012;11,24373533;07.08.;Tue;High;Standard;;;;
5242;211,2012;11,24373533;07.08.;Tue;High;Standard;;;;
5243;211,2012;11,24373533;07.08.;Tue;High;Standard;;;;
5244;211,2012;11,24373533;07.08.;Tue;High;Standard;;;;
5245;211,2012;11,24373533;07.08.;Tue;High;Standard;;;;
5246;211,2012;11,24373533;07.08.;Tue;High;Standard;;;;
5247;211,2012;11,24373533;07.08.;Tue;High;Standard;;;;
5248;211,2012;11,24373533;07.08.;Tue;High;Standard;;;;
5249;211,2012;11,24373533;07.08.;Tue;High;Standard;;;;
5250;844,7844;44,97385527;07.08.;Tue;High;Peak;;;;
5251;844,7844;44,97385527;07.08.;Tue;High;Peak;;;;
5252;844,7844;44,97385527;07.08.;Tue;High;Peak;;;;
5253;211,2012;11,24373533;07.08.;Tue;High;Standard;;;;
5254;211,2012;11,24373533;07.08.;Tue;High;Standard;;;;
5255;140,7906;7,495280533;07.08.;Tue;High;Off-Peak;;;;
5256;140,7906;7,495280533;07.08.;Tue;High;Off-Peak;;;;
5257;140,7906;7,495280533;08.08.;Wed;High;Off-Peak;;;;
5258;140,7906;7,495280533;08.08.;Wed;High;Off-Peak;;;;
5259;140,7906;7,495280533;08.08.;Wed;High;Off-Peak;;;;
5260;140,7906;7,495280533;08.08.;Wed;High;Off-Peak;;;;
5261;140,7906;7,495280533;08.08.;Wed;High;Off-Peak;;;;
5262;140,7906;7,495280533;08.08.;Wed;High;Off-Peak;;;;
5263;844,7844;44,97385527;08.08.;Wed;High;Peak;;;;
5264;844,7844;44,97385527;08.08.;Wed;High;Peak;;;;
5265;211,2012;11,24373533;08.08.;Wed;High;Standard;;;;
5266;211,2012;11,24373533;08.08.;Wed;High;Standard;;;;
5267;211,2012;11,24373533;08.08.;Wed;High;Standard;;;;
5268;211,2012;11,24373533;08.08.;Wed;High;Standard;;;;
5269;211,2012;11,24373533;08.08.;Wed;High;Standard;;;;
5270;211,2012;11,24373533;08.08.;Wed;High;Standard;;;;
5271;211,2012;11,24373533;08.08.;Wed;High;Standard;;;;
5272;211,2012;11,24373533;08.08.;Wed;High;Standard;;;;
5273;211,2012;11,24373533;08.08.;Wed;High;Standard;;;;
5274;844,7844;44,97385527;08.08.;Wed;High;Peak;;;;
5275;844,7844;44,97385527;08.08.;Wed;High;Peak;;;;
5276;844,7844;44,97385527;08.08.;Wed;High;Peak;;;;
5277;211,2012;11,24373533;08.08.;Wed;High;Standard;;;;
5278;211,2012;11,24373533;08.08.;Wed;High;Standard;;;;
5279;140,7906;7,495280533;08.08.;Wed;High;Off-Peak;;;;
5280;140,7906;7,495280533;08.08.;Wed;High;Off-Peak;;;;
5281;140,7906;7,495280533;09.08.;Thu;High;Off-Peak;;;;
5282;140,7906;7,495280533;09.08.;Thu;High;Off-Peak;;;;
5283;140,7906;7,495280533;09.08.;Thu;High;Off-Peak;;;;
5284;140,7906;7,495280533;09.08.;Thu;High;Off-Peak;;;;
5285;140,7906;7,495280533;09.08.;Thu;High;Off-Peak;;;;
5286;140,7906;7,495280533;09.08.;Thu;High;Off-Peak;;;;
5287;844,7844;44,97385527;09.08.;Thu;High;Peak;;;;
5288;844,7844;44,97385527;09.08.;Thu;High;Peak;;;;
5289;211,2012;11,24373533;09.08.;Thu;High;Standard;;;;
5290;211,2012;11,24373533;09.08.;Thu;High;Standard;;;;
5291;211,2012;11,24373533;09.08.;Thu;High;Standard;;;;
5292;211,2012;11,24373533;09.08.;Thu;High;Standard;;;;
5293;211,2012;11,24373533;09.08.;Thu;High;Standard;;;;
5294;211,2012;11,24373533;09.08.;Thu;High;Standard;;;;
5295;211,2012;11,24373533;09.08.;Thu;High;Standard;;;;
5296;211,2012;11,24373533;09.08.;Thu;High;Standard;;;;
5297;211,2012;11,24373533;09.08.;Thu;High;Standard;;;;
5298;844,7844;44,97385527;09.08.;Thu;High;Peak;;;;
5299;844,7844;44,97385527;09.08.;Thu;High;Peak;;;;
5300;844,7844;44,97385527;09.08.;Thu;High;Peak;;;;
5301;211,2012;11,24373533;09.08.;Thu;High;Standard;;;;
5302;211,2012;11,24373533;09.08.;Thu;High;Standard;;;;
5303;140,7906;7,495280533;09.08.;Thu;High;Off-Peak;;;;
5304;140,7906;7,495280533;09.08.;Thu;High;Off-Peak;;;;
5305;140,7906;7,495280533;10.08.;Fri;High;Off-Peak;;;;
5306;140,7906;7,495280533;10.08.;Fri;High;Off-Peak;;;;
5307;140,7906;7,495280533;10.08.;Fri;High;Off-Peak;;;;
5308;140,7906;7,495280533;10.08.;Fri;High;Off-Peak;;;;
5309;140,7906;7,495280533;10.08.;Fri;High;Off-Peak;;;;
5310;140,7906;7,495280533;10.08.;Fri;High;Off-Peak;;;;
5311;844,7844;44,97385527;10.08.;Fri;High;Peak;;;;
5312;844,7844;44,97385527;10.08.;Fri;High;Peak;;;;
5313;211,2012;11,24373533;10.08.;Fri;High;Standard;;;;
5314;211,2012;11,24373533;10.08.;Fri;High;Standard;;;;
5315;211,2012;11,24373533;10.08.;Fri;High;Standard;;;;
5316;211,2012;11,24373533;10.08.;Fri;High;Standard;;;;
5317;211,2012;11,24373533;10.08.;Fri;High;Standard;;;;
5318;211,2012;11,24373533;10.08.;Fri;High;Standard;;;;
5319;211,2012;11,24373533;10.08.;Fri;High;Standard;;;;
5320;211,2012;11,24373533;10.08.;Fri;High;Standard;;;;
5321;211,2012;11,24373533;10.08.;Fri;High;Standard;;;;
5322;844,7844;44,97385527;10.08.;Fri;High;Peak;;;;
5323;844,7844;44,97385527;10.08.;Fri;High;Peak;;;;
5324;844,7844;44,97385527;10.08.;Fri;High;Peak;;;;
5325;211,2012;11,24373533;10.08.;Fri;High;Standard;;;;
5326;211,2012;11,24373533;10.08.;Fri;High;Standard;;;;
5327;140,7906;7,495280533;10.08.;Fri;High;Off-Peak;;;;
5328;140,7906;7,495280533;10.08.;Fri;High;Off-Peak;;;;
5329;140,7906;7,495280533;11.08.;Sat;High;Off-Peak;;;;
5330;140,7906;7,495280533;11.08.;Sat;High;Off-Peak;;;;
5331;140,7906;7,495280533;11.08.;Sat;High;Off-Peak;;;;
5332;140,7906;7,495280533;11.08.;Sat;High;Off-Peak;;;;
5333;140,7906;7,495280533;11.08.;Sat;High;Off-Peak;;;;
5334;140,7906;7,495280533;11.08.;Sat;High;Off-Peak;;;;
5335;140,7906;7,495280533;11.08.;Sat;High;Off-Peak;;;;
5336;211,2012;11,24373533;11.08.;Sat;High;Standard;;;;
5337;211,2012;11,24373533;11.08.;Sat;High;Standard;;;;
5338;211,2012;11,24373533;11.08.;Sat;High;Standard;;;;
5339;211,2012;11,24373533;11.08.;Sat;High;Standard;;;;
5340;211,2012;11,24373533;11.08.;Sat;High;Standard;;;;
5341;140,7906;7,495280533;11.08.;Sat;High;Off-Peak;;;;
5342;140,7906;7,495280533;11.08.;Sat;High;Off-Peak;;;;
5343;140,7906;7,495280533;11.08.;Sat;High;Off-Peak;;;;
5344;140,7906;7,495280533;11.08.;Sat;High;Off-Peak;;;;
5345;140,7906;7,495280533;11.08.;Sat;High;Off-Peak;;;;
5346;211,2012;11,24373533;11.08.;Sat;High;Standard;;;;
5347;211,2012;11,24373533;11.08.;Sat;High;Standard;;;;
5348;140,7906;7,495280533;11.08.;Sat;High;Off-Peak;;;;
5349;140,7906;7,495280533;11.08.;Sat;High;Off-Peak;;;;
5350;140,7906;7,495280533;11.08.;Sat;High;Off-Peak;;;;
5351;140,7906;7,495280533;11.08.;Sat;High;Off-Peak;;;;
5352;140,7906;7,495280533;11.08.;Sat;High;Off-Peak;;;;
5353;140,7906;7,495280533;12.08.;Sun;High;Off-Peak;;;;
5354;140,7906;7,495280533;12.08.;Sun;High;Off-Peak;;;;
5355;140,7906;7,495280533;12.08.;Sun;High;Off-Peak;;;;
5356;140,7906;7,495280533;12.08.;Sun;High;Off-Peak;;;;
5357;140,7906;7,495280533;12.08.;Sun;High;Off-Peak;;;;
5358;140,7906;7,495280533;12.08.;Sun;High;Off-Peak;;;;
5359;140,7906;7,495280533;12.08.;Sun;High;Off-Peak;;;;
5360;140,7906;7,495280533;12.08.;Sun;High;Off-Peak;;;;
5361;140,7906;7,495280533;12.08.;Sun;High;Off-Peak;;;;
5362;140,7906;7,495280533;12.08.;Sun;High;Off-Peak;;;;
5363;140,7906;7,495280533;12.08.;Sun;High;Off-Peak;;;;
5364;140,7906;7,495280533;12.08.;Sun;High;Off-Peak;;;;
5365;140,7906;7,495280533;12.08.;Sun;High;Off-Peak;;;;
5366;140,7906;7,495280533;12.08.;Sun;High;Off-Peak;;;;
5367;140,7906;7,495280533;12.08.;Sun;High;Off-Peak;;;;
5368;140,7906;7,495280533;12.08.;Sun;High;Off-Peak;;;;
5369;140,7906;7,495280533;12.08.;Sun;High;Off-Peak;;;;
5370;211,2012;11,24373533;12.08.;Sun;High;Standard;;;;
5371;211,2012;11,24373533;12.08.;Sun;High;Standard;;;;
5372;140,7906;7,495280533;12.08.;Sun;High;Off-Peak;;;;
5373;140,7906;7,495280533;12.08.;Sun;High;Off-Peak;;;;
5374;140,7906;7,495280533;12.08.;Sun;High;Off-Peak;;;;
5375;140,7906;7,495280533;12.08.;Sun;High;Off-Peak;;;;
5376;140,7906;7,495280533;12.08.;Sun;High;Off-Peak;;;;
5377;140,7906;7,495280533;13.08.;Mon;High;Off-Peak;;;;
5378;140,7906;7,495280533;13.08.;Mon;High;Off-Peak;;;;
5379;140,7906;7,495280533;13.08.;Mon;High;Off-Peak;;;;
5380;140,7906;7,495280533;13.08.;Mon;High;Off-Peak;;;;
5381;140,7906;7,495280533;13.08.;Mon;High;Off-Peak;;;;
5382;140,7906;7,495280533;13.08.;Mon;High;Off-Peak;;;;
5383;844,7844;44,97385527;13.08.;Mon;High;Peak;;;;
5384;844,7844;44,97385527;13.08.;Mon;High;Peak;;;;
5385;211,2012;11,24373533;13.08.;Mon;High;Standard;;;;
5386;211,2012;11,24373533;13.08.;Mon;High;Standard;;;;
5387;211,2012;11,24373533;13.08.;Mon;High;Standard;;;;
5388;211,2012;11,24373533;13.08.;Mon;High;Standard;;;;
5389;211,2012;11,24373533;13.08.;Mon;High;Standard;;;;
5390;211,2012;11,24373533;13.08.;Mon;High;Standard;;;;
5391;211,2012;11,24373533;13.08.;Mon;High;Standard;;;;
5392;211,2012;11,24373533;13.08.;Mon;High;Standard;;;;
5393;211,2012;11,24373533;13.08.;Mon;High;Standard;;;;
5394;844,7844;44,97385527;13.08.;Mon;High;Peak;;;;
5395;844,7844;44,97385527;13.08.;Mon;High;Peak;;;;
5396;844,7844;44,97385527;13.08.;Mon;High;Peak;;;;
5397;211,2012;11,24373533;13.08.;Mon;High;Standard;;;;
5398;211,2012;11,24373533;13.08.;Mon;High;Standard;;;;
5399;140,7906;7,495280533;13.08.;Mon;High;Off-Peak;;;;
5400;140,7906;7,495280533;13.08.;Mon;High;Off-Peak;;;;
5401;140,7906;7,495280533;14.08.;Tue;High;Off-Peak;;;;
5402;140,7906;7,495280533;14.08.;Tue;High;Off-Peak;;;;
5403;140,7906;7,495280533;14.08.;Tue;High;Off-Peak;;;;
5404;140,7906;7,495280533;14.08.;Tue;High;Off-Peak;;;;
5405;140,7906;7,495280533;14.08.;Tue;High;Off-Peak;;;;
5406;140,7906;7,495280533;14.08.;Tue;High;Off-Peak;;;;
5407;844,7844;44,97385527;14.08.;Tue;High;Peak;;;;
5408;844,7844;44,97385527;14.08.;Tue;High;Peak;;;;
5409;211,2012;11,24373533;14.08.;Tue;High;Standard;;;;
5410;211,2012;11,24373533;14.08.;Tue;High;Standard;;;;
5411;211,2012;11,24373533;14.08.;Tue;High;Standard;;;;
5412;211,2012;11,24373533;14.08.;Tue;High;Standard;;;;
5413;211,2012;11,24373533;14.08.;Tue;High;Standard;;;;
5414;211,2012;11,24373533;14.08.;Tue;High;Standard;;;;
5415;211,2012;11,24373533;14.08.;Tue;High;Standard;;;;
5416;211,2012;11,24373533;14.08.;Tue;High;Standard;;;;
5417;211,2012;11,24373533;14.08.;Tue;High;Standard;;;;
5418;844,7844;44,97385527;14.08.;Tue;High;Peak;;;;
5419;844,7844;44,97385527;14.08.;Tue;High;Peak;;;;
5420;844,7844;44,97385527;14.08.;Tue;High;Peak;;;;
5421;211,2012;11,24373533;14.08.;Tue;High;Standard;;;;
5422;211,2012;11,24373533;14.08.;Tue;High;Standard;;;;
5423;140,7906;7,495280533;14.08.;Tue;High;Off-Peak;;;;
5424;140,7906;7,495280533;14.08.;Tue;High;Off-Peak;;;;
5425;140,7906;7,495280533;15.08.;Wed;High;Off-Peak;;;;
5426;140,7906;7,495280533;15.08.;Wed;High;Off-Peak;;;;
5427;140,7906;7,495280533;15.08.;Wed;High;Off-Peak;;;;
5428;140,7906;7,495280533;15.08.;Wed;High;Off-Peak;;;;
5429;140,7906;7,495280533;15.08.;Wed;High;Off-Peak;;;;
5430;140,7906;7,495280533;15.08.;Wed;High;Off-Peak;;;;
5431;844,7844;44,97385527;15.08.;Wed;High;Peak;;;;
5432;844,7844;44,97385527;15.08.;Wed;High;Peak;;;;
5433;211,2012;11,24373533;15.08.;Wed;High;Standard;;;;
5434;211,2012;11,24373533;15.08.;Wed;High;Standard;;;;
5435;211,2012;11,24373533;15.08.;Wed;High;Standard;;;;
5436;211,2012;11,24373533;15.08.;Wed;High;Standard;;;;
5437;211,2012;11,24373533;15.08.;Wed;High;Standard;;;;
5438;211,2012;11,24373533;15.08.;Wed;High;Standard;;;;
5439;211,2012;11,24373533;15.08.;Wed;High;Standard;;;;
5440;211,2012;11,24373533;15.08.;Wed;High;Standard;;;;
5441;211,2012;11,24373533;15.08.;Wed;High;Standard;;;;
5442;844,7844;44,97385527;15.08.;Wed;High;Peak;;;;
5443;844,7844;44,97385527;15.08.;Wed;High;Peak;;;;
5444;844,7844;44,97385527;15.08.;Wed;High;Peak;;;;
5445;211,2012;11,24373533;15.08.;Wed;High;Standard;;;;
5446;211,2012;11,24373533;15.08.;Wed;High;Standard;;;;
5447;140,7906;7,495280533;15.08.;Wed;High;Off-Peak;;;;
5448;140,7906;7,495280533;15.08.;Wed;High;Off-Peak;;;;
5449;140,7906;7,495280533;16.08.;Thu;High;Off-Peak;;;;
5450;140,7906;7,495280533;16.08.;Thu;High;Off-Peak;;;;
5451;140,7906;7,495280533;16.08.;Thu;High;Off-Peak;;;;
5452;140,7906;7,495280533;16.08.;Thu;High;Off-Peak;;;;
5453;140,7906;7,495280533;16.08.;Thu;High;Off-Peak;;;;
5454;140,7906;7,495280533;16.08.;Thu;High;Off-Peak;;;;
5455;844,7844;44,97385527;16.08.;Thu;High;Peak;;;;
5456;844,7844;44,97385527;16.08.;Thu;High;Peak;;;;
5457;211,2012;11,24373533;16.08.;Thu;High;Standard;;;;
5458;211,2012;11,24373533;16.08.;Thu;High;Standard;;;;
5459;211,2012;11,24373533;16.08.;Thu;High;Standard;;;;
5460;211,2012;11,24373533;16.08.;Thu;High;Standard;;;;
5461;211,2012;11,24373533;16.08.;Thu;High;Standard;;;;
5462;211,2012;11,24373533;16.08.;Thu;High;Standard;;;;
5463;211,2012;11,24373533;16.08.;Thu;High;Standard;;;;
5464;211,2012;11,24373533;16.08.;Thu;High;Standard;;;;
5465;211,2012;11,24373533;16.08.;Thu;High;Standard;;;;
5466;844,7844;44,97385527;16.08.;Thu;High;Peak;;;;
5467;844,7844;44,97385527;16.08.;Thu;High;Peak;;;;
5468;844,7844;44,97385527;16.08.;Thu;High;Peak;;;;
5469;211,2012;11,24373533;16.08.;Thu;High;Standard;;;;
5470;211,2012;11,24373533;16.08.;Thu;High;Standard;;;;
5471;140,7906;7,495280533;16.08.;Thu;High;Off-Peak;;;;
5472;140,7906;7,495280533;16.08.;Thu;High;Off-Peak;;;;
5473;140,7906;7,495280533;17.08.;Fri;High;Off-Peak;;;;
5474;140,7906;7,495280533;17.08.;Fri;High;Off-Peak;;;;
5475;140,7906;7,495280533;17.08.;Fri;High;Off-Peak;;;;
5476;140,7906;7,495280533;17.08.;Fri;High;Off-Peak;;;;
5477;140,7906;7,495280533;17.08.;Fri;High;Off-Peak;;;;
5478;140,7906;7,495280533;17.08.;Fri;High;Off-Peak;;;;
5479;844,7844;44,97385527;17.08.;Fri;High;Peak;;;;
5480;844,7844;44,97385527;17.08.;Fri;High;Peak;;;;
5481;211,2012;11,24373533;17.08.;Fri;High;Standard;;;;
5482;211,2012;11,24373533;17.08.;Fri;High;Standard;;;;
5483;211,2012;11,24373533;17.08.;Fri;High;Standard;;;;
5484;211,2012;11,24373533;17.08.;Fri;High;Standard;;;;
5485;211,2012;11,24373533;17.08.;Fri;High;Standard;;;;
5486;211,2012;11,24373533;17.08.;Fri;High;Standard;;;;
5487;211,2012;11,24373533;17.08.;Fri;High;Standard;;;;
5488;211,2012;11,24373533;17.08.;Fri;High;Standard;;;;
5489;211,2012;11,24373533;17.08.;Fri;High;Standard;;;;
5490;844,7844;44,97385527;17.08.;Fri;High;Peak;;;;
5491;844,7844;44,97385527;17.08.;Fri;High;Peak;;;;
5492;844,7844;44,97385527;17.08.;Fri;High;Peak;;;;
5493;211,2012;11,24373533;17.08.;Fri;High;Standard;;;;
5494;211,2012;11,24373533;17.08.;Fri;High;Standard;;;;
5495;140,7906;7,495280533;17.08.;Fri;High;Off-Peak;;;;
5496;140,7906;7,495280533;17.08.;Fri;High;Off-Peak;;;;
5497;140,7906;7,495280533;18.08.;Sat;High;Off-Peak;;;;
5498;140,7906;7,495280533;18.08.;Sat;High;Off-Peak;;;;
5499;140,7906;7,495280533;18.08.;Sat;High;Off-Peak;;;;
5500;140,7906;7,495280533;18.08.;Sat;High;Off-Peak;;;;
5501;140,7906;7,495280533;18.08.;Sat;High;Off-Peak;;;;
5502;140,7906;7,495280533;18.08.;Sat;High;Off-Peak;;;;
5503;140,7906;7,495280533;18.08.;Sat;High;Off-Peak;;;;
5504;211,2012;11,24373533;18.08.;Sat;High;Standard;;;;
5505;211,2012;11,24373533;18.08.;Sat;High;Standard;;;;
5506;211,2012;11,24373533;18.08.;Sat;High;Standard;;;;
5507;211,2012;11,24373533;18.08.;Sat;High;Standard;;;;
5508;211,2012;11,24373533;18.08.;Sat;High;Standard;;;;
5509;140,7906;7,495280533;18.08.;Sat;High;Off-Peak;;;;
5510;140,7906;7,495280533;18.08.;Sat;High;Off-Peak;;;;
5511;140,7906;7,495280533;18.08.;Sat;High;Off-Peak;;;;
5512;140,7906;7,495280533;18.08.;Sat;High;Off-Peak;;;;
5513;140,7906;7,495280533;18.08.;Sat;High;Off-Peak;;;;
5514;211,2012;11,24373533;18.08.;Sat;High;Standard;;;;
5515;211,2012;11,24373533;18.08.;Sat;High;Standard;;;;
5516;140,7906;7,495280533;18.08.;Sat;High;Off-Peak;;;;
5517;140,7906;7,495280533;18.08.;Sat;High;Off-Peak;;;;
5518;140,7906;7,495280533;18.08.;Sat;High;Off-Peak;;;;
5519;140,7906;7,495280533;18.08.;Sat;High;Off-Peak;;;;
5520;140,7906;7,495280533;18.08.;Sat;High;Off-Peak;;;;
5521;140,7906;7,495280533;19.08.;Sun;High;Off-Peak;;;;
5522;140,7906;7,495280533;19.08.;Sun;High;Off-Peak;;;;
5523;140,7906;7,495280533;19.08.;Sun;High;Off-Peak;;;;
5524;140,7906;7,495280533;19.08.;Sun;High;Off-Peak;;;;
5525;140,7906;7,495280533;19.08.;Sun;High;Off-Peak;;;;
5526;140,7906;7,495280533;19.08.;Sun;High;Off-Peak;;;;
5527;140,7906;7,495280533;19.08.;Sun;High;Off-Peak;;;;
5528;140,7906;7,495280533;19.08.;Sun;High;Off-Peak;;;;
5529;140,7906;7,495280533;19.08.;Sun;High;Off-Peak;;;;
5530;140,7906;7,495280533;19.08.;Sun;High;Off-Peak;;;;
5531;140,7906;7,495280533;19.08.;Sun;High;Off-Peak;;;;
5532;140,7906;7,495280533;19.08.;Sun;High;Off-Peak;;;;
5533;140,7906;7,495280533;19.08.;Sun;High;Off-Peak;;;;
5534;140,7906;7,495280533;19.08.;Sun;High;Off-Peak;;;;
5535;140,7906;7,495280533;19.08.;Sun;High;Off-Peak;;;;
5536;140,7906;7,495280533;19.08.;Sun;High;Off-Peak;;;;
5537;140,7906;7,495280533;19.08.;Sun;High;Off-Peak;;;;
5538;211,2012;11,24373533;19.08.;Sun;High;Standard;;;;
5539;211,2012;11,24373533;19.08.;Sun;High;Standard;;;;
5540;140,7906;7,495280533;19.08.;Sun;High;Off-Peak;;;;
5541;140,7906;7,495280533;19.08.;Sun;High;Off-Peak;;;;
5542;140,7906;7,495280533;19.08.;Sun;High;Off-Peak;;;;
5543;140,7906;7,495280533;19.08.;Sun;High;Off-Peak;;;;
5544;140,7906;7,495280533;19.08.;Sun;High;Off-Peak;;;;
5545;140,7906;7,495280533;20.08.;Mon;High;Off-Peak;;;;
5546;140,7906;7,495280533;20.08.;Mon;High;Off-Peak;;;;
5547;140,7906;7,495280533;20.08.;Mon;High;Off-Peak;;;;
5548;140,7906;7,495280533;20.08.;Mon;High;Off-Peak;;;;
5549;140,7906;7,495280533;20.08.;Mon;High;Off-Peak;;;;
5550;140,7906;7,495280533;20.08.;Mon;High;Off-Peak;;;;
5551;844,7844;44,97385527;20.08.;Mon;High;Peak;;;;
5552;844,7844;44,97385527;20.08.;Mon;High;Peak;;;;
5553;211,2012;11,24373533;20.08.;Mon;High;Standard;;;;
5554;211,2012;11,24373533;20.08.;Mon;High;Standard;;;;
5555;211,2012;11,24373533;20.08.;Mon;High;Standard;;;;
5556;211,2012;11,24373533;20.08.;Mon;High;Standard;;;;
5557;211,2012;11,24373533;20.08.;Mon;High;Standard;;;;
5558;211,2012;11,24373533;20.08.;Mon;High;Standard;;;;
5559;211,2012;11,24373533;20.08.;Mon;High;Standard;;;;
5560;211,2012;11,24373533;20.08.;Mon;High;Standard;;;;
5561;211,2012;11,24373533;20.08.;Mon;High;Standard;;;;
5562;844,7844;44,97385527;20.08.;Mon;High;Peak;;;;
5563;844,7844;44,97385527;20.08.;Mon;High;Peak;;;;
5564;844,7844;44,97385527;20.08.;Mon;High;Peak;;;;
5565;211,2012;11,24373533;20.08.;Mon;High;Standard;;;;
5566;211,2012;11,24373533;20.08.;Mon;High;Standard;;;;
5567;140,7906;7,495280533;20.08.;Mon;High;Off-Peak;;;;
5568;140,7906;7,495280533;20.08.;Mon;High;Off-Peak;;;;
5569;140,7906;7,495280533;21.08.;Tue;High;Off-Peak;;;;
5570;140,7906;7,495280533;21.08.;Tue;High;Off-Peak;;;;
5571;140,7906;7,495280533;21.08.;Tue;High;Off-Peak;;;;
5572;140,7906;7,495280533;21.08.;Tue;High;Off-Peak;;;;
5573;140,7906;7,495280533;21.08.;Tue;High;Off-Peak;;;;
5574;140,7906;7,495280533;21.08.;Tue;High;Off-Peak;;;;
5575;844,7844;44,97385527;21.08.;Tue;High;Peak;;;;
5576;844,7844;44,97385527;21.08.;Tue;High;Peak;;;;
5577;211,2012;11,24373533;21.08.;Tue;High;Standard;;;;
5578;211,2012;11,24373533;21.08.;Tue;High;Standard;;;;
5579;211,2012;11,24373533;21.08.;Tue;High;Standard;;;;
5580;211,2012;11,24373533;21.08.;Tue;High;Standard;;;;
5581;211,2012;11,24373533;21.08.;Tue;High;Standard;;;;
5582;211,2012;11,24373533;21.08.;Tue;High;Standard;;;;
5583;211,2012;11,24373533;21.08.;Tue;High;Standard;;;;
5584;211,2012;11,24373533;21.08.;Tue;High;Standard;;;;
5585;211,2012;11,24373533;21.08.;Tue;High;Standard;;;;
5586;844,7844;44,97385527;21.08.;Tue;High;Peak;;;;
5587;844,7844;44,97385527;21.08.;Tue;High;Peak;;;;
5588;844,7844;44,97385527;21.08.;Tue;High;Peak;;;;
5589;211,2012;11,24373533;21.08.;Tue;High;Standard;;;;
5590;211,2012;11,24373533;21.08.;Tue;High;Standard;;;;
5591;140,7906;7,495280533;21.08.;Tue;High;Off-Peak;;;;
5592;140,7906;7,495280533;21.08.;Tue;High;Off-Peak;;;;
5593;140,7906;7,495280533;22.08.;Wed;High;Off-Peak;;;;
5594;140,7906;7,495280533;22.08.;Wed;High;Off-Peak;;;;
5595;140,7906;7,495280533;22.08.;Wed;High;Off-Peak;;;;
5596;140,7906;7,495280533;22.08.;Wed;High;Off-Peak;;;;
5597;140,7906;7,495280533;22.08.;Wed;High;Off-Peak;;;;
5598;140,7906;7,495280533;22.08.;Wed;High;Off-Peak;;;;
5599;844,7844;44,97385527;22.08.;Wed;High;Peak;;;;
5600;844,7844;44,97385527;22.08.;Wed;High;Peak;;;;
5601;211,2012;11,24373533;22.08.;Wed;High;Standard;;;;
5602;211,2012;11,24373533;22.08.;Wed;High;Standard;;;;
5603;211,2012;11,24373533;22.08.;Wed;High;Standard;;;;
5604;211,2012;11,24373533;22.08.;Wed;High;Standard;;;;
5605;211,2012;11,24373533;22.08.;Wed;High;Standard;;;;
5606;211,2012;11,24373533;22.08.;Wed;High;Standard;;;;
5607;211,2012;11,24373533;22.08.;Wed;High;Standard;;;;
5608;211,2012;11,24373533;22.08.;Wed;High;Standard;;;;
5609;211,2012;11,24373533;22.08.;Wed;High;Standard;;;;
5610;844,7844;44,97385527;22.08.;Wed;High;Peak;;;;
5611;844,7844;44,97385527;22.08.;Wed;High;Peak;;;;
5612;844,7844;44,97385527;22.08.;Wed;High;Peak;;;;
5613;211,2012;11,24373533;22.08.;Wed;High;Standard;;;;
5614;211,2012;11,24373533;22.08.;Wed;High;Standard;;;;
5615;140,7906;7,495280533;22.08.;Wed;High;Off-Peak;;;;
5616;140,7906;7,495280533;22.08.;Wed;High;Off-Peak;;;;
5617;140,7906;7,495280533;23.08.;Thu;High;Off-Peak;;;;
5618;140,7906;7,495280533;23.08.;Thu;High;Off-Peak;;;;
5619;140,7906;7,495280533;23.08.;Thu;High;Off-Peak;;;;
5620;140,7906;7,495280533;23.08.;Thu;High;Off-Peak;;;;
5621;140,7906;7,495280533;23.08.;Thu;High;Off-Peak;;;;
5622;140,7906;7,495280533;23.08.;Thu;High;Off-Peak;;;;
5623;844,7844;44,97385527;23.08.;Thu;High;Peak;;;;
5624;844,7844;44,97385527;23.08.;Thu;High;Peak;;;;
5625;211,2012;11,24373533;23.08.;Thu;High;Standard;;;;
5626;211,2012;11,24373533;23.08.;Thu;High;Standard;;;;
5627;211,2012;11,24373533;23.08.;Thu;High;Standard;;;;
5628;211,2012;11,24373533;23.08.;Thu;High;Standard;;;;
5629;211,2012;11,24373533;23.08.;Thu;High;Standard;;;;
5630;211,2012;11,24373533;23.08.;Thu;High;Standard;;;;
5631;211,2012;11,24373533;23.08.;Thu;High;Standard;;;;
5632;211,2012;11,24373533;23.08.;Thu;High;Standard;;;;
5633;211,2012;11,24373533;23.08.;Thu;High;Standard;;;;
5634;844,7844;44,97385527;23.08.;Thu;High;Peak;;;;
5635;844,7844;44,97385527;23.08.;Thu;High;Peak;;;;
5636;844,7844;44,97385527;23.08.;Thu;High;Peak;;;;
5637;211,2012;11,24373533;23.08.;Thu;High;Standard;;;;
5638;211,2012;11,24373533;23.08.;Thu;High;Standard;;;;
5639;140,7906;7,495280533;23.08.;Thu;High;Off-Peak;;;;
5640;140,7906;7,495280533;23.08.;Thu;High;Off-Peak;;;;
5641;140,7906;7,495280533;24.08.;Fri;High;Off-Peak;;;;
5642;140,7906;7,495280533;24.08.;Fri;High;Off-Peak;;;;
5643;140,7906;7,495280533;24.08.;Fri;High;Off-Peak;;;;
5644;140,7906;7,495280533;24.08.;Fri;High;Off-Peak;;;;
5645;140,7906;7,495280533;24.08.;Fri;High;Off-Peak;;;;
5646;140,7906;7,495280533;24.08.;Fri;High;Off-Peak;;;;
5647;844,7844;44,97385527;24.08.;Fri;High;Peak;;;;
5648;844,7844;44,97385527;24.08.;Fri;High;Peak;;;;
5649;211,2012;11,24373533;24.08.;Fri;High;Standard;;;;
5650;211,2012;11,24373533;24.08.;Fri;High;Standard;;;;
5651;211,2012;11,24373533;24.08.;Fri;High;Standard;;;;
5652;211,2012;11,24373533;24.08.;Fri;High;Standard;;;;
5653;211,2012;11,24373533;24.08.;Fri;High;Standard;;;;
5654;211,2012;11,24373533;24.08.;Fri;High;Standard;;;;
5655;211,2012;11,24373533;24.08.;Fri;High;Standard;;;;
5656;211,2012;11,24373533;24.08.;Fri;High;Standard;;;;
5657;211,2012;11,24373533;24.08.;Fri;High;Standard;;;;
5658;844,7844;44,97385527;24.08.;Fri;High;Peak;;;;
5659;844,7844;44,97385527;24.08.;Fri;High;Peak;;;;
5660;844,7844;44,97385527;24.08.;Fri;High;Peak;;;;
5661;211,2012;11,24373533;24.08.;Fri;High;Standard;;;;
5662;211,2012;11,24373533;24.08.;Fri;High;Standard;;;;
5663;140,7906;7,495280533;24.08.;Fri;High;Off-Peak;;;;
5664;140,7906;7,495280533;24.08.;Fri;High;Off-Peak;;;;
5665;140,7906;7,495280533;25.08.;Sat;High;Off-Peak;;;;
5666;140,7906;7,495280533;25.08.;Sat;High;Off-Peak;;;;
5667;140,7906;7,495280533;25.08.;Sat;High;Off-Peak;;;;
5668;140,7906;7,495280533;25.08.;Sat;High;Off-Peak;;;;
5669;140,7906;7,495280533;25.08.;Sat;High;Off-Peak;;;;
5670;140,7906;7,495280533;25.08.;Sat;High;Off-Peak;;;;
5671;140,7906;7,495280533;25.08.;Sat;High;Off-Peak;;;;
5672;211,2012;11,24373533;25.08.;Sat;High;Standard;;;;
5673;211,2012;11,24373533;25.08.;Sat;High;Standard;;;;
5674;211,2012;11,24373533;25.08.;Sat;High;Standard;;;;
5675;211,2012;11,24373533;25.08.;Sat;High;Standard;;;;
5676;211,2012;11,24373533;25.08.;Sat;High;Standard;;;;
5677;140,7906;7,495280533;25.08.;Sat;High;Off-Peak;;;;
5678;140,7906;7,495280533;25.08.;Sat;High;Off-Peak;;;;
5679;140,7906;7,495280533;25.08.;Sat;High;Off-Peak;;;;
5680;140,7906;7,495280533;25.08.;Sat;High;Off-Peak;;;;
5681;140,7906;7,495280533;25.08.;Sat;High;Off-Peak;;;;
5682;211,2012;11,24373533;25.08.;Sat;High;Standard;;;;
5683;211,2012;11,24373533;25.08.;Sat;High;Standard;;;;
5684;140,7906;7,495280533;25.08.;Sat;High;Off-Peak;;;;
5685;140,7906;7,495280533;25.08.;Sat;High;Off-Peak;;;;
5686;140,7906;7,495280533;25.08.;Sat;High;Off-Peak;;;;
5687;140,7906;7,495280533;25.08.;Sat;High;Off-Peak;;;;
5688;140,7906;7,495280533;25.08.;Sat;High;Off-Peak;;;;
5689;140,7906;7,495280533;26.08.;Sun;High;Off-Peak;;;;
5690;140,7906;7,495280533;26.08.;Sun;High;Off-Peak;;;;
5691;140,7906;7,495280533;26.08.;Sun;High;Off-Peak;;;;
5692;140,7906;7,495280533;26.08.;Sun;High;Off-Peak;;;;
5693;140,7906;7,495280533;26.08.;Sun;High;Off-Peak;;;;
5694;140,7906;7,495280533;26.08.;Sun;High;Off-Peak;;;;
5695;140,7906;7,495280533;26.08.;Sun;High;Off-Peak;;;;
5696;140,7906;7,495280533;26.08.;Sun;High;Off-Peak;;;;
5697;140,7906;7,495280533;26.08.;Sun;High;Off-Peak;;;;
5698;140,7906;7,495280533;26.08.;Sun;High;Off-Peak;;;;
5699;140,7906;7,495280533;26.08.;Sun;High;Off-Peak;;;;
5700;140,7906;7,495280533;26.08.;Sun;High;Off-Peak;;;;
5701;140,7906;7,495280533;26.08.;Sun;High;Off-Peak;;;;
5702;140,7906;7,495280533;26.08.;Sun;High;Off-Peak;;;;
5703;140,7906;7,495280533;26.08.;Sun;High;Off-Peak;;;;
5704;140,7906;7,495280533;26.08.;Sun;High;Off-Peak;;;;
5705;140,7906;7,495280533;26.08.;Sun;High;Off-Peak;;;;
5706;211,2012;11,24373533;26.08.;Sun;High;Standard;;;;
5707;211,2012;11,24373533;26.08.;Sun;High;Standard;;;;
5708;140,7906;7,495280533;26.08.;Sun;High;Off-Peak;;;;
5709;140,7906;7,495280533;26.08.;Sun;High;Off-Peak;;;;
5710;140,7906;7,495280533;26.08.;Sun;High;Off-Peak;;;;
5711;140,7906;7,495280533;26.08.;Sun;High;Off-Peak;;;;
5712;140,7906;7,495280533;26.08.;Sun;High;Off-Peak;;;;
5713;140,7906;7,495280533;27.08.;Mon;High;Off-Peak;;;;
5714;140,7906;7,495280533;27.08.;Mon;High;Off-Peak;;;;
5715;140,7906;7,495280533;27.08.;Mon;High;Off-Peak;;;;
5716;140,7906;7,495280533;27.08.;Mon;High;Off-Peak;;;;
5717;140,7906;7,495280533;27.08.;Mon;High;Off-Peak;;;;
5718;140,7906;7,495280533;27.08.;Mon;High;Off-Peak;;;;
5719;844,7844;44,97385527;27.08.;Mon;High;Peak;;;;
5720;844,7844;44,97385527;27.08.;Mon;High;Peak;;;;
5721;211,2012;11,24373533;27.08.;Mon;High;Standard;;;;
5722;211,2012;11,24373533;27.08.;Mon;High;Standard;;;;
5723;211,2012;11,24373533;27.08.;Mon;High;Standard;;;;
5724;211,2012;11,24373533;27.08.;Mon;High;Standard;;;;
5725;211,2012;11,24373533;27.08.;Mon;High;Standard;;;;
5726;211,2012;11,24373533;27.08.;Mon;High;Standard;;;;
5727;211,2012;11,24373533;27.08.;Mon;High;Standard;;;;
5728;211,2012;11,24373533;27.08.;Mon;High;Standard;;;;
5729;211,2012;11,24373533;27.08.;Mon;High;Standard;;;;
5730;844,7844;44,97385527;27.08.;Mon;High;Peak;;;;
5731;844,7844;44,97385527;27.08.;Mon;High;Peak;;;;
5732;844,7844;44,97385527;27.08.;Mon;High;Peak;;;;
5733;211,2012;11,24373533;27.08.;Mon;High;Standard;;;;
5734;211,2012;11,24373533;27.08.;Mon;High;Standard;;;;
5735;140,7906;7,495280533;27.08.;Mon;High;Off-Peak;;;;
5736;140,7906;7,495280533;27.08.;Mon;High;Off-Peak;;;;
5737;140,7906;7,495280533;28.08.;Tue;High;Off-Peak;;;;
5738;140,7906;7,495280533;28.08.;Tue;High;Off-Peak;;;;
5739;140,7906;7,495280533;28.08.;Tue;High;Off-Peak;;;;
5740;140,7906;7,495280533;28.08.;Tue;High;Off-Peak;;;;
5741;140,7906;7,495280533;28.08.;Tue;High;Off-Peak;;;;
5742;140,7906;7,495280533;28.08.;Tue;High;Off-Peak;;;;
5743;844,7844;44,97385527;28.08.;Tue;High;Peak;;;;
5744;844,7844;44,97385527;28.08.;Tue;High;Peak;;;;
5745;211,2012;11,24373533;28.08.;Tue;High;Standard;;;;
5746;211,2012;11,24373533;28.08.;Tue;High;Standard;;;;
5747;211,2012;11,24373533;28.08.;Tue;High;Standard;;;;
5748;211,2012;11,24373533;28.08.;Tue;High;Standard;;;;
5749;211,2012;11,24373533;28.08.;Tue;High;Standard;;;;
5750;211,2012;11,24373533;28.08.;Tue;High;Standard;;;;
5751;211,2012;11,24373533;28.08.;Tue;High;Standard;;;;
5752;211,2012;11,24373533;28.08.;Tue;High;Standard;;;;
5753;211,2012;11,24373533;28.08.;Tue;High;Standard;;;;
5754;844,7844;44,97385527;28.08.;Tue;High;Peak;;;;
5755;844,7844;44,97385527;28.08.;Tue;High;Peak;;;;
5756;844,7844;44,97385527;28.08.;Tue;High;Peak;;;;
5757;211,2012;11,24373533;28.08.;Tue;High;Standard;;;;
5758;211,2012;11,24373533;28.08.;Tue;High;Standard;;;;
5759;140,7906;7,495280533;28.08.;Tue;High;Off-Peak;;;;
5760;140,7906;7,495280533;28.08.;Tue;High;Off-Peak;;;;
5761;140,7906;7,495280533;29.08.;Wed;High;Off-Peak;;;;
5762;140,7906;7,495280533;29.08.;Wed;High;Off-Peak;;;;
5763;140,7906;7,495280533;29.08.;Wed;High;Off-Peak;;;;
5764;140,7906;7,495280533;29.08.;Wed;High;Off-Peak;;;;
5765;140,7906;7,495280533;29.08.;Wed;High;Off-Peak;;;;
5766;140,7906;7,495280533;29.08.;Wed;High;Off-Peak;;;;
5767;844,7844;44,97385527;29.08.;Wed;High;Peak;;;;
5768;844,7844;44,97385527;29.08.;Wed;High;Peak;;;;
5769;211,2012;11,24373533;29.08.;Wed;High;Standard;;;;
5770;211,2012;11,24373533;29.08.;Wed;High;Standard;;;;
5771;211,2012;11,24373533;29.08.;Wed;High;Standard;;;;
5772;211,2012;11,24373533;29.08.;Wed;High;Standard;;;;
5773;211,2012;11,24373533;29.08.;Wed;High;Standard;;;;
5774;211,2012;11,24373533;29.08.;Wed;High;Standard;;;;
5775;211,2012;11,24373533;29.08.;Wed;High;Standard;;;;
5776;211,2012;11,24373533;29.08.;Wed;High;Standard;;;;
5777;211,2012;11,24373533;29.08.;Wed;High;Standard;;;;
5778;844,7844;44,97385527;29.08.;Wed;High;Peak;;;;
5779;844,7844;44,97385527;29.08.;Wed;High;Peak;;;;
5780;844,7844;44,97385527;29.08.;Wed;High;Peak;;;;
5781;211,2012;11,24373533;29.08.;Wed;High;Standard;;;;
5782;211,2012;11,24373533;29.08.;Wed;High;Standard;;;;
5783;140,7906;7,495280533;29.08.;Wed;High;Off-Peak;;;;
5784;140,7906;7,495280533;29.08.;Wed;High;Off-Peak;;;;
5785;140,7906;7,495280533;30.08.;Thu;High;Off-Peak;;;;
5786;140,7906;7,495280533;30.08.;Thu;High;Off-Peak;;;;
5787;140,7906;7,495280533;30.08.;Thu;High;Off-Peak;;;;
5788;140,7906;7,495280533;30.08.;Thu;High;Off-Peak;;;;
5789;140,7906;7,495280533;30.08.;Thu;High;Off-Peak;;;;
5790;140,7906;7,495280533;30.08.;Thu;High;Off-Peak;;;;
5791;844,7844;44,97385527;30.08.;Thu;High;Peak;;;;
5792;844,7844;44,97385527;30.08.;Thu;High;Peak;;;;
5793;211,2012;11,24373533;30.08.;Thu;High;Standard;;;;
5794;211,2012;11,24373533;30.08.;Thu;High;Standard;;;;
5795;211,2012;11,24373533;30.08.;Thu;High;Standard;;;;
5796;211,2012;11,24373533;30.08.;Thu;High;Standard;;;;
5797;211,2012;11,24373533;30.08.;Thu;High;Standard;;;;
5798;211,2012;11,24373533;30.08.;Thu;High;Standard;;;;
5799;211,2012;11,24373533;30.08.;Thu;High;Standard;;;;
5800;211,2012;11,24373533;30.08.;Thu;High;Standard;;;;
5801;211,2012;11,24373533;30.08.;Thu;High;Standard;;;;
5802;844,7844;44,97385527;30.08.;Thu;High;Peak;;;;
5803;844,7844;44,97385527;30.08.;Thu;High;Peak;;;;
5804;844,7844;44,97385527;30.08.;Thu;High;Peak;;;;
5805;211,2012;11,24373533;30.08.;Thu;High;Standard;;;;
5806;211,2012;11,24373533;30.08.;Thu;High;Standard;;;;
5807;140,7906;7,495280533;30.08.;Thu;High;Off-Peak;;;;
5808;140,7906;7,495280533;30.08.;Thu;High;Off-Peak;;;;
5809;140,7906;7,495280533;31.08.;Fri;High;Off-Peak;;;;
5810;140,7906;7,495280533;31.08.;Fri;High;Off-Peak;;;;
5811;140,7906;7,495280533;31.08.;Fri;High;Off-Peak;;;;
5812;140,7906;7,495280533;31.08.;Fri;High;Off-Peak;;;;
5813;140,7906;7,495280533;31.08.;Fri;High;Off-Peak;;;;
5814;140,7906;7,495280533;31.08.;Fri;High;Off-Peak;;;;
5815;844,7844;44,97385527;31.08.;Fri;High;Peak;;;;
5816;844,7844;44,97385527;31.08.;Fri;High;Peak;;;;
5817;211,2012;11,24373533;31.08.;Fri;High;Standard;;;;
5818;211,2012;11,24373533;31.08.;Fri;High;Standard;;;;
5819;211,2012;11,24373533;31.08.;Fri;High;Standard;;;;
5820;211,2012;11,24373533;31.08.;Fri;High;Standard;;;;
5821;211,2012;11,24373533;31.08.;Fri;High;Standard;;;;
5822;211,2012;11,24373533;31.08.;Fri;High;Standard;;;;
5823;211,2012;11,24373533;31.08.;Fri;High;Standard;;;;
5824;211,2012;11,24373533;31.08.;Fri;High;Standard;;;;
5825;211,2012;11,24373533;31.08.;Fri;High;Standard;;;;
5826;844,7844;44,97385527;31.08.;Fri;High;Peak;;;;
5827;844,7844;44,97385527;31.08.;Fri;High;Peak;;;;
5828;844,7844;44,97385527;31.08.;Fri;High;Peak;;;;
5829;211,2012;11,24373533;31.08.;Fri;High;Standard;;;;
5830;211,2012;11,24373533;31.08.;Fri;High;Standard;;;;
5831;140,7906;7,495280533;31.08.;Fri;High;Off-Peak;;;;
5832;140,7906;7,495280533;31.08.;Fri;High;Off-Peak;;;;
5833;140,7906;7,495280533;01.09.;Sat;Low;Off-Peak;;;;
5834;140,7906;7,495280533;01.09.;Sat;Low;Off-Peak;;;;
5835;140,7906;7,495280533;01.09.;Sat;Low;Off-Peak;;;;
5836;140,7906;7,495280533;01.09.;Sat;Low;Off-Peak;;;;
5837;140,7906;7,495280533;01.09.;Sat;Low;Off-Peak;;;;
5838;140,7906;7,495280533;01.09.;Sat;Low;Off-Peak;;;;
5839;140,7906;7,495280533;01.09.;Sat;Low;Off-Peak;;;;
5840;197,1252;10,49437018;01.09.;Sat;Low;Standard;;;;
5841;197,1252;10,49437018;01.09.;Sat;Low;Standard;;;;
5842;197,1252;10,49437018;01.09.;Sat;Low;Standard;;;;
5843;197,1252;10,49437018;01.09.;Sat;Low;Standard;;;;
5844;197,1252;10,49437018;01.09.;Sat;Low;Standard;;;;
5845;140,7906;7,495280533;01.09.;Sat;Low;Off-Peak;;;;
5846;140,7906;7,495280533;01.09.;Sat;Low;Off-Peak;;;;
5847;140,7906;7,495280533;01.09.;Sat;Low;Off-Peak;;;;
5848;140,7906;7,495280533;01.09.;Sat;Low;Off-Peak;;;;
5849;140,7906;7,495280533;01.09.;Sat;Low;Off-Peak;;;;
5850;140,7906;7,495280533;01.09.;Sat;Low;Off-Peak;;;;
5851;197,1252;10,49437018;01.09.;Sat;Low;Standard;;;;
5852;197,1252;10,49437018;01.09.;Sat;Low;Standard;;;;
5853;140,7906;7,495280533;01.09.;Sat;Low;Off-Peak;;;;
5854;140,7906;7,495280533;01.09.;Sat;Low;Off-Peak;;;;
5855;140,7906;7,495280533;01.09.;Sat;Low;Off-Peak;;;;
5856;140,7906;7,495280533;01.09.;Sat;Low;Off-Peak;;;;
5857;140,7906;7,495280533;02.09.;Sun;Low;Off-Peak;;;;
5858;140,7906;7,495280533;02.09.;Sun;Low;Off-Peak;;;;
5859;140,7906;7,495280533;02.09.;Sun;Low;Off-Peak;;;;
5860;140,7906;7,495280533;02.09.;Sun;Low;Off-Peak;;;;
5861;140,7906;7,495280533;02.09.;Sun;Low;Off-Peak;;;;
5862;140,7906;7,495280533;02.09.;Sun;Low;Off-Peak;;;;
5863;140,7906;7,495280533;02.09.;Sun;Low;Off-Peak;;;;
5864;140,7906;7,495280533;02.09.;Sun;Low;Off-Peak;;;;
5865;140,7906;7,495280533;02.09.;Sun;Low;Off-Peak;;;;
5866;140,7906;7,495280533;02.09.;Sun;Low;Off-Peak;;;;
5867;140,7906;7,495280533;02.09.;Sun;Low;Off-Peak;;;;
5868;140,7906;7,495280533;02.09.;Sun;Low;Off-Peak;;;;
5869;140,7906;7,495280533;02.09.;Sun;Low;Off-Peak;;;;
5870;140,7906;7,495280533;02.09.;Sun;Low;Off-Peak;;;;
5871;140,7906;7,495280533;02.09.;Sun;Low;Off-Peak;;;;
5872;140,7906;7,495280533;02.09.;Sun;Low;Off-Peak;;;;
5873;140,7906;7,495280533;02.09.;Sun;Low;Off-Peak;;;;
5874;140,7906;7,495280533;02.09.;Sun;Low;Off-Peak;;;;
5875;197,1252;10,49437018;02.09.;Sun;Low;Standard;;;;
5876;197,1252;10,49437018;02.09.;Sun;Low;Standard;;;;
5877;140,7906;7,495280533;02.09.;Sun;Low;Off-Peak;;;;
5878;140,7906;7,495280533;02.09.;Sun;Low;Off-Peak;;;;
5879;140,7906;7,495280533;02.09.;Sun;Low;Off-Peak;;;;
5880;140,7906;7,495280533;02.09.;Sun;Low;Off-Peak;;;;
5881;140,7906;7,495280533;03.09.;Mon;Low;Off-Peak;;;;
5882;140,7906;7,495280533;03.09.;Mon;Low;Off-Peak;;;;
5883;140,7906;7,495280533;03.09.;Mon;Low;Off-Peak;;;;
5884;140,7906;7,495280533;03.09.;Mon;Low;Off-Peak;;;;
5885;140,7906;7,495280533;03.09.;Mon;Low;Off-Peak;;;;
5886;140,7906;7,495280533;03.09.;Mon;Low;Off-Peak;;;;
5887;197,1252;10,49437018;03.09.;Mon;Low;Standard;;;;
5888;350,5944;18,66462236;03.09.;Mon;Low;Peak;;;;
5889;350,5944;18,66462236;03.09.;Mon;Low;Peak;;;;
5890;197,1252;10,49437018;03.09.;Mon;Low;Standard;;;;
5891;197,1252;10,49437018;03.09.;Mon;Low;Standard;;;;
5892;197,1252;10,49437018;03.09.;Mon;Low;Standard;;;;
5893;197,1252;10,49437018;03.09.;Mon;Low;Standard;;;;
5894;197,1252;10,49437018;03.09.;Mon;Low;Standard;;;;
5895;197,1252;10,49437018;03.09.;Mon;Low;Standard;;;;
5896;197,1252;10,49437018;03.09.;Mon;Low;Standard;;;;
5897;197,1252;10,49437018;03.09.;Mon;Low;Standard;;;;
5898;197,1252;10,49437018;03.09.;Mon;Low;Standard;;;;
5899;350,5944;18,66462236;03.09.;Mon;Low;Peak;;;;
5900;350,5944;18,66462236;03.09.;Mon;Low;Peak;;;;
5901;350,5944;18,66462236;03.09.;Mon;Low;Peak;;;;
5902;197,1252;10,49437018;03.09.;Mon;Low;Standard;;;;
5903;140,7906;7,495280533;03.09.;Mon;Low;Off-Peak;;;;
5904;140,7906;7,495280533;03.09.;Mon;Low;Off-Peak;;;;
5905;140,7906;7,495280533;04.09.;Tue;Low;Off-Peak;;;;
5906;140,7906;7,495280533;04.09.;Tue;Low;Off-Peak;;;;
5907;140,7906;7,495280533;04.09.;Tue;Low;Off-Peak;;;;
5908;140,7906;7,495280533;04.09.;Tue;Low;Off-Peak;;;;
5909;140,7906;7,495280533;04.09.;Tue;Low;Off-Peak;;;;
5910;140,7906;7,495280533;04.09.;Tue;Low;Off-Peak;;;;
5911;197,1252;10,49437018;04.09.;Tue;Low;Standard;;;;
5912;350,5944;18,66462236;04.09.;Tue;Low;Peak;;;;
5913;350,5944;18,66462236;04.09.;Tue;Low;Peak;;;;
5914;197,1252;10,49437018;04.09.;Tue;Low;Standard;;;;
5915;197,1252;10,49437018;04.09.;Tue;Low;Standard;;;;
5916;197,1252;10,49437018;04.09.;Tue;Low;Standard;;;;
5917;197,1252;10,49437018;04.09.;Tue;Low;Standard;;;;
5918;197,1252;10,49437018;04.09.;Tue;Low;Standard;;;;
5919;197,1252;10,49437018;04.09.;Tue;Low;Standard;;;;
5920;197,1252;10,49437018;04.09.;Tue;Low;Standard;;;;
5921;197,1252;10,49437018;04.09.;Tue;Low;Standard;;;;
5922;197,1252;10,49437018;04.09.;Tue;Low;Standard;;;;
5923;350,5944;18,66462236;04.09.;Tue;Low;Peak;;;;
5924;350,5944;18,66462236;04.09.;Tue;Low;Peak;;;;
5925;350,5944;18,66462236;04.09.;Tue;Low;Peak;;;;
5926;197,1252;10,49437018;04.09.;Tue;Low;Standard;;;;
5927;140,7906;7,495280533;04.09.;Tue;Low;Off-Peak;;;;
5928;140,7906;7,495280533;04.09.;Tue;Low;Off-Peak;;;;
5929;140,7906;7,495280533;05.09.;Wed;Low;Off-Peak;;;;
5930;140,7906;7,495280533;05.09.;Wed;Low;Off-Peak;;;;
5931;140,7906;7,495280533;05.09.;Wed;Low;Off-Peak;;;;
5932;140,7906;7,495280533;05.09.;Wed;Low;Off-Peak;;;;
5933;140,7906;7,495280533;05.09.;Wed;Low;Off-Peak;;;;
5934;140,7906;7,495280533;05.09.;Wed;Low;Off-Peak;;;;
5935;197,1252;10,49437018;05.09.;Wed;Low;Standard;;;;
5936;350,5944;18,66462236;05.09.;Wed;Low;Peak;;;;
5937;350,5944;18,66462236;05.09.;Wed;Low;Peak;;;;
5938;197,1252;10,49437018;05.09.;Wed;Low;Standard;;;;
5939;197,1252;10,49437018;05.09.;Wed;Low;Standard;;;;
5940;197,1252;10,49437018;05.09.;Wed;Low;Standard;;;;
5941;197,1252;10,49437018;05.09.;Wed;Low;Standard;;;;
5942;197,1252;10,49437018;05.09.;Wed;Low;Standard;;;;
5943;197,1252;10,49437018;05.09.;Wed;Low;Standard;;;;
5944;197,1252;10,49437018;05.09.;Wed;Low;Standard;;;;
5945;197,1252;10,49437018;05.09.;Wed;Low;Standard;;;;
5946;197,1252;10,49437018;05.09.;Wed;Low;Standard;;;;
5947;350,5944;18,66462236;05.09.;Wed;Low;Peak;;;;
5948;350,5944;18,66462236;05.09.;Wed;Low;Peak;;;;
5949;350,5944;18,66462236;05.09.;Wed;Low;Peak;;;;
5950;197,1252;10,49437018;05.09.;Wed;Low;Standard;;;;
5951;140,7906;7,495280533;05.09.;Wed;Low;Off-Peak;;;;
5952;140,7906;7,495280533;05.09.;Wed;Low;Off-Peak;;;;
5953;140,7906;7,495280533;06.09.;Thu;Low;Off-Peak;;;;
5954;140,7906;7,495280533;06.09.;Thu;Low;Off-Peak;;;;
5955;140,7906;7,495280533;06.09.;Thu;Low;Off-Peak;;;;
5956;140,7906;7,495280533;06.09.;Thu;Low;Off-Peak;;;;
5957;140,7906;7,495280533;06.09.;Thu;Low;Off-Peak;;;;
5958;140,7906;7,495280533;06.09.;Thu;Low;Off-Peak;;;;
5959;197,1252;10,49437018;06.09.;Thu;Low;Standard;;;;
5960;350,5944;18,66462236;06.09.;Thu;Low;Peak;;;;
5961;350,5944;18,66462236;06.09.;Thu;Low;Peak;;;;
5962;197,1252;10,49437018;06.09.;Thu;Low;Standard;;;;
5963;197,1252;10,49437018;06.09.;Thu;Low;Standard;;;;
5964;197,1252;10,49437018;06.09.;Thu;Low;Standard;;;;
5965;197,1252;10,49437018;06.09.;Thu;Low;Standard;;;;
5966;197,1252;10,49437018;06.09.;Thu;Low;Standard;;;;
5967;197,1252;10,49437018;06.09.;Thu;Low;Standard;;;;
5968;197,1252;10,49437018;06.09.;Thu;Low;Standard;;;;
5969;197,1252;10,49437018;06.09.;Thu;Low;Standard;;;;
5970;197,1252;10,49437018;06.09.;Thu;Low;Standard;;;;
5971;350,5944;18,66462236;06.09.;Thu;Low;Peak;;;;
5972;350,5944;18,66462236;06.09.;Thu;Low;Peak;;;;
5973;350,5944;18,66462236;06.09.;Thu;Low;Peak;;;;
5974;197,1252;10,49437018;06.09.;Thu;Low;Standard;;;;
5975;140,7906;7,495280533;06.09.;Thu;Low;Off-Peak;;;;
5976;140,7906;7,495280533;06.09.;Thu;Low;Off-Peak;;;;
5977;140,7906;7,495280533;07.09.;Fri;Low;Off-Peak;;;;
5978;140,7906;7,495280533;07.09.;Fri;Low;Off-Peak;;;;
5979;140,7906;7,495280533;07.09.;Fri;Low;Off-Peak;;;;
5980;140,7906;7,495280533;07.09.;Fri;Low;Off-Peak;;;;
5981;140,7906;7,495280533;07.09.;Fri;Low;Off-Peak;;;;
5982;140,7906;7,495280533;07.09.;Fri;Low;Off-Peak;;;;
5983;197,1252;10,49437018;07.09.;Fri;Low;Standard;;;;
5984;350,5944;18,66462236;07.09.;Fri;Low;Peak;;;;
5985;350,5944;18,66462236;07.09.;Fri;Low;Peak;;;;
5986;197,1252;10,49437018;07.09.;Fri;Low;Standard;;;;
5987;197,1252;10,49437018;07.09.;Fri;Low;Standard;;;;
5988;197,1252;10,49437018;07.09.;Fri;Low;Standard;;;;
5989;197,1252;10,49437018;07.09.;Fri;Low;Standard;;;;
5990;197,1252;10,49437018;07.09.;Fri;Low;Standard;;;;
5991;197,1252;10,49437018;07.09.;Fri;Low;Standard;;;;
5992;197,1252;10,49437018;07.09.;Fri;Low;Standard;;;;
5993;197,1252;10,49437018;07.09.;Fri;Low;Standard;;;;
5994;197,1252;10,49437018;07.09.;Fri;Low;Standard;;;;
5995;350,5944;18,66462236;07.09.;Fri;Low;Peak;;;;
5996;350,5944;18,66462236;07.09.;Fri;Low;Peak;;;;
5997;350,5944;18,66462236;07.09.;Fri;Low;Peak;;;;
5998;197,1252;10,49437018;07.09.;Fri;Low;Standard;;;;
5999;140,7906;7,495280533;07.09.;Fri;Low;Off-Peak;;;;
6000;140,7906;7,495280533;07.09.;Fri;Low;Off-Peak;;;;
6001;140,7906;7,495280533;08.09.;Sat;Low;Off-Peak;;;;
6002;140,7906;7,495280533;08.09.;Sat;Low;Off-Peak;;;;
6003;140,7906;7,495280533;08.09.;Sat;Low;Off-Peak;;;;
6004;140,7906;7,495280533;08.09.;Sat;Low;Off-Peak;;;;
6005;140,7906;7,495280533;08.09.;Sat;Low;Off-Peak;;;;
6006;140,7906;7,495280533;08.09.;Sat;Low;Off-Peak;;;;
6007;140,7906;7,495280533;08.09.;Sat;Low;Off-Peak;;;;
6008;197,1252;10,49437018;08.09.;Sat;Low;Standard;;;;
6009;197,1252;10,49437018;08.09.;Sat;Low;Standard;;;;
6010;197,1252;10,49437018;08.09.;Sat;Low;Standard;;;;
6011;197,1252;10,49437018;08.09.;Sat;Low;Standard;;;;
6012;197,1252;10,49437018;08.09.;Sat;Low;Standard;;;;
6013;140,7906;7,495280533;08.09.;Sat;Low;Off-Peak;;;;
6014;140,7906;7,495280533;08.09.;Sat;Low;Off-Peak;;;;
6015;140,7906;7,495280533;08.09.;Sat;Low;Off-Peak;;;;
6016;140,7906;7,495280533;08.09.;Sat;Low;Off-Peak;;;;
6017;140,7906;7,495280533;08.09.;Sat;Low;Off-Peak;;;;
6018;140,7906;7,495280533;08.09.;Sat;Low;Off-Peak;;;;
6019;197,1252;10,49437018;08.09.;Sat;Low;Standard;;;;
6020;197,1252;10,49437018;08.09.;Sat;Low;Standard;;;;
6021;140,7906;7,495280533;08.09.;Sat;Low;Off-Peak;;;;
6022;140,7906;7,495280533;08.09.;Sat;Low;Off-Peak;;;;
6023;140,7906;7,495280533;08.09.;Sat;Low;Off-Peak;;;;
6024;140,7906;7,495280533;08.09.;Sat;Low;Off-Peak;;;;
6025;140,7906;7,495280533;09.09.;Sun;Low;Off-Peak;;;;
6026;140,7906;7,495280533;09.09.;Sun;Low;Off-Peak;;;;
6027;140,7906;7,495280533;09.09.;Sun;Low;Off-Peak;;;;
6028;140,7906;7,495280533;09.09.;Sun;Low;Off-Peak;;;;
6029;140,7906;7,495280533;09.09.;Sun;Low;Off-Peak;;;;
6030;140,7906;7,495280533;09.09.;Sun;Low;Off-Peak;;;;
6031;140,7906;7,495280533;09.09.;Sun;Low;Off-Peak;;;;
6032;140,7906;7,495280533;09.09.;Sun;Low;Off-Peak;;;;
6033;140,7906;7,495280533;09.09.;Sun;Low;Off-Peak;;;;
6034;140,7906;7,495280533;09.09.;Sun;Low;Off-Peak;;;;
6035;140,7906;7,495280533;09.09.;Sun;Low;Off-Peak;;;;
6036;140,7906;7,495280533;09.09.;Sun;Low;Off-Peak;;;;
6037;140,7906;7,495280533;09.09.;Sun;Low;Off-Peak;;;;
6038;140,7906;7,495280533;09.09.;Sun;Low;Off-Peak;;;;
6039;140,7906;7,495280533;09.09.;Sun;Low;Off-Peak;;;;
6040;140,7906;7,495280533;09.09.;Sun;Low;Off-Peak;;;;
6041;140,7906;7,495280533;09.09.;Sun;Low;Off-Peak;;;;
6042;140,7906;7,495280533;09.09.;Sun;Low;Off-Peak;;;;
6043;197,1252;10,49437018;09.09.;Sun;Low;Standard;;;;
6044;197,1252;10,49437018;09.09.;Sun;Low;Standard;;;;
6045;140,7906;7,495280533;09.09.;Sun;Low;Off-Peak;;;;
6046;140,7906;7,495280533;09.09.;Sun;Low;Off-Peak;;;;
6047;140,7906;7,495280533;09.09.;Sun;Low;Off-Peak;;;;
6048;140,7906;7,495280533;09.09.;Sun;Low;Off-Peak;;;;
6049;140,7906;7,495280533;10.09.;Mon;Low;Off-Peak;;;;
6050;140,7906;7,495280533;10.09.;Mon;Low;Off-Peak;;;;
6051;140,7906;7,495280533;10.09.;Mon;Low;Off-Peak;;;;
6052;140,7906;7,495280533;10.09.;Mon;Low;Off-Peak;;;;
6053;140,7906;7,495280533;10.09.;Mon;Low;Off-Peak;;;;
6054;140,7906;7,495280533;10.09.;Mon;Low;Off-Peak;;;;
6055;197,1252;10,49437018;10.09.;Mon;Low;Standard;;;;
6056;350,5944;18,66462236;10.09.;Mon;Low;Peak;;;;
6057;350,5944;18,66462236;10.09.;Mon;Low;Peak;;;;
6058;197,1252;10,49437018;10.09.;Mon;Low;Standard;;;;
6059;197,1252;10,49437018;10.09.;Mon;Low;Standard;;;;
6060;197,1252;10,49437018;10.09.;Mon;Low;Standard;;;;
6061;197,1252;10,49437018;10.09.;Mon;Low;Standard;;;;
6062;197,1252;10,49437018;10.09.;Mon;Low;Standard;;;;
6063;197,1252;10,49437018;10.09.;Mon;Low;Standard;;;;
6064;197,1252;10,49437018;10.09.;Mon;Low;Standard;;;;
6065;197,1252;10,49437018;10.09.;Mon;Low;Standard;;;;
6066;197,1252;10,49437018;10.09.;Mon;Low;Standard;;;;
6067;350,5944;18,66462236;10.09.;Mon;Low;Peak;;;;
6068;350,5944;18,66462236;10.09.;Mon;Low;Peak;;;;
6069;350,5944;18,66462236;10.09.;Mon;Low;Peak;;;;
6070;197,1252;10,49437018;10.09.;Mon;Low;Standard;;;;
6071;140,7906;7,495280533;10.09.;Mon;Low;Off-Peak;;;;
6072;140,7906;7,495280533;10.09.;Mon;Low;Off-Peak;;;;
6073;140,7906;7,495280533;11.09.;Tue;Low;Off-Peak;;;;
6074;140,7906;7,495280533;11.09.;Tue;Low;Off-Peak;;;;
6075;140,7906;7,495280533;11.09.;Tue;Low;Off-Peak;;;;
6076;140,7906;7,495280533;11.09.;Tue;Low;Off-Peak;;;;
6077;140,7906;7,495280533;11.09.;Tue;Low;Off-Peak;;;;
6078;140,7906;7,495280533;11.09.;Tue;Low;Off-Peak;;;;
6079;197,1252;10,49437018;11.09.;Tue;Low;Standard;;;;
6080;350,5944;18,66462236;11.09.;Tue;Low;Peak;;;;
6081;350,5944;18,66462236;11.09.;Tue;Low;Peak;;;;
6082;197,1252;10,49437018;11.09.;Tue;Low;Standard;;;;
6083;197,1252;10,49437018;11.09.;Tue;Low;Standard;;;;
6084;197,1252;10,49437018;11.09.;Tue;Low;Standard;;;;
6085;197,1252;10,49437018;11.09.;Tue;Low;Standard;;;;
6086;197,1252;10,49437018;11.09.;Tue;Low;Standard;;;;
6087;197,1252;10,49437018;11.09.;Tue;Low;Standard;;;;
6088;197,1252;10,49437018;11.09.;Tue;Low;Standard;;;;
6089;197,1252;10,49437018;11.09.;Tue;Low;Standard;;;;
6090;197,1252;10,49437018;11.09.;Tue;Low;Standard;;;;
6091;350,5944;18,66462236;11.09.;Tue;Low;Peak;;;;
6092;350,5944;18,66462236;11.09.;Tue;Low;Peak;;;;
6093;350,5944;18,66462236;11.09.;Tue;Low;Peak;;;;
6094;197,1252;10,49437018;11.09.;Tue;Low;Standard;;;;
6095;140,7906;7,495280533;11.09.;Tue;Low;Off-Peak;;;;
6096;140,7906;7,495280533;11.09.;Tue;Low;Off-Peak;;;;
6097;140,7906;7,495280533;12.09.;Wed;Low;Off-Peak;;;;
6098;140,7906;7,495280533;12.09.;Wed;Low;Off-Peak;;;;
6099;140,7906;7,495280533;12.09.;Wed;Low;Off-Peak;;;;
6100;140,7906;7,495280533;12.09.;Wed;Low;Off-Peak;;;;
6101;140,7906;7,495280533;12.09.;Wed;Low;Off-Peak;;;;
6102;140,7906;7,495280533;12.09.;Wed;Low;Off-Peak;;;;
6103;197,1252;10,49437018;12.09.;Wed;Low;Standard;;;;
6104;350,5944;18,66462236;12.09.;Wed;Low;Peak;;;;
6105;350,5944;18,66462236;12.09.;Wed;Low;Peak;;;;
6106;197,1252;10,49437018;12.09.;Wed;Low;Standard;;;;
6107;197,1252;10,49437018;12.09.;Wed;Low;Standard;;;;
6108;197,1252;10,49437018;12.09.;Wed;Low;Standard;;;;
6109;197,1252;10,49437018;12.09.;Wed;Low;Standard;;;;
6110;197,1252;10,49437018;12.09.;Wed;Low;Standard;;;;
6111;197,1252;10,49437018;12.09.;Wed;Low;Standard;;;;
6112;197,1252;10,49437018;12.09.;Wed;Low;Standard;;;;
6113;197,1252;10,49437018;12.09.;Wed;Low;Standard;;;;
6114;197,1252;10,49437018;12.09.;Wed;Low;Standard;;;;
6115;350,5944;18,66462236;12.09.;Wed;Low;Peak;;;;
6116;350,5944;18,66462236;12.09.;Wed;Low;Peak;;;;
6117;350,5944;18,66462236;12.09.;Wed;Low;Peak;;;;
6118;197,1252;10,49437018;12.09.;Wed;Low;Standard;;;;
6119;140,7906;7,495280533;12.09.;Wed;Low;Off-Peak;;;;
6120;140,7906;7,495280533;12.09.;Wed;Low;Off-Peak;;;;
6121;140,7906;7,495280533;13.09.;Thu;Low;Off-Peak;;;;
6122;140,7906;7,495280533;13.09.;Thu;Low;Off-Peak;;;;
6123;140,7906;7,495280533;13.09.;Thu;Low;Off-Peak;;;;
6124;140,7906;7,495280533;13.09.;Thu;Low;Off-Peak;;;;
6125;140,7906;7,495280533;13.09.;Thu;Low;Off-Peak;;;;
6126;140,7906;7,495280533;13.09.;Thu;Low;Off-Peak;;;;
6127;197,1252;10,49437018;13.09.;Thu;Low;Standard;;;;
6128;350,5944;18,66462236;13.09.;Thu;Low;Peak;;;;
6129;350,5944;18,66462236;13.09.;Thu;Low;Peak;;;;
6130;197,1252;10,49437018;13.09.;Thu;Low;Standard;;;;
6131;197,1252;10,49437018;13.09.;Thu;Low;Standard;;;;
6132;197,1252;10,49437018;13.09.;Thu;Low;Standard;;;;
6133;197,1252;10,49437018;13.09.;Thu;Low;Standard;;;;
6134;197,1252;10,49437018;13.09.;Thu;Low;Standard;;;;
6135;197,1252;10,49437018;13.09.;Thu;Low;Standard;;;;
6136;197,1252;10,49437018;13.09.;Thu;Low;Standard;;;;
6137;197,1252;10,49437018;13.09.;Thu;Low;Standard;;;;
6138;197,1252;10,49437018;13.09.;Thu;Low;Standard;;;;
6139;350,5944;18,66462236;13.09.;Thu;Low;Peak;;;;
6140;350,5944;18,66462236;13.09.;Thu;Low;Peak;;;;
6141;350,5944;18,66462236;13.09.;Thu;Low;Peak;;;;
6142;197,1252;10,49437018;13.09.;Thu;Low;Standard;;;;
6143;140,7906;7,495280533;13.09.;Thu;Low;Off-Peak;;;;
6144;140,7906;7,495280533;13.09.;Thu;Low;Off-Peak;;;;
6145;140,7906;7,495280533;14.09.;Fri;Low;Off-Peak;;;;
6146;140,7906;7,495280533;14.09.;Fri;Low;Off-Peak;;;;
6147;140,7906;7,495280533;14.09.;Fri;Low;Off-Peak;;;;
6148;140,7906;7,495280533;14.09.;Fri;Low;Off-Peak;;;;
6149;140,7906;7,495280533;14.09.;Fri;Low;Off-Peak;;;;
6150;140,7906;7,495280533;14.09.;Fri;Low;Off-Peak;;;;
6151;197,1252;10,49437018;14.09.;Fri;Low;Standard;;;;
6152;350,5944;18,66462236;14.09.;Fri;Low;Peak;;;;
6153;350,5944;18,66462236;14.09.;Fri;Low;Peak;;;;
6154;197,1252;10,49437018;14.09.;Fri;Low;Standard;;;;
6155;197,1252;10,49437018;14.09.;Fri;Low;Standard;;;;
6156;197,1252;10,49437018;14.09.;Fri;Low;Standard;;;;
6157;197,1252;10,49437018;14.09.;Fri;Low;Standard;;;;
6158;197,1252;10,49437018;14.09.;Fri;Low;Standard;;;;
6159;197,1252;10,49437018;14.09.;Fri;Low;Standard;;;;
6160;197,1252;10,49437018;14.09.;Fri;Low;Standard;;;;
6161;197,1252;10,49437018;14.09.;Fri;Low;Standard;;;;
6162;197,1252;10,49437018;14.09.;Fri;Low;Standard;;;;
6163;350,5944;18,66462236;14.09.;Fri;Low;Peak;;;;
6164;350,5944;18,66462236;14.09.;Fri;Low;Peak;;;;
6165;350,5944;18,66462236;14.09.;Fri;Low;Peak;;;;
6166;197,1252;10,49437018;14.09.;Fri;Low;Standard;;;;
6167;140,7906;7,495280533;14.09.;Fri;Low;Off-Peak;;;;
6168;140,7906;7,495280533;14.09.;Fri;Low;Off-Peak;;;;
6169;140,7906;7,495280533;15.09.;Sat;Low;Off-Peak;;;;
6170;140,7906;7,495280533;15.09.;Sat;Low;Off-Peak;;;;
6171;140,7906;7,495280533;15.09.;Sat;Low;Off-Peak;;;;
6172;140,7906;7,495280533;15.09.;Sat;Low;Off-Peak;;;;
6173;140,7906;7,495280533;15.09.;Sat;Low;Off-Peak;;;;
6174;140,7906;7,495280533;15.09.;Sat;Low;Off-Peak;;;;
6175;140,7906;7,495280533;15.09.;Sat;Low;Off-Peak;;;;
6176;197,1252;10,49437018;15.09.;Sat;Low;Standard;;;;
6177;197,1252;10,49437018;15.09.;Sat;Low;Standard;;;;
6178;197,1252;10,49437018;15.09.;Sat;Low;Standard;;;;
6179;197,1252;10,49437018;15.09.;Sat;Low;Standard;;;;
6180;197,1252;10,49437018;15.09.;Sat;Low;Standard;;;;
6181;140,7906;7,495280533;15.09.;Sat;Low;Off-Peak;;;;
6182;140,7906;7,495280533;15.09.;Sat;Low;Off-Peak;;;;
6183;140,7906;7,495280533;15.09.;Sat;Low;Off-Peak;;;;
6184;140,7906;7,495280533;15.09.;Sat;Low;Off-Peak;;;;
6185;140,7906;7,495280533;15.09.;Sat;Low;Off-Peak;;;;
6186;140,7906;7,495280533;15.09.;Sat;Low;Off-Peak;;;;
6187;197,1252;10,49437018;15.09.;Sat;Low;Standard;;;;
6188;197,1252;10,49437018;15.09.;Sat;Low;Standard;;;;
6189;140,7906;7,495280533;15.09.;Sat;Low;Off-Peak;;;;
6190;140,7906;7,495280533;15.09.;Sat;Low;Off-Peak;;;;
6191;140,7906;7,495280533;15.09.;Sat;Low;Off-Peak;;;;
6192;140,7906;7,495280533;15.09.;Sat;Low;Off-Peak;;;;
6193;140,7906;7,495280533;16.09.;Sun;Low;Off-Peak;;;;
6194;140,7906;7,495280533;16.09.;Sun;Low;Off-Peak;;;;
6195;140,7906;7,495280533;16.09.;Sun;Low;Off-Peak;;;;
6196;140,7906;7,495280533;16.09.;Sun;Low;Off-Peak;;;;
6197;140,7906;7,495280533;16.09.;Sun;Low;Off-Peak;;;;
6198;140,7906;7,495280533;16.09.;Sun;Low;Off-Peak;;;;
6199;140,7906;7,495280533;16.09.;Sun;Low;Off-Peak;;;;
6200;140,7906;7,495280533;16.09.;Sun;Low;Off-Peak;;;;
6201;140,7906;7,495280533;16.09.;Sun;Low;Off-Peak;;;;
6202;140,7906;7,495280533;16.09.;Sun;Low;Off-Peak;;;;
6203;140,7906;7,495280533;16.09.;Sun;Low;Off-Peak;;;;
6204;140,7906;7,495280533;16.09.;Sun;Low;Off-Peak;;;;
6205;140,7906;7,495280533;16.09.;Sun;Low;Off-Peak;;;;
6206;140,7906;7,495280533;16.09.;Sun;Low;Off-Peak;;;;
6207;140,7906;7,495280533;16.09.;Sun;Low;Off-Peak;;;;
6208;140,7906;7,495280533;16.09.;Sun;Low;Off-Peak;;;;
6209;140,7906;7,495280533;16.09.;Sun;Low;Off-Peak;;;;
6210;140,7906;7,495280533;16.09.;Sun;Low;Off-Peak;;;;
6211;197,1252;10,49437018;16.09.;Sun;Low;Standard;;;;
6212;197,1252;10,49437018;16.09.;Sun;Low;Standard;;;;
6213;140,7906;7,495280533;16.09.;Sun;Low;Off-Peak;;;;
6214;140,7906;7,495280533;16.09.;Sun;Low;Off-Peak;;;;
6215;140,7906;7,495280533;16.09.;Sun;Low;Off-Peak;;;;
6216;140,7906;7,495280533;16.09.;Sun;Low;Off-Peak;;;;
6217;140,7906;7,495280533;17.09.;Mon;Low;Off-Peak;;;;
6218;140,7906;7,495280533;17.09.;Mon;Low;Off-Peak;;;;
6219;140,7906;7,495280533;17.09.;Mon;Low;Off-Peak;;;;
6220;140,7906;7,495280533;17.09.;Mon;Low;Off-Peak;;;;
6221;140,7906;7,495280533;17.09.;Mon;Low;Off-Peak;;;;
6222;140,7906;7,495280533;17.09.;Mon;Low;Off-Peak;;;;
6223;197,1252;10,49437018;17.09.;Mon;Low;Standard;;;;
6224;350,5944;18,66462236;17.09.;Mon;Low;Peak;;;;
6225;350,5944;18,66462236;17.09.;Mon;Low;Peak;;;;
6226;197,1252;10,49437018;17.09.;Mon;Low;Standard;;;;
6227;197,1252;10,49437018;17.09.;Mon;Low;Standard;;;;
6228;197,1252;10,49437018;17.09.;Mon;Low;Standard;;;;
6229;197,1252;10,49437018;17.09.;Mon;Low;Standard;;;;
6230;197,1252;10,49437018;17.09.;Mon;Low;Standard;;;;
6231;197,1252;10,49437018;17.09.;Mon;Low;Standard;;;;
6232;197,1252;10,49437018;17.09.;Mon;Low;Standard;;;;
6233;197,1252;10,49437018;17.09.;Mon;Low;Standard;;;;
6234;197,1252;10,49437018;17.09.;Mon;Low;Standard;;;;
6235;350,5944;18,66462236;17.09.;Mon;Low;Peak;;;;
6236;350,5944;18,66462236;17.09.;Mon;Low;Peak;;;;
6237;350,5944;18,66462236;17.09.;Mon;Low;Peak;;;;
6238;197,1252;10,49437018;17.09.;Mon;Low;Standard;;;;
6239;140,7906;7,495280533;17.09.;Mon;Low;Off-Peak;;;;
6240;140,7906;7,495280533;17.09.;Mon;Low;Off-Peak;;;;
6241;140,7906;7,495280533;18.09.;Tue;Low;Off-Peak;;;;
6242;140,7906;7,495280533;18.09.;Tue;Low;Off-Peak;;;;
6243;140,7906;7,495280533;18.09.;Tue;Low;Off-Peak;;;;
6244;140,7906;7,495280533;18.09.;Tue;Low;Off-Peak;;;;
6245;140,7906;7,495280533;18.09.;Tue;Low;Off-Peak;;;;
6246;140,7906;7,495280533;18.09.;Tue;Low;Off-Peak;;;;
6247;197,1252;10,49437018;18.09.;Tue;Low;Standard;;;;
6248;350,5944;18,66462236;18.09.;Tue;Low;Peak;;;;
6249;350,5944;18,66462236;18.09.;Tue;Low;Peak;;;;
6250;197,1252;10,49437018;18.09.;Tue;Low;Standard;;;;
6251;197,1252;10,49437018;18.09.;Tue;Low;Standard;;;;
6252;197,1252;10,49437018;18.09.;Tue;Low;Standard;;;;
6253;197,1252;10,49437018;18.09.;Tue;Low;Standard;;;;
6254;197,1252;10,49437018;18.09.;Tue;Low;Standard;;;;
6255;197,1252;10,49437018;18.09.;Tue;Low;Standard;;;;
6256;197,1252;10,49437018;18.09.;Tue;Low;Standard;;;;
6257;197,1252;10,49437018;18.09.;Tue;Low;Standard;;;;
6258;197,1252;10,49437018;18.09.;Tue;Low;Standard;;;;
6259;350,5944;18,66462236;18.09.;Tue;Low;Peak;;;;
6260;350,5944;18,66462236;18.09.;Tue;Low;Peak;;;;
6261;350,5944;18,66462236;18.09.;Tue;Low;Peak;;;;
6262;197,1252;10,49437018;18.09.;Tue;Low;Standard;;;;
6263;140,7906;7,495280533;18.09.;Tue;Low;Off-Peak;;;;
6264;140,7906;7,495280533;18.09.;Tue;Low;Off-Peak;;;;
6265;140,7906;7,495280533;19.09.;Wed;Low;Off-Peak;;;;
6266;140,7906;7,495280533;19.09.;Wed;Low;Off-Peak;;;;
6267;140,7906;7,495280533;19.09.;Wed;Low;Off-Peak;;;;
6268;140,7906;7,495280533;19.09.;Wed;Low;Off-Peak;;;;
6269;140,7906;7,495280533;19.09.;Wed;Low;Off-Peak;;;;
6270;140,7906;7,495280533;19.09.;Wed;Low;Off-Peak;;;;
6271;197,1252;10,49437018;19.09.;Wed;Low;Standard;;;;
6272;350,5944;18,66462236;19.09.;Wed;Low;Peak;;;;
6273;350,5944;18,66462236;19.09.;Wed;Low;Peak;;;;
6274;197,1252;10,49437018;19.09.;Wed;Low;Standard;;;;
6275;197,1252;10,49437018;19.09.;Wed;Low;Standard;;;;
6276;197,1252;10,49437018;19.09.;Wed;Low;Standard;;;;
6277;197,1252;10,49437018;19.09.;Wed;Low;Standard;;;;
6278;197,1252;10,49437018;19.09.;Wed;Low;Standard;;;;
6279;197,1252;10,49437018;19.09.;Wed;Low;Standard;;;;
6280;197,1252;10,49437018;19.09.;Wed;Low;Standard;;;;
6281;197,1252;10,49437018;19.09.;Wed;Low;Standard;;;;
6282;197,1252;10,49437018;19.09.;Wed;Low;Standard;;;;
6283;350,5944;18,66462236;19.09.;Wed;Low;Peak;;;;
6284;350,5944;18,66462236;19.09.;Wed;Low;Peak;;;;
6285;350,5944;18,66462236;19.09.;Wed;Low;Peak;;;;
6286;197,1252;10,49437018;19.09.;Wed;Low;Standard;;;;
6287;140,7906;7,495280533;19.09.;Wed;Low;Off-Peak;;;;
6288;140,7906;7,495280533;19.09.;Wed;Low;Off-Peak;;;;
6289;140,7906;7,495280533;20.09.;Thu;Low;Off-Peak;;;;
6290;140,7906;7,495280533;20.09.;Thu;Low;Off-Peak;;;;
6291;140,7906;7,495280533;20.09.;Thu;Low;Off-Peak;;;;
6292;140,7906;7,495280533;20.09.;Thu;Low;Off-Peak;;;;
6293;140,7906;7,495280533;20.09.;Thu;Low;Off-Peak;;;;
6294;140,7906;7,495280533;20.09.;Thu;Low;Off-Peak;;;;
6295;197,1252;10,49437018;20.09.;Thu;Low;Standard;;;;
6296;350,5944;18,66462236;20.09.;Thu;Low;Peak;;;;
6297;350,5944;18,66462236;20.09.;Thu;Low;Peak;;;;
6298;197,1252;10,49437018;20.09.;Thu;Low;Standard;;;;
6299;197,1252;10,49437018;20.09.;Thu;Low;Standard;;;;
6300;197,1252;10,49437018;20.09.;Thu;Low;Standard;;;;
6301;197,1252;10,49437018;20.09.;Thu;Low;Standard;;;;
6302;197,1252;10,49437018;20.09.;Thu;Low;Standard;;;;
6303;197,1252;10,49437018;20.09.;Thu;Low;Standard;;;;
6304;197,1252;10,49437018;20.09.;Thu;Low;Standard;;;;
6305;197,1252;10,49437018;20.09.;Thu;Low;Standard;;;;
6306;197,1252;10,49437018;20.09.;Thu;Low;Standard;;;;
6307;350,5944;18,66462236;20.09.;Thu;Low;Peak;;;;
6308;350,5944;18,66462236;20.09.;Thu;Low;Peak;;;;
6309;350,5944;18,66462236;20.09.;Thu;Low;Peak;;;;
6310;197,1252;10,49437018;20.09.;Thu;Low;Standard;;;;
6311;140,7906;7,495280533;20.09.;Thu;Low;Off-Peak;;;;
6312;140,7906;7,495280533;20.09.;Thu;Low;Off-Peak;;;;
6313;140,7906;7,495280533;21.09.;Fri;Low;Off-Peak;;;;
6314;140,7906;7,495280533;21.09.;Fri;Low;Off-Peak;;;;
6315;140,7906;7,495280533;21.09.;Fri;Low;Off-Peak;;;;
6316;140,7906;7,495280533;21.09.;Fri;Low;Off-Peak;;;;
6317;140,7906;7,495280533;21.09.;Fri;Low;Off-Peak;;;;
6318;140,7906;7,495280533;21.09.;Fri;Low;Off-Peak;;;;
6319;197,1252;10,49437018;21.09.;Fri;Low;Standard;;;;
6320;350,5944;18,66462236;21.09.;Fri;Low;Peak;;;;
6321;350,5944;18,66462236;21.09.;Fri;Low;Peak;;;;
6322;197,1252;10,49437018;21.09.;Fri;Low;Standard;;;;
6323;197,1252;10,49437018;21.09.;Fri;Low;Standard;;;;
6324;197,1252;10,49437018;21.09.;Fri;Low;Standard;;;;
6325;197,1252;10,49437018;21.09.;Fri;Low;Standard;;;;
6326;197,1252;10,49437018;21.09.;Fri;Low;Standard;;;;
6327;197,1252;10,49437018;21.09.;Fri;Low;Standard;;;;
6328;197,1252;10,49437018;21.09.;Fri;Low;Standard;;;;
6329;197,1252;10,49437018;21.09.;Fri;Low;Standard;;;;
6330;197,1252;10,49437018;21.09.;Fri;Low;Standard;;;;
6331;350,5944;18,66462236;21.09.;Fri;Low;Peak;;;;
6332;350,5944;18,66462236;21.09.;Fri;Low;Peak;;;;
6333;350,5944;18,66462236;21.09.;Fri;Low;Peak;;;;
6334;197,1252;10,49437018;21.09.;Fri;Low;Standard;;;;
6335;140,7906;7,495280533;21.09.;Fri;Low;Off-Peak;;;;
6336;140,7906;7,495280533;21.09.;Fri;Low;Off-Peak;;;;
6337;140,7906;7,495280533;22.09.;Sat;Low;Off-Peak;;;;
6338;140,7906;7,495280533;22.09.;Sat;Low;Off-Peak;;;;
6339;140,7906;7,495280533;22.09.;Sat;Low;Off-Peak;;;;
6340;140,7906;7,495280533;22.09.;Sat;Low;Off-Peak;;;;
6341;140,7906;7,495280533;22.09.;Sat;Low;Off-Peak;;;;
6342;140,7906;7,495280533;22.09.;Sat;Low;Off-Peak;;;;
6343;140,7906;7,495280533;22.09.;Sat;Low;Off-Peak;;;;
6344;197,1252;10,49437018;22.09.;Sat;Low;Standard;;;;
6345;197,1252;10,49437018;22.09.;Sat;Low;Standard;;;;
6346;197,1252;10,49437018;22.09.;Sat;Low;Standard;;;;
6347;197,1252;10,49437018;22.09.;Sat;Low;Standard;;;;
6348;197,1252;10,49437018;22.09.;Sat;Low;Standard;;;;
6349;140,7906;7,495280533;22.09.;Sat;Low;Off-Peak;;;;
6350;140,7906;7,495280533;22.09.;Sat;Low;Off-Peak;;;;
6351;140,7906;7,495280533;22.09.;Sat;Low;Off-Peak;;;;
6352;140,7906;7,495280533;22.09.;Sat;Low;Off-Peak;;;;
6353;140,7906;7,495280533;22.09.;Sat;Low;Off-Peak;;;;
6354;140,7906;7,495280533;22.09.;Sat;Low;Off-Peak;;;;
6355;197,1252;10,49437018;22.09.;Sat;Low;Standard;;;;
6356;197,1252;10,49437018;22.09.;Sat;Low;Standard;;;;
6357;140,7906;7,495280533;22.09.;Sat;Low;Off-Peak;;;;
6358;140,7906;7,495280533;22.09.;Sat;Low;Off-Peak;;;;
6359;140,7906;7,495280533;22.09.;Sat;Low;Off-Peak;;;;
6360;140,7906;7,495280533;22.09.;Sat;Low;Off-Peak;;;;
6361;140,7906;7,495280533;23.09.;Sun;Low;Off-Peak;;;;
6362;140,7906;7,495280533;23.09.;Sun;Low;Off-Peak;;;;
6363;140,7906;7,495280533;23.09.;Sun;Low;Off-Peak;;;;
6364;140,7906;7,495280533;23.09.;Sun;Low;Off-Peak;;;;
6365;140,7906;7,495280533;23.09.;Sun;Low;Off-Peak;;;;
6366;140,7906;7,495280533;23.09.;Sun;Low;Off-Peak;;;;
6367;140,7906;7,495280533;23.09.;Sun;Low;Off-Peak;;;;
6368;140,7906;7,495280533;23.09.;Sun;Low;Off-Peak;;;;
6369;140,7906;7,495280533;23.09.;Sun;Low;Off-Peak;;;;
6370;140,7906;7,495280533;23.09.;Sun;Low;Off-Peak;;;;
6371;140,7906;7,495280533;23.09.;Sun;Low;Off-Peak;;;;
6372;140,7906;7,495280533;23.09.;Sun;Low;Off-Peak;;;;
6373;140,7906;7,495280533;23.09.;Sun;Low;Off-Peak;;;;
6374;140,7906;7,495280533;23.09.;Sun;Low;Off-Peak;;;;
6375;140,7906;7,495280533;23.09.;Sun;Low;Off-Peak;;;;
6376;140,7906;7,495280533;23.09.;Sun;Low;Off-Peak;;;;
6377;140,7906;7,495280533;23.09.;Sun;Low;Off-Peak;;;;
6378;140,7906;7,495280533;23.09.;Sun;Low;Off-Peak;;;;
6379;197,1252;10,49437018;23.09.;Sun;Low;Standard;;;;
6380;197,1252;10,49437018;23.09.;Sun;Low;Standard;;;;
6381;140,7906;7,495280533;23.09.;Sun;Low;Off-Peak;;;;
6382;140,7906;7,495280533;23.09.;Sun;Low;Off-Peak;;;;
6383;140,7906;7,495280533;23.09.;Sun;Low;Off-Peak;;;;
6384;140,7906;7,495280533;23.09.;Sun;Low;Off-Peak;;;;
6385;140,7906;7,495280533;24.09.;Mon;Low;Off-Peak;;;;
6386;140,7906;7,495280533;24.09.;Mon;Low;Off-Peak;;;;
6387;140,7906;7,495280533;24.09.;Mon;Low;Off-Peak;;;;
6388;140,7906;7,495280533;24.09.;Mon;Low;Off-Peak;;;;
6389;140,7906;7,495280533;24.09.;Mon;Low;Off-Peak;;;;
6390;140,7906;7,495280533;24.09.;Mon;Low;Off-Peak;;;;
6391;197,1252;10,49437018;24.09.;Mon;Low;Standard;;;;
6392;350,5944;18,66462236;24.09.;Mon;Low;Peak;;;;
6393;350,5944;18,66462236;24.09.;Mon;Low;Peak;;;;
6394;197,1252;10,49437018;24.09.;Mon;Low;Standard;;;;
6395;197,1252;10,49437018;24.09.;Mon;Low;Standard;;;;
6396;197,1252;10,49437018;24.09.;Mon;Low;Standard;;;;
6397;197,1252;10,49437018;24.09.;Mon;Low;Standard;;;;
6398;197,1252;10,49437018;24.09.;Mon;Low;Standard;;;;
6399;197,1252;10,49437018;24.09.;Mon;Low;Standard;;;;
6400;197,1252;10,49437018;24.09.;Mon;Low;Standard;;;;
6401;197,1252;10,49437018;24.09.;Mon;Low;Standard;;;;
6402;197,1252;10,49437018;24.09.;Mon;Low;Standard;;;;
6403;350,5944;18,66462236;24.09.;Mon;Low;Peak;;;;
6404;350,5944;18,66462236;24.09.;Mon;Low;Peak;;;;
6405;350,5944;18,66462236;24.09.;Mon;Low;Peak;;;;
6406;197,1252;10,49437018;24.09.;Mon;Low;Standard;;;;
6407;140,7906;7,495280533;24.09.;Mon;Low;Off-Peak;;;;
6408;140,7906;7,495280533;24.09.;Mon;Low;Off-Peak;;;;
6409;140,7906;7,495280533;25.09.;Tue;Low;Off-Peak;;;;
6410;140,7906;7,495280533;25.09.;Tue;Low;Off-Peak;;;;
6411;140,7906;7,495280533;25.09.;Tue;Low;Off-Peak;;;;
6412;140,7906;7,495280533;25.09.;Tue;Low;Off-Peak;;;;
6413;140,7906;7,495280533;25.09.;Tue;Low;Off-Peak;;;;
6414;140,7906;7,495280533;25.09.;Tue;Low;Off-Peak;;;;
6415;197,1252;10,49437018;25.09.;Tue;Low;Standard;;;;
6416;350,5944;18,66462236;25.09.;Tue;Low;Peak;;;;
6417;350,5944;18,66462236;25.09.;Tue;Low;Peak;;;;
6418;197,1252;10,49437018;25.09.;Tue;Low;Standard;;;;
6419;197,1252;10,49437018;25.09.;Tue;Low;Standard;;;;
6420;197,1252;10,49437018;25.09.;Tue;Low;Standard;;;;
6421;197,1252;10,49437018;25.09.;Tue;Low;Standard;;;;
6422;197,1252;10,49437018;25.09.;Tue;Low;Standard;;;;
6423;197,1252;10,49437018;25.09.;Tue;Low;Standard;;;;
6424;197,1252;10,49437018;25.09.;Tue;Low;Standard;;;;
6425;197,1252;10,49437018;25.09.;Tue;Low;Standard;;;;
6426;197,1252;10,49437018;25.09.;Tue;Low;Standard;;;;
6427;350,5944;18,66462236;25.09.;Tue;Low;Peak;;;;
6428;350,5944;18,66462236;25.09.;Tue;Low;Peak;;;;
6429;350,5944;18,66462236;25.09.;Tue;Low;Peak;;;;
6430;197,1252;10,49437018;25.09.;Tue;Low;Standard;;;;
6431;140,7906;7,495280533;25.09.;Tue;Low;Off-Peak;;;;
6432;140,7906;7,495280533;25.09.;Tue;Low;Off-Peak;;;;
6433;140,7906;7,495280533;26.09.;Wed;Low;Off-Peak;;;;
6434;140,7906;7,495280533;26.09.;Wed;Low;Off-Peak;;;;
6435;140,7906;7,495280533;26.09.;Wed;Low;Off-Peak;;;;
6436;140,7906;7,495280533;26.09.;Wed;Low;Off-Peak;;;;
6437;140,7906;7,495280533;26.09.;Wed;Low;Off-Peak;;;;
6438;140,7906;7,495280533;26.09.;Wed;Low;Off-Peak;;;;
6439;197,1252;10,49437018;26.09.;Wed;Low;Standard;;;;
6440;350,5944;18,66462236;26.09.;Wed;Low;Peak;;;;
6441;350,5944;18,66462236;26.09.;Wed;Low;Peak;;;;
6442;197,1252;10,49437018;26.09.;Wed;Low;Standard;;;;
6443;197,1252;10,49437018;26.09.;Wed;Low;Standard;;;;
6444;197,1252;10,49437018;26.09.;Wed;Low;Standard;;;;
6445;197,1252;10,49437018;26.09.;Wed;Low;Standard;;;;
6446;197,1252;10,49437018;26.09.;Wed;Low;Standard;;;;
6447;197,1252;10,49437018;26.09.;Wed;Low;Standard;;;;
6448;197,1252;10,49437018;26.09.;Wed;Low;Standard;;;;
6449;197,1252;10,49437018;26.09.;Wed;Low;Standard;;;;
6450;197,1252;10,49437018;26.09.;Wed;Low;Standard;;;;
6451;350,5944;18,66462236;26.09.;Wed;Low;Peak;;;;
6452;350,5944;18,66462236;26.09.;Wed;Low;Peak;;;;
6453;350,5944;18,66462236;26.09.;Wed;Low;Peak;;;;
6454;197,1252;10,49437018;26.09.;Wed;Low;Standard;;;;
6455;140,7906;7,495280533;26.09.;Wed;Low;Off-Peak;;;;
6456;140,7906;7,495280533;26.09.;Wed;Low;Off-Peak;;;;
6457;140,7906;7,495280533;27.09.;Thu;Low;Off-Peak;;;;
6458;140,7906;7,495280533;27.09.;Thu;Low;Off-Peak;;;;
6459;140,7906;7,495280533;27.09.;Thu;Low;Off-Peak;;;;
6460;140,7906;7,495280533;27.09.;Thu;Low;Off-Peak;;;;
6461;140,7906;7,495280533;27.09.;Thu;Low;Off-Peak;;;;
6462;140,7906;7,495280533;27.09.;Thu;Low;Off-Peak;;;;
6463;197,1252;10,49437018;27.09.;Thu;Low;Standard;;;;
6464;350,5944;18,66462236;27.09.;Thu;Low;Peak;;;;
6465;350,5944;18,66462236;27.09.;Thu;Low;Peak;;;;
6466;197,1252;10,49437018;27.09.;Thu;Low;Standard;;;;
6467;197,1252;10,49437018;27.09.;Thu;Low;Standard;;;;
6468;197,1252;10,49437018;27.09.;Thu;Low;Standard;;;;
6469;197,1252;10,49437018;27.09.;Thu;Low;Standard;;;;
6470;197,1252;10,49437018;27.09.;Thu;Low;Standard;;;;
6471;197,1252;10,49437018;27.09.;Thu;Low;Standard;;;;
6472;197,1252;10,49437018;27.09.;Thu;Low;Standard;;;;
6473;197,1252;10,49437018;27.09.;Thu;Low;Standard;;;;
6474;197,1252;10,49437018;27.09.;Thu;Low;Standard;;;;
6475;350,5944;18,66462236;27.09.;Thu;Low;Peak;;;;
6476;350,5944;18,66462236;27.09.;Thu;Low;Peak;;;;
6477;350,5944;18,66462236;27.09.;Thu;Low;Peak;;;;
6478;197,1252;10,49437018;27.09.;Thu;Low;Standard;;;;
6479;140,7906;7,495280533;27.09.;Thu;Low;Off-Peak;;;;
6480;140,7906;7,495280533;27.09.;Thu;Low;Off-Peak;;;;
6481;140,7906;7,495280533;28.09.;Fri;Low;Off-Peak;;;;
6482;140,7906;7,495280533;28.09.;Fri;Low;Off-Peak;;;;
6483;140,7906;7,495280533;28.09.;Fri;Low;Off-Peak;;;;
6484;140,7906;7,495280533;28.09.;Fri;Low;Off-Peak;;;;
6485;140,7906;7,495280533;28.09.;Fri;Low;Off-Peak;;;;
6486;140,7906;7,495280533;28.09.;Fri;Low;Off-Peak;;;;
6487;197,1252;10,49437018;28.09.;Fri;Low;Standard;;;;
6488;350,5944;18,66462236;28.09.;Fri;Low;Peak;;;;
6489;350,5944;18,66462236;28.09.;Fri;Low;Peak;;;;
6490;197,1252;10,49437018;28.09.;Fri;Low;Standard;;;;
6491;197,1252;10,49437018;28.09.;Fri;Low;Standard;;;;
6492;197,1252;10,49437018;28.09.;Fri;Low;Standard;;;;
6493;197,1252;10,49437018;28.09.;Fri;Low;Standard;;;;
6494;197,1252;10,49437018;28.09.;Fri;Low;Standard;;;;
6495;197,1252;10,49437018;28.09.;Fri;Low;Standard;;;;
6496;197,1252;10,49437018;28.09.;Fri;Low;Standard;;;;
6497;197,1252;10,49437018;28.09.;Fri;Low;Standard;;;;
6498;197,1252;10,49437018;28.09.;Fri;Low;Standard;;;;
6499;350,5944;18,66462236;28.09.;Fri;Low;Peak;;;;
6500;350,5944;18,66462236;28.09.;Fri;Low;Peak;;;;
6501;350,5944;18,66462236;28.09.;Fri;Low;Peak;;;;
6502;197,1252;10,49437018;28.09.;Fri;Low;Standard;;;;
6503;140,7906;7,495280533;28.09.;Fri;Low;Off-Peak;;;;
6504;140,7906;7,495280533;28.09.;Fri;Low;Off-Peak;;;;
6505;140,7906;7,495280533;29.09.;Sat;Low;Off-Peak;;;;
6506;140,7906;7,495280533;29.09.;Sat;Low;Off-Peak;;;;
6507;140,7906;7,495280533;29.09.;Sat;Low;Off-Peak;;;;
6508;140,7906;7,495280533;29.09.;Sat;Low;Off-Peak;;;;
6509;140,7906;7,495280533;29.09.;Sat;Low;Off-Peak;;;;
6510;140,7906;7,495280533;29.09.;Sat;Low;Off-Peak;;;;
6511;140,7906;7,495280533;29.09.;Sat;Low;Off-Peak;;;;
6512;197,1252;10,49437018;29.09.;Sat;Low;Standard;;;;
6513;197,1252;10,49437018;29.09.;Sat;Low;Standard;;;;
6514;197,1252;10,49437018;29.09.;Sat;Low;Standard;;;;
6515;197,1252;10,49437018;29.09.;Sat;Low;Standard;;;;
6516;197,1252;10,49437018;29.09.;Sat;Low;Standard;;;;
6517;140,7906;7,495280533;29.09.;Sat;Low;Off-Peak;;;;
6518;140,7906;7,495280533;29.09.;Sat;Low;Off-Peak;;;;
6519;140,7906;7,495280533;29.09.;Sat;Low;Off-Peak;;;;
6520;140,7906;7,495280533;29.09.;Sat;Low;Off-Peak;;;;
6521;140,7906;7,495280533;29.09.;Sat;Low;Off-Peak;;;;
6522;140,7906;7,495280533;29.09.;Sat;Low;Off-Peak;;;;
6523;197,1252;10,49437018;29.09.;Sat;Low;Standard;;;;
6524;197,1252;10,49437018;29.09.;Sat;Low;Standard;;;;
6525;140,7906;7,495280533;29.09.;Sat;Low;Off-Peak;;;;
6526;140,7906;7,495280533;29.09.;Sat;Low;Off-Peak;;;;
6527;140,7906;7,495280533;29.09.;Sat;Low;Off-Peak;;;;
6528;140,7906;7,495280533;29.09.;Sat;Low;Off-Peak;;;;
6529;140,7906;7,495280533;30.09.;Sun;Low;Off-Peak;;;;
6530;140,7906;7,495280533;30.09.;Sun;Low;Off-Peak;;;;
6531;140,7906;7,495280533;30.09.;Sun;Low;Off-Peak;;;;
6532;140,7906;7,495280533;30.09.;Sun;Low;Off-Peak;;;;
6533;140,7906;7,495280533;30.09.;Sun;Low;Off-Peak;;;;
6534;140,7906;7,495280533;30.09.;Sun;Low;Off-Peak;;;;
6535;140,7906;7,495280533;30.09.;Sun;Low;Off-Peak;;;;
6536;140,7906;7,495280533;30.09.;Sun;Low;Off-Peak;;;;
6537;140,7906;7,495280533;30.09.;Sun;Low;Off-Peak;;;;
6538;140,7906;7,495280533;30.09.;Sun;Low;Off-Peak;;;;
6539;140,7906;7,495280533;30.09.;Sun;Low;Off-Peak;;;;
6540;140,7906;7,495280533;30.09.;Sun;Low;Off-Peak;;;;
6541;140,7906;7,495280533;30.09.;Sun;Low;Off-Peak;;;;
6542;140,7906;7,495280533;30.09.;Sun;Low;Off-Peak;;;;
6543;140,7906;7,495280533;30.09.;Sun;Low;Off-Peak;;;;
6544;140,7906;7,495280533;30.09.;Sun;Low;Off-Peak;;;;
6545;140,7906;7,495280533;30.09.;Sun;Low;Off-Peak;;;;
6546;140,7906;7,495280533;30.09.;Sun;Low;Off-Peak;;;;
6547;197,1252;10,49437018;30.09.;Sun;Low;Standard;;;;
6548;197,1252;10,49437018;30.09.;Sun;Low;Standard;;;;
6549;140,7906;7,495280533;30.09.;Sun;Low;Off-Peak;;;;
6550;140,7906;7,495280533;30.09.;Sun;Low;Off-Peak;;;;
6551;140,7906;7,495280533;30.09.;Sun;Low;Off-Peak;;;;
6552;140,7906;7,495280533;30.09.;Sun;Low;Off-Peak;;;;
6553;140,7906;7,495280533;01.10.;Mon;Low;Off-Peak;;;;
6554;140,7906;7,495280533;01.10.;Mon;Low;Off-Peak;;;;
6555;140,7906;7,495280533;01.10.;Mon;Low;Off-Peak;;;;
6556;140,7906;7,495280533;01.10.;Mon;Low;Off-Peak;;;;
6557;140,7906;7,495280533;01.10.;Mon;Low;Off-Peak;;;;
6558;140,7906;7,495280533;01.10.;Mon;Low;Off-Peak;;;;
6559;197,1252;10,49437018;01.10.;Mon;Low;Standard;;;;
6560;350,5944;18,66462236;01.10.;Mon;Low;Peak;;;;
6561;350,5944;18,66462236;01.10.;Mon;Low;Peak;;;;
6562;197,1252;10,49437018;01.10.;Mon;Low;Standard;;;;
6563;197,1252;10,49437018;01.10.;Mon;Low;Standard;;;;
6564;197,1252;10,49437018;01.10.;Mon;Low;Standard;;;;
6565;197,1252;10,49437018;01.10.;Mon;Low;Standard;;;;
6566;197,1252;10,49437018;01.10.;Mon;Low;Standard;;;;
6567;197,1252;10,49437018;01.10.;Mon;Low;Standard;;;;
6568;197,1252;10,49437018;01.10.;Mon;Low;Standard;;;;
6569;197,1252;10,49437018;01.10.;Mon;Low;Standard;;;;
6570;197,1252;10,49437018;01.10.;Mon;Low;Standard;;;;
6571;350,5944;18,66462236;01.10.;Mon;Low;Peak;;;;
6572;350,5944;18,66462236;01.10.;Mon;Low;Peak;;;;
6573;350,5944;18,66462236;01.10.;Mon;Low;Peak;;;;
6574;197,1252;10,49437018;01.10.;Mon;Low;Standard;;;;
6575;140,7906;7,495280533;01.10.;Mon;Low;Off-Peak;;;;
6576;140,7906;7,495280533;01.10.;Mon;Low;Off-Peak;;;;
6577;140,7906;7,495280533;02.10.;Tue;Low;Off-Peak;;;;
6578;140,7906;7,495280533;02.10.;Tue;Low;Off-Peak;;;;
6579;140,7906;7,495280533;02.10.;Tue;Low;Off-Peak;;;;
6580;140,7906;7,495280533;02.10.;Tue;Low;Off-Peak;;;;
6581;140,7906;7,495280533;02.10.;Tue;Low;Off-Peak;;;;
6582;140,7906;7,495280533;02.10.;Tue;Low;Off-Peak;;;;
6583;197,1252;10,49437018;02.10.;Tue;Low;Standard;;;;
6584;350,5944;18,66462236;02.10.;Tue;Low;Peak;;;;
6585;350,5944;18,66462236;02.10.;Tue;Low;Peak;;;;
6586;197,1252;10,49437018;02.10.;Tue;Low;Standard;;;;
6587;197,1252;10,49437018;02.10.;Tue;Low;Standard;;;;
6588;197,1252;10,49437018;02.10.;Tue;Low;Standard;;;;
6589;197,1252;10,49437018;02.10.;Tue;Low;Standard;;;;
6590;197,1252;10,49437018;02.10.;Tue;Low;Standard;;;;
6591;197,1252;10,49437018;02.10.;Tue;Low;Standard;;;;
6592;197,1252;10,49437018;02.10.;Tue;Low;Standard;;;;
6593;197,1252;10,49437018;02.10.;Tue;Low;Standard;;;;
6594;197,1252;10,49437018;02.10.;Tue;Low;Standard;;;;
6595;350,5944;18,66462236;02.10.;Tue;Low;Peak;;;;
6596;350,5944;18,66462236;02.10.;Tue;Low;Peak;;;;
6597;350,5944;18,66462236;02.10.;Tue;Low;Peak;;;;
6598;197,1252;10,49437018;02.10.;Tue;Low;Standard;;;;
6599;140,7906;7,495280533;02.10.;Tue;Low;Off-Peak;;;;
6600;140,7906;7,495280533;02.10.;Tue;Low;Off-Peak;;;;
6601;140,7906;7,495280533;03.10.;Wed;Low;Off-Peak;;;;
6602;140,7906;7,495280533;03.10.;Wed;Low;Off-Peak;;;;
6603;140,7906;7,495280533;03.10.;Wed;Low;Off-Peak;;;;
6604;140,7906;7,495280533;03.10.;Wed;Low;Off-Peak;;;;
6605;140,7906;7,495280533;03.10.;Wed;Low;Off-Peak;;;;
6606;140,7906;7,495280533;03.10.;Wed;Low;Off-Peak;;;;
6607;197,1252;10,49437018;03.10.;Wed;Low;Standard;;;;
6608;350,5944;18,66462236;03.10.;Wed;Low;Peak;;;;
6609;350,5944;18,66462236;03.10.;Wed;Low;Peak;;;;
6610;197,1252;10,49437018;03.10.;Wed;Low;Standard;;;;
6611;197,1252;10,49437018;03.10.;Wed;Low;Standard;;;;
6612;197,1252;10,49437018;03.10.;Wed;Low;Standard;;;;
6613;197,1252;10,49437018;03.10.;Wed;Low;Standard;;;;
6614;197,1252;10,49437018;03.10.;Wed;Low;Standard;;;;
6615;197,1252;10,49437018;03.10.;Wed;Low;Standard;;;;
6616;197,1252;10,49437018;03.10.;Wed;Low;Standard;;;;
6617;197,1252;10,49437018;03.10.;Wed;Low;Standard;;;;
6618;197,1252;10,49437018;03.10.;Wed;Low;Standard;;;;
6619;350,5944;18,66462236;03.10.;Wed;Low;Peak;;;;
6620;350,5944;18,66462236;03.10.;Wed;Low;Peak;;;;
6621;350,5944;18,66462236;03.10.;Wed;Low;Peak;;;;
6622;197,1252;10,49437018;03.10.;Wed;Low;Standard;;;;
6623;140,7906;7,495280533;03.10.;Wed;Low;Off-Peak;;;;
6624;140,7906;7,495280533;03.10.;Wed;Low;Off-Peak;;;;
6625;140,7906;7,495280533;04.10.;Thu;Low;Off-Peak;;;;
6626;140,7906;7,495280533;04.10.;Thu;Low;Off-Peak;;;;
6627;140,7906;7,495280533;04.10.;Thu;Low;Off-Peak;;;;
6628;140,7906;7,495280533;04.10.;Thu;Low;Off-Peak;;;;
6629;140,7906;7,495280533;04.10.;Thu;Low;Off-Peak;;;;
6630;140,7906;7,495280533;04.10.;Thu;Low;Off-Peak;;;;
6631;197,1252;10,49437018;04.10.;Thu;Low;Standard;;;;
6632;350,5944;18,66462236;04.10.;Thu;Low;Peak;;;;
6633;350,5944;18,66462236;04.10.;Thu;Low;Peak;;;;
6634;197,1252;10,49437018;04.10.;Thu;Low;Standard;;;;
6635;197,1252;10,49437018;04.10.;Thu;Low;Standard;;;;
6636;197,1252;10,49437018;04.10.;Thu;Low;Standard;;;;
6637;197,1252;10,49437018;04.10.;Thu;Low;Standard;;;;
6638;197,1252;10,49437018;04.10.;Thu;Low;Standard;;;;
6639;197,1252;10,49437018;04.10.;Thu;Low;Standard;;;;
6640;197,1252;10,49437018;04.10.;Thu;Low;Standard;;;;
6641;197,1252;10,49437018;04.10.;Thu;Low;Standard;;;;
6642;197,1252;10,49437018;04.10.;Thu;Low;Standard;;;;
6643;350,5944;18,66462236;04.10.;Thu;Low;Peak;;;;
6644;350,5944;18,66462236;04.10.;Thu;Low;Peak;;;;
6645;350,5944;18,66462236;04.10.;Thu;Low;Peak;;;;
6646;197,1252;10,49437018;04.10.;Thu;Low;Standard;;;;
6647;140,7906;7,495280533;04.10.;Thu;Low;Off-Peak;;;;
6648;140,7906;7,495280533;04.10.;Thu;Low;Off-Peak;;;;
6649;140,7906;7,495280533;05.10.;Fri;Low;Off-Peak;;;;
6650;140,7906;7,495280533;05.10.;Fri;Low;Off-Peak;;;;
6651;140,7906;7,495280533;05.10.;Fri;Low;Off-Peak;;;;
6652;140,7906;7,495280533;05.10.;Fri;Low;Off-Peak;;;;
6653;140,7906;7,495280533;05.10.;Fri;Low;Off-Peak;;;;
6654;140,7906;7,495280533;05.10.;Fri;Low;Off-Peak;;;;
6655;197,1252;10,49437018;05.10.;Fri;Low;Standard;;;;
6656;350,5944;18,66462236;05.10.;Fri;Low;Peak;;;;
6657;350,5944;18,66462236;05.10.;Fri;Low;Peak;;;;
6658;197,1252;10,49437018;05.10.;Fri;Low;Standard;;;;
6659;197,1252;10,49437018;05.10.;Fri;Low;Standard;;;;
6660;197,1252;10,49437018;05.10.;Fri;Low;Standard;;;;
6661;197,1252;10,49437018;05.10.;Fri;Low;Standard;;;;
6662;197,1252;10,49437018;05.10.;Fri;Low;Standard;;;;
6663;197,1252;10,49437018;05.10.;Fri;Low;Standard;;;;
6664;197,1252;10,49437018;05.10.;Fri;Low;Standard;;;;
6665;197,1252;10,49437018;05.10.;Fri;Low;Standard;;;;
6666;197,1252;10,49437018;05.10.;Fri;Low;Standard;;;;
6667;350,5944;18,66462236;05.10.;Fri;Low;Peak;;;;
6668;350,5944;18,66462236;05.10.;Fri;Low;Peak;;;;
6669;350,5944;18,66462236;05.10.;Fri;Low;Peak;;;;
6670;197,1252;10,49437018;05.10.;Fri;Low;Standard;;;;
6671;140,7906;7,495280533;05.10.;Fri;Low;Off-Peak;;;;
6672;140,7906;7,495280533;05.10.;Fri;Low;Off-Peak;;;;
6673;140,7906;7,495280533;06.10.;Sat;Low;Off-Peak;;;;
6674;140,7906;7,495280533;06.10.;Sat;Low;Off-Peak;;;;
6675;140,7906;7,495280533;06.10.;Sat;Low;Off-Peak;;;;
6676;140,7906;7,495280533;06.10.;Sat;Low;Off-Peak;;;;
6677;140,7906;7,495280533;06.10.;Sat;Low;Off-Peak;;;;
6678;140,7906;7,495280533;06.10.;Sat;Low;Off-Peak;;;;
6679;140,7906;7,495280533;06.10.;Sat;Low;Off-Peak;;;;
6680;197,1252;10,49437018;06.10.;Sat;Low;Standard;;;;
6681;197,1252;10,49437018;06.10.;Sat;Low;Standard;;;;
6682;197,1252;10,49437018;06.10.;Sat;Low;Standard;;;;
6683;197,1252;10,49437018;06.10.;Sat;Low;Standard;;;;
6684;197,1252;10,49437018;06.10.;Sat;Low;Standard;;;;
6685;140,7906;7,495280533;06.10.;Sat;Low;Off-Peak;;;;
6686;140,7906;7,495280533;06.10.;Sat;Low;Off-Peak;;;;
6687;140,7906;7,495280533;06.10.;Sat;Low;Off-Peak;;;;
6688;140,7906;7,495280533;06.10.;Sat;Low;Off-Peak;;;;
6689;140,7906;7,495280533;06.10.;Sat;Low;Off-Peak;;;;
6690;140,7906;7,495280533;06.10.;Sat;Low;Off-Peak;;;;
6691;197,1252;10,49437018;06.10.;Sat;Low;Standard;;;;
6692;197,1252;10,49437018;06.10.;Sat;Low;Standard;;;;
6693;140,7906;7,495280533;06.10.;Sat;Low;Off-Peak;;;;
6694;140,7906;7,495280533;06.10.;Sat;Low;Off-Peak;;;;
6695;140,7906;7,495280533;06.10.;Sat;Low;Off-Peak;;;;
6696;140,7906;7,495280533;06.10.;Sat;Low;Off-Peak;;;;
6697;140,7906;7,495280533;07.10.;Sun;Low;Off-Peak;;;;
6698;140,7906;7,495280533;07.10.;Sun;Low;Off-Peak;;;;
6699;140,7906;7,495280533;07.10.;Sun;Low;Off-Peak;;;;
6700;140,7906;7,495280533;07.10.;Sun;Low;Off-Peak;;;;
6701;140,7906;7,495280533;07.10.;Sun;Low;Off-Peak;;;;
6702;140,7906;7,495280533;07.10.;Sun;Low;Off-Peak;;;;
6703;140,7906;7,495280533;07.10.;Sun;Low;Off-Peak;;;;
6704;140,7906;7,495280533;07.10.;Sun;Low;Off-Peak;;;;
6705;140,7906;7,495280533;07.10.;Sun;Low;Off-Peak;;;;
6706;140,7906;7,495280533;07.10.;Sun;Low;Off-Peak;;;;
6707;140,7906;7,495280533;07.10.;Sun;Low;Off-Peak;;;;
6708;140,7906;7,495280533;07.10.;Sun;Low;Off-Peak;;;;
6709;140,7906;7,495280533;07.10.;Sun;Low;Off-Peak;;;;
6710;140,7906;7,495280533;07.10.;Sun;Low;Off-Peak;;;;
6711;140,7906;7,495280533;07.10.;Sun;Low;Off-Peak;;;;
6712;140,7906;7,495280533;07.10.;Sun;Low;Off-Peak;;;;
6713;140,7906;7,495280533;07.10.;Sun;Low;Off-Peak;;;;
6714;140,7906;7,495280533;07.10.;Sun;Low;Off-Peak;;;;
6715;197,1252;10,49437018;07.10.;Sun;Low;Standard;;;;
6716;197,1252;10,49437018;07.10.;Sun;Low;Standard;;;;
6717;140,7906;7,495280533;07.10.;Sun;Low;Off-Peak;;;;
6718;140,7906;7,495280533;07.10.;Sun;Low;Off-Peak;;;;
6719;140,7906;7,495280533;07.10.;Sun;Low;Off-Peak;;;;
6720;140,7906;7,495280533;07.10.;Sun;Low;Off-Peak;;;;
6721;140,7906;7,495280533;08.10.;Mon;Low;Off-Peak;;;;
6722;140,7906;7,495280533;08.10.;Mon;Low;Off-Peak;;;;
6723;140,7906;7,495280533;08.10.;Mon;Low;Off-Peak;;;;
6724;140,7906;7,495280533;08.10.;Mon;Low;Off-Peak;;;;
6725;140,7906;7,495280533;08.10.;Mon;Low;Off-Peak;;;;
6726;140,7906;7,495280533;08.10.;Mon;Low;Off-Peak;;;;
6727;197,1252;10,49437018;08.10.;Mon;Low;Standard;;;;
6728;350,5944;18,66462236;08.10.;Mon;Low;Peak;;;;
6729;350,5944;18,66462236;08.10.;Mon;Low;Peak;;;;
6730;197,1252;10,49437018;08.10.;Mon;Low;Standard;;;;
6731;197,1252;10,49437018;08.10.;Mon;Low;Standard;;;;
6732;197,1252;10,49437018;08.10.;Mon;Low;Standard;;;;
6733;197,1252;10,49437018;08.10.;Mon;Low;Standard;;;;
6734;197,1252;10,49437018;08.10.;Mon;Low;Standard;;;;
6735;197,1252;10,49437018;08.10.;Mon;Low;Standard;;;;
6736;197,1252;10,49437018;08.10.;Mon;Low;Standard;;;;
6737;197,1252;10,49437018;08.10.;Mon;Low;Standard;;;;
6738;197,1252;10,49437018;08.10.;Mon;Low;Standard;;;;
6739;350,5944;18,66462236;08.10.;Mon;Low;Peak;;;;
6740;350,5944;18,66462236;08.10.;Mon;Low;Peak;;;;
6741;350,5944;18,66462236;08.10.;Mon;Low;Peak;;;;
6742;197,1252;10,49437018;08.10.;Mon;Low;Standard;;;;
6743;140,7906;7,495280533;08.10.;Mon;Low;Off-Peak;;;;
6744;140,7906;7,495280533;08.10.;Mon;Low;Off-Peak;;;;
6745;140,7906;7,495280533;09.10.;Tue;Low;Off-Peak;;;;
6746;140,7906;7,495280533;09.10.;Tue;Low;Off-Peak;;;;
6747;140,7906;7,495280533;09.10.;Tue;Low;Off-Peak;;;;
6748;140,7906;7,495280533;09.10.;Tue;Low;Off-Peak;;;;
6749;140,7906;7,495280533;09.10.;Tue;Low;Off-Peak;;;;
6750;140,7906;7,495280533;09.10.;Tue;Low;Off-Peak;;;;
6751;197,1252;10,49437018;09.10.;Tue;Low;Standard;;;;
6752;350,5944;18,66462236;09.10.;Tue;Low;Peak;;;;
6753;350,5944;18,66462236;09.10.;Tue;Low;Peak;;;;
6754;197,1252;10,49437018;09.10.;Tue;Low;Standard;;;;
6755;197,1252;10,49437018;09.10.;Tue;Low;Standard;;;;
6756;197,1252;10,49437018;09.10.;Tue;Low;Standard;;;;
6757;197,1252;10,49437018;09.10.;Tue;Low;Standard;;;;
6758;197,1252;10,49437018;09.10.;Tue;Low;Standard;;;;
6759;197,1252;10,49437018;09.10.;Tue;Low;Standard;;;;
6760;197,1252;10,49437018;09.10.;Tue;Low;Standard;;;;
6761;197,1252;10,49437018;09.10.;Tue;Low;Standard;;;;
6762;197,1252;10,49437018;09.10.;Tue;Low;Standard;;;;
6763;350,5944;18,66462236;09.10.;Tue;Low;Peak;;;;
6764;350,5944;18,66462236;09.10.;Tue;Low;Peak;;;;
6765;350,5944;18,66462236;09.10.;Tue;Low;Peak;;;;
6766;197,1252;10,49437018;09.10.;Tue;Low;Standard;;;;
6767;140,7906;7,495280533;09.10.;Tue;Low;Off-Peak;;;;
6768;140,7906;7,495280533;09.10.;Tue;Low;Off-Peak;;;;
6769;140,7906;7,495280533;10.10.;Wed;Low;Off-Peak;;;;
6770;140,7906;7,495280533;10.10.;Wed;Low;Off-Peak;;;;
6771;140,7906;7,495280533;10.10.;Wed;Low;Off-Peak;;;;
6772;140,7906;7,495280533;10.10.;Wed;Low;Off-Peak;;;;
6773;140,7906;7,495280533;10.10.;Wed;Low;Off-Peak;;;;
6774;140,7906;7,495280533;10.10.;Wed;Low;Off-Peak;;;;
6775;197,1252;10,49437018;10.10.;Wed;Low;Standard;;;;
6776;350,5944;18,66462236;10.10.;Wed;Low;Peak;;;;
6777;350,5944;18,66462236;10.10.;Wed;Low;Peak;;;;
6778;197,1252;10,49437018;10.10.;Wed;Low;Standard;;;;
6779;197,1252;10,49437018;10.10.;Wed;Low;Standard;;;;
6780;197,1252;10,49437018;10.10.;Wed;Low;Standard;;;;
6781;197,1252;10,49437018;10.10.;Wed;Low;Standard;;;;
6782;197,1252;10,49437018;10.10.;Wed;Low;Standard;;;;
6783;197,1252;10,49437018;10.10.;Wed;Low;Standard;;;;
6784;197,1252;10,49437018;10.10.;Wed;Low;Standard;;;;
6785;197,1252;10,49437018;10.10.;Wed;Low;Standard;;;;
6786;197,1252;10,49437018;10.10.;Wed;Low;Standard;;;;
6787;350,5944;18,66462236;10.10.;Wed;Low;Peak;;;;
6788;350,5944;18,66462236;10.10.;Wed;Low;Peak;;;;
6789;350,5944;18,66462236;10.10.;Wed;Low;Peak;;;;
6790;197,1252;10,49437018;10.10.;Wed;Low;Standard;;;;
6791;140,7906;7,495280533;10.10.;Wed;Low;Off-Peak;;;;
6792;140,7906;7,495280533;10.10.;Wed;Low;Off-Peak;;;;
6793;140,7906;7,495280533;11.10.;Thu;Low;Off-Peak;;;;
6794;140,7906;7,495280533;11.10.;Thu;Low;Off-Peak;;;;
6795;140,7906;7,495280533;11.10.;Thu;Low;Off-Peak;;;;
6796;140,7906;7,495280533;11.10.;Thu;Low;Off-Peak;;;;
6797;140,7906;7,495280533;11.10.;Thu;Low;Off-Peak;;;;
6798;140,7906;7,495280533;11.10.;Thu;Low;Off-Peak;;;;
6799;197,1252;10,49437018;11.10.;Thu;Low;Standard;;;;
6800;350,5944;18,66462236;11.10.;Thu;Low;Peak;;;;
6801;350,5944;18,66462236;11.10.;Thu;Low;Peak;;;;
6802;197,1252;10,49437018;11.10.;Thu;Low;Standard;;;;
6803;197,1252;10,49437018;11.10.;Thu;Low;Standard;;;;
6804;197,1252;10,49437018;11.10.;Thu;Low;Standard;;;;
6805;197,1252;10,49437018;11.10.;Thu;Low;Standard;;;;
6806;197,1252;10,49437018;11.10.;Thu;Low;Standard;;;;
6807;197,1252;10,49437018;11.10.;Thu;Low;Standard;;;;
6808;197,1252;10,49437018;11.10.;Thu;Low;Standard;;;;
6809;197,1252;10,49437018;11.10.;Thu;Low;Standard;;;;
6810;197,1252;10,49437018;11.10.;Thu;Low;Standard;;;;
6811;350,5944;18,66462236;11.10.;Thu;Low;Peak;;;;
6812;350,5944;18,66462236;11.10.;Thu;Low;Peak;;;;
6813;350,5944;18,66462236;11.10.;Thu;Low;Peak;;;;
6814;197,1252;10,49437018;11.10.;Thu;Low;Standard;;;;
6815;140,7906;7,495280533;11.10.;Thu;Low;Off-Peak;;;;
6816;140,7906;7,495280533;11.10.;Thu;Low;Off-Peak;;;;
6817;140,7906;7,495280533;12.10.;Fri;Low;Off-Peak;;;;
6818;140,7906;7,495280533;12.10.;Fri;Low;Off-Peak;;;;
6819;140,7906;7,495280533;12.10.;Fri;Low;Off-Peak;;;;
6820;140,7906;7,495280533;12.10.;Fri;Low;Off-Peak;;;;
6821;140,7906;7,495280533;12.10.;Fri;Low;Off-Peak;;;;
6822;140,7906;7,495280533;12.10.;Fri;Low;Off-Peak;;;;
6823;197,1252;10,49437018;12.10.;Fri;Low;Standard;;;;
6824;350,5944;18,66462236;12.10.;Fri;Low;Peak;;;;
6825;350,5944;18,66462236;12.10.;Fri;Low;Peak;;;;
6826;197,1252;10,49437018;12.10.;Fri;Low;Standard;;;;
6827;197,1252;10,49437018;12.10.;Fri;Low;Standard;;;;
6828;197,1252;10,49437018;12.10.;Fri;Low;Standard;;;;
6829;197,1252;10,49437018;12.10.;Fri;Low;Standard;;;;
6830;197,1252;10,49437018;12.10.;Fri;Low;Standard;;;;
6831;197,1252;10,49437018;12.10.;Fri;Low;Standard;;;;
6832;197,1252;10,49437018;12.10.;Fri;Low;Standard;;;;
6833;197,1252;10,49437018;12.10.;Fri;Low;Standard;;;;
6834;197,1252;10,49437018;12.10.;Fri;Low;Standard;;;;
6835;350,5944;18,66462236;12.10.;Fri;Low;Peak;;;;
6836;350,5944;18,66462236;12.10.;Fri;Low;Peak;;;;
6837;350,5944;18,66462236;12.10.;Fri;Low;Peak;;;;
6838;197,1252;10,49437018;12.10.;Fri;Low;Standard;;;;
6839;140,7906;7,495280533;12.10.;Fri;Low;Off-Peak;;;;
6840;140,7906;7,495280533;12.10.;Fri;Low;Off-Peak;;;;
6841;140,7906;7,495280533;13.10.;Sat;Low;Off-Peak;;;;
6842;140,7906;7,495280533;13.10.;Sat;Low;Off-Peak;;;;
6843;140,7906;7,495280533;13.10.;Sat;Low;Off-Peak;;;;
6844;140,7906;7,495280533;13.10.;Sat;Low;Off-Peak;;;;
6845;140,7906;7,495280533;13.10.;Sat;Low;Off-Peak;;;;
6846;140,7906;7,495280533;13.10.;Sat;Low;Off-Peak;;;;
6847;140,7906;7,495280533;13.10.;Sat;Low;Off-Peak;;;;
6848;197,1252;10,49437018;13.10.;Sat;Low;Standard;;;;
6849;197,1252;10,49437018;13.10.;Sat;Low;Standard;;;;
6850;197,1252;10,49437018;13.10.;Sat;Low;Standard;;;;
6851;197,1252;10,49437018;13.10.;Sat;Low;Standard;;;;
6852;197,1252;10,49437018;13.10.;Sat;Low;Standard;;;;
6853;140,7906;7,495280533;13.10.;Sat;Low;Off-Peak;;;;
6854;140,7906;7,495280533;13.10.;Sat;Low;Off-Peak;;;;
6855;140,7906;7,495280533;13.10.;Sat;Low;Off-Peak;;;;
6856;140,7906;7,495280533;13.10.;Sat;Low;Off-Peak;;;;
6857;140,7906;7,495280533;13.10.;Sat;Low;Off-Peak;;;;
6858;140,7906;7,495280533;13.10.;Sat;Low;Off-Peak;;;;
6859;197,1252;10,49437018;13.10.;Sat;Low;Standard;;;;
6860;197,1252;10,49437018;13.10.;Sat;Low;Standard;;;;
6861;140,7906;7,495280533;13.10.;Sat;Low;Off-Peak;;;;
6862;140,7906;7,495280533;13.10.;Sat;Low;Off-Peak;;;;
6863;140,7906;7,495280533;13.10.;Sat;Low;Off-Peak;;;;
6864;140,7906;7,495280533;13.10.;Sat;Low;Off-Peak;;;;
6865;140,7906;7,495280533;14.10.;Sun;Low;Off-Peak;;;;
6866;140,7906;7,495280533;14.10.;Sun;Low;Off-Peak;;;;
6867;140,7906;7,495280533;14.10.;Sun;Low;Off-Peak;;;;
6868;140,7906;7,495280533;14.10.;Sun;Low;Off-Peak;;;;
6869;140,7906;7,495280533;14.10.;Sun;Low;Off-Peak;;;;
6870;140,7906;7,495280533;14.10.;Sun;Low;Off-Peak;;;;
6871;140,7906;7,495280533;14.10.;Sun;Low;Off-Peak;;;;
6872;140,7906;7,495280533;14.10.;Sun;Low;Off-Peak;;;;
6873;140,7906;7,495280533;14.10.;Sun;Low;Off-Peak;;;;
6874;140,7906;7,495280533;14.10.;Sun;Low;Off-Peak;;;;
6875;140,7906;7,495280533;14.10.;Sun;Low;Off-Peak;;;;
6876;140,7906;7,495280533;14.10.;Sun;Low;Off-Peak;;;;
6877;140,7906;7,495280533;14.10.;Sun;Low;Off-Peak;;;;
6878;140,7906;7,495280533;14.10.;Sun;Low;Off-Peak;;;;
6879;140,7906;7,495280533;14.10.;Sun;Low;Off-Peak;;;;
6880;140,7906;7,495280533;14.10.;Sun;Low;Off-Peak;;;;
6881;140,7906;7,495280533;14.10.;Sun;Low;Off-Peak;;;;
6882;140,7906;7,495280533;14.10.;Sun;Low;Off-Peak;;;;
6883;197,1252;10,49437018;14.10.;Sun;Low;Standard;;;;
6884;197,1252;10,49437018;14.10.;Sun;Low;Standard;;;;
6885;140,7906;7,495280533;14.10.;Sun;Low;Off-Peak;;;;
6886;140,7906;7,495280533;14.10.;Sun;Low;Off-Peak;;;;
6887;140,7906;7,495280533;14.10.;Sun;Low;Off-Peak;;;;
6888;140,7906;7,495280533;14.10.;Sun;Low;Off-Peak;;;;
6889;140,7906;7,495280533;15.10.;Mon;Low;Off-Peak;;;;
6890;140,7906;7,495280533;15.10.;Mon;Low;Off-Peak;;;;
6891;140,7906;7,495280533;15.10.;Mon;Low;Off-Peak;;;;
6892;140,7906;7,495280533;15.10.;Mon;Low;Off-Peak;;;;
6893;140,7906;7,495280533;15.10.;Mon;Low;Off-Peak;;;;
6894;140,7906;7,495280533;15.10.;Mon;Low;Off-Peak;;;;
6895;197,1252;10,49437018;15.10.;Mon;Low;Standard;;;;
6896;350,5944;18,66462236;15.10.;Mon;Low;Peak;;;;
6897;350,5944;18,66462236;15.10.;Mon;Low;Peak;;;;
6898;197,1252;10,49437018;15.10.;Mon;Low;Standard;;;;
6899;197,1252;10,49437018;15.10.;Mon;Low;Standard;;;;
6900;197,1252;10,49437018;15.10.;Mon;Low;Standard;;;;
6901;197,1252;10,49437018;15.10.;Mon;Low;Standard;;;;
6902;197,1252;10,49437018;15.10.;Mon;Low;Standard;;;;
6903;197,1252;10,49437018;15.10.;Mon;Low;Standard;;;;
6904;197,1252;10,49437018;15.10.;Mon;Low;Standard;;;;
6905;197,1252;10,49437018;15.10.;Mon;Low;Standard;;;;
6906;197,1252;10,49437018;15.10.;Mon;Low;Standard;;;;
6907;350,5944;18,66462236;15.10.;Mon;Low;Peak;;;;
6908;350,5944;18,66462236;15.10.;Mon;Low;Peak;;;;
6909;350,5944;18,66462236;15.10.;Mon;Low;Peak;;;;
6910;197,1252;10,49437018;15.10.;Mon;Low;Standard;;;;
6911;140,7906;7,495280533;15.10.;Mon;Low;Off-Peak;;;;
6912;140,7906;7,495280533;15.10.;Mon;Low;Off-Peak;;;;
6913;140,7906;7,495280533;16.10.;Tue;Low;Off-Peak;;;;
6914;140,7906;7,495280533;16.10.;Tue;Low;Off-Peak;;;;
6915;140,7906;7,495280533;16.10.;Tue;Low;Off-Peak;;;;
6916;140,7906;7,495280533;16.10.;Tue;Low;Off-Peak;;;;
6917;140,7906;7,495280533;16.10.;Tue;Low;Off-Peak;;;;
6918;140,7906;7,495280533;16.10.;Tue;Low;Off-Peak;;;;
6919;197,1252;10,49437018;16.10.;Tue;Low;Standard;;;;
6920;350,5944;18,66462236;16.10.;Tue;Low;Peak;;;;
6921;350,5944;18,66462236;16.10.;Tue;Low;Peak;;;;
6922;197,1252;10,49437018;16.10.;Tue;Low;Standard;;;;
6923;197,1252;10,49437018;16.10.;Tue;Low;Standard;;;;
6924;197,1252;10,49437018;16.10.;Tue;Low;Standard;;;;
6925;197,1252;10,49437018;16.10.;Tue;Low;Standard;;;;
6926;197,1252;10,49437018;16.10.;Tue;Low;Standard;;;;
6927;197,1252;10,49437018;16.10.;Tue;Low;Standard;;;;
6928;197,1252;10,49437018;16.10.;Tue;Low;Standard;;;;
6929;197,1252;10,49437018;16.10.;Tue;Low;Standard;;;;
6930;197,1252;10,49437018;16.10.;Tue;Low;Standard;;;;
6931;350,5944;18,66462236;16.10.;Tue;Low;Peak;;;;
6932;350,5944;18,66462236;16.10.;Tue;Low;Peak;;;;
6933;350,5944;18,66462236;16.10.;Tue;Low;Peak;;;;
6934;197,1252;10,49437018;16.10.;Tue;Low;Standard;;;;
6935;140,7906;7,495280533;16.10.;Tue;Low;Off-Peak;;;;
6936;140,7906;7,495280533;16.10.;Tue;Low;Off-Peak;;;;
6937;140,7906;7,495280533;17.10.;Wed;Low;Off-Peak;;;;
6938;140,7906;7,495280533;17.10.;Wed;Low;Off-Peak;;;;
6939;140,7906;7,495280533;17.10.;Wed;Low;Off-Peak;;;;
6940;140,7906;7,495280533;17.10.;Wed;Low;Off-Peak;;;;
6941;140,7906;7,495280533;17.10.;Wed;Low;Off-Peak;;;;
6942;140,7906;7,495280533;17.10.;Wed;Low;Off-Peak;;;;
6943;197,1252;10,49437018;17.10.;Wed;Low;Standard;;;;
6944;350,5944;18,66462236;17.10.;Wed;Low;Peak;;;;
6945;350,5944;18,66462236;17.10.;Wed;Low;Peak;;;;
6946;197,1252;10,49437018;17.10.;Wed;Low;Standard;;;;
6947;197,1252;10,49437018;17.10.;Wed;Low;Standard;;;;
6948;197,1252;10,49437018;17.10.;Wed;Low;Standard;;;;
6949;197,1252;10,49437018;17.10.;Wed;Low;Standard;;;;
6950;197,1252;10,49437018;17.10.;Wed;Low;Standard;;;;
6951;197,1252;10,49437018;17.10.;Wed;Low;Standard;;;;
6952;197,1252;10,49437018;17.10.;Wed;Low;Standard;;;;
6953;197,1252;10,49437018;17.10.;Wed;Low;Standard;;;;
6954;197,1252;10,49437018;17.10.;Wed;Low;Standard;;;;
6955;350,5944;18,66462236;17.10.;Wed;Low;Peak;;;;
6956;350,5944;18,66462236;17.10.;Wed;Low;Peak;;;;
6957;350,5944;18,66462236;17.10.;Wed;Low;Peak;;;;
6958;197,1252;10,49437018;17.10.;Wed;Low;Standard;;;;
6959;140,7906;7,495280533;17.10.;Wed;Low;Off-Peak;;;;
6960;140,7906;7,495280533;17.10.;Wed;Low;Off-Peak;;;;
6961;140,7906;7,495280533;18.10.;Thu;Low;Off-Peak;;;;
6962;140,7906;7,495280533;18.10.;Thu;Low;Off-Peak;;;;
6963;140,7906;7,495280533;18.10.;Thu;Low;Off-Peak;;;;
6964;140,7906;7,495280533;18.10.;Thu;Low;Off-Peak;;;;
6965;140,7906;7,495280533;18.10.;Thu;Low;Off-Peak;;;;
6966;140,7906;7,495280533;18.10.;Thu;Low;Off-Peak;;;;
6967;197,1252;10,49437018;18.10.;Thu;Low;Standard;;;;
6968;350,5944;18,66462236;18.10.;Thu;Low;Peak;;;;
6969;350,5944;18,66462236;18.10.;Thu;Low;Peak;;;;
6970;197,1252;10,49437018;18.10.;Thu;Low;Standard;;;;
6971;197,1252;10,49437018;18.10.;Thu;Low;Standard;;;;
6972;197,1252;10,49437018;18.10.;Thu;Low;Standard;;;;
6973;197,1252;10,49437018;18.10.;Thu;Low;Standard;;;;
6974;197,1252;10,49437018;18.10.;Thu;Low;Standard;;;;
6975;197,1252;10,49437018;18.10.;Thu;Low;Standard;;;;
6976;197,1252;10,49437018;18.10.;Thu;Low;Standard;;;;
6977;197,1252;10,49437018;18.10.;Thu;Low;Standard;;;;
6978;197,1252;10,49437018;18.10.;Thu;Low;Standard;;;;
6979;350,5944;18,66462236;18.10.;Thu;Low;Peak;;;;
6980;350,5944;18,66462236;18.10.;Thu;Low;Peak;;;;
6981;350,5944;18,66462236;18.10.;Thu;Low;Peak;;;;
6982;197,1252;10,49437018;18.10.;Thu;Low;Standard;;;;
6983;140,7906;7,495280533;18.10.;Thu;Low;Off-Peak;;;;
6984;140,7906;7,495280533;18.10.;Thu;Low;Off-Peak;;;;
6985;140,7906;7,495280533;19.10.;Fri;Low;Off-Peak;;;;
6986;140,7906;7,495280533;19.10.;Fri;Low;Off-Peak;;;;
6987;140,7906;7,495280533;19.10.;Fri;Low;Off-Peak;;;;
6988;140,7906;7,495280533;19.10.;Fri;Low;Off-Peak;;;;
6989;140,7906;7,495280533;19.10.;Fri;Low;Off-Peak;;;;
6990;140,7906;7,495280533;19.10.;Fri;Low;Off-Peak;;;;
6991;197,1252;10,49437018;19.10.;Fri;Low;Standard;;;;
6992;350,5944;18,66462236;19.10.;Fri;Low;Peak;;;;
6993;350,5944;18,66462236;19.10.;Fri;Low;Peak;;;;
6994;197,1252;10,49437018;19.10.;Fri;Low;Standard;;;;
6995;197,1252;10,49437018;19.10.;Fri;Low;Standard;;;;
6996;197,1252;10,49437018;19.10.;Fri;Low;Standard;;;;
6997;197,1252;10,49437018;19.10.;Fri;Low;Standard;;;;
6998;197,1252;10,49437018;19.10.;Fri;Low;Standard;;;;
6999;197,1252;10,49437018;19.10.;Fri;Low;Standard;;;;
7000;197,1252;10,49437018;19.10.;Fri;Low;Standard;;;;
7001;197,1252;10,49437018;19.10.;Fri;Low;Standard;;;;
7002;197,1252;10,49437018;19.10.;Fri;Low;Standard;;;;
7003;350,5944;18,66462236;19.10.;Fri;Low;Peak;;;;
7004;350,5944;18,66462236;19.10.;Fri;Low;Peak;;;;
7005;350,5944;18,66462236;19.10.;Fri;Low;Peak;;;;
7006;197,1252;10,49437018;19.10.;Fri;Low;Standard;;;;
7007;140,7906;7,495280533;19.10.;Fri;Low;Off-Peak;;;;
7008;140,7906;7,495280533;19.10.;Fri;Low;Off-Peak;;;;
7009;140,7906;7,495280533;20.10.;Sat;Low;Off-Peak;;;;
7010;140,7906;7,495280533;20.10.;Sat;Low;Off-Peak;;;;
7011;140,7906;7,495280533;20.10.;Sat;Low;Off-Peak;;;;
7012;140,7906;7,495280533;20.10.;Sat;Low;Off-Peak;;;;
7013;140,7906;7,495280533;20.10.;Sat;Low;Off-Peak;;;;
7014;140,7906;7,495280533;20.10.;Sat;Low;Off-Peak;;;;
7015;140,7906;7,495280533;20.10.;Sat;Low;Off-Peak;;;;
7016;197,1252;10,49437018;20.10.;Sat;Low;Standard;;;;
7017;197,1252;10,49437018;20.10.;Sat;Low;Standard;;;;
7018;197,1252;10,49437018;20.10.;Sat;Low;Standard;;;;
7019;197,1252;10,49437018;20.10.;Sat;Low;Standard;;;;
7020;197,1252;10,49437018;20.10.;Sat;Low;Standard;;;;
7021;140,7906;7,495280533;20.10.;Sat;Low;Off-Peak;;;;
7022;140,7906;7,495280533;20.10.;Sat;Low;Off-Peak;;;;
7023;140,7906;7,495280533;20.10.;Sat;Low;Off-Peak;;;;
7024;140,7906;7,495280533;20.10.;Sat;Low;Off-Peak;;;;
7025;140,7906;7,495280533;20.10.;Sat;Low;Off-Peak;;;;
7026;140,7906;7,495280533;20.10.;Sat;Low;Off-Peak;;;;
7027;197,1252;10,49437018;20.10.;Sat;Low;Standard;;;;
7028;197,1252;10,49437018;20.10.;Sat;Low;Standard;;;;
7029;140,7906;7,495280533;20.10.;Sat;Low;Off-Peak;;;;
7030;140,7906;7,495280533;20.10.;Sat;Low;Off-Peak;;;;
7031;140,7906;7,495280533;20.10.;Sat;Low;Off-Peak;;;;
7032;140,7906;7,495280533;20.10.;Sat;Low;Off-Peak;;;;
7033;140,7906;7,495280533;21.10.;Sun;Low;Off-Peak;;;;
7034;140,7906;7,495280533;21.10.;Sun;Low;Off-Peak;;;;
7035;140,7906;7,495280533;21.10.;Sun;Low;Off-Peak;;;;
7036;140,7906;7,495280533;21.10.;Sun;Low;Off-Peak;;;;
7037;140,7906;7,495280533;21.10.;Sun;Low;Off-Peak;;;;
7038;140,7906;7,495280533;21.10.;Sun;Low;Off-Peak;;;;
7039;140,7906;7,495280533;21.10.;Sun;Low;Off-Peak;;;;
7040;140,7906;7,495280533;21.10.;Sun;Low;Off-Peak;;;;
7041;140,7906;7,495280533;21.10.;Sun;Low;Off-Peak;;;;
7042;140,7906;7,495280533;21.10.;Sun;Low;Off-Peak;;;;
7043;140,7906;7,495280533;21.10.;Sun;Low;Off-Peak;;;;
7044;140,7906;7,495280533;21.10.;Sun;Low;Off-Peak;;;;
7045;140,7906;7,495280533;21.10.;Sun;Low;Off-Peak;;;;
7046;140,7906;7,495280533;21.10.;Sun;Low;Off-Peak;;;;
7047;140,7906;7,495280533;21.10.;Sun;Low;Off-Peak;;;;
7048;140,7906;7,495280533;21.10.;Sun;Low;Off-Peak;;;;
7049;140,7906;7,495280533;21.10.;Sun;Low;Off-Peak;;;;
7050;140,7906;7,495280533;21.10.;Sun;Low;Off-Peak;;;;
7051;197,1252;10,49437018;21.10.;Sun;Low;Standard;;;;
7052;197,1252;10,49437018;21.10.;Sun;Low;Standard;;;;
7053;140,7906;7,495280533;21.10.;Sun;Low;Off-Peak;;;;
7054;140,7906;7,495280533;21.10.;Sun;Low;Off-Peak;;;;
7055;140,7906;7,495280533;21.10.;Sun;Low;Off-Peak;;;;
7056;140,7906;7,495280533;21.10.;Sun;Low;Off-Peak;;;;
7057;140,7906;7,495280533;22.10.;Mon;Low;Off-Peak;;;;
7058;140,7906;7,495280533;22.10.;Mon;Low;Off-Peak;;;;
7059;140,7906;7,495280533;22.10.;Mon;Low;Off-Peak;;;;
7060;140,7906;7,495280533;22.10.;Mon;Low;Off-Peak;;;;
7061;140,7906;7,495280533;22.10.;Mon;Low;Off-Peak;;;;
7062;140,7906;7,495280533;22.10.;Mon;Low;Off-Peak;;;;
7063;197,1252;10,49437018;22.10.;Mon;Low;Standard;;;;
7064;350,5944;18,66462236;22.10.;Mon;Low;Peak;;;;
7065;350,5944;18,66462236;22.10.;Mon;Low;Peak;;;;
7066;197,1252;10,49437018;22.10.;Mon;Low;Standard;;;;
7067;197,1252;10,49437018;22.10.;Mon;Low;Standard;;;;
7068;197,1252;10,49437018;22.10.;Mon;Low;Standard;;;;
7069;197,1252;10,49437018;22.10.;Mon;Low;Standard;;;;
7070;197,1252;10,49437018;22.10.;Mon;Low;Standard;;;;
7071;197,1252;10,49437018;22.10.;Mon;Low;Standard;;;;
7072;197,1252;10,49437018;22.10.;Mon;Low;Standard;;;;
7073;197,1252;10,49437018;22.10.;Mon;Low;Standard;;;;
7074;197,1252;10,49437018;22.10.;Mon;Low;Standard;;;;
7075;350,5944;18,66462236;22.10.;Mon;Low;Peak;;;;
7076;350,5944;18,66462236;22.10.;Mon;Low;Peak;;;;
7077;350,5944;18,66462236;22.10.;Mon;Low;Peak;;;;
7078;197,1252;10,49437018;22.10.;Mon;Low;Standard;;;;
7079;140,7906;7,495280533;22.10.;Mon;Low;Off-Peak;;;;
7080;140,7906;7,495280533;22.10.;Mon;Low;Off-Peak;;;;
7081;140,7906;7,495280533;23.10.;Tue;Low;Off-Peak;;;;
7082;140,7906;7,495280533;23.10.;Tue;Low;Off-Peak;;;;
7083;140,7906;7,495280533;23.10.;Tue;Low;Off-Peak;;;;
7084;140,7906;7,495280533;23.10.;Tue;Low;Off-Peak;;;;
7085;140,7906;7,495280533;23.10.;Tue;Low;Off-Peak;;;;
7086;140,7906;7,495280533;23.10.;Tue;Low;Off-Peak;;;;
7087;197,1252;10,49437018;23.10.;Tue;Low;Standard;;;;
7088;350,5944;18,66462236;23.10.;Tue;Low;Peak;;;;
7089;350,5944;18,66462236;23.10.;Tue;Low;Peak;;;;
7090;197,1252;10,49437018;23.10.;Tue;Low;Standard;;;;
7091;197,1252;10,49437018;23.10.;Tue;Low;Standard;;;;
7092;197,1252;10,49437018;23.10.;Tue;Low;Standard;;;;
7093;197,1252;10,49437018;23.10.;Tue;Low;Standard;;;;
7094;197,1252;10,49437018;23.10.;Tue;Low;Standard;;;;
7095;197,1252;10,49437018;23.10.;Tue;Low;Standard;;;;
7096;197,1252;10,49437018;23.10.;Tue;Low;Standard;;;;
7097;197,1252;10,49437018;23.10.;Tue;Low;Standard;;;;
7098;197,1252;10,49437018;23.10.;Tue;Low;Standard;;;;
7099;350,5944;18,66462236;23.10.;Tue;Low;Peak;;;;
7100;350,5944;18,66462236;23.10.;Tue;Low;Peak;;;;
7101;350,5944;18,66462236;23.10.;Tue;Low;Peak;;;;
7102;197,1252;10,49437018;23.10.;Tue;Low;Standard;;;;
7103;140,7906;7,495280533;23.10.;Tue;Low;Off-Peak;;;;
7104;140,7906;7,495280533;23.10.;Tue;Low;Off-Peak;;;;
7105;140,7906;7,495280533;24.10.;Wed;Low;Off-Peak;;;;
7106;140,7906;7,495280533;24.10.;Wed;Low;Off-Peak;;;;
7107;140,7906;7,495280533;24.10.;Wed;Low;Off-Peak;;;;
7108;140,7906;7,495280533;24.10.;Wed;Low;Off-Peak;;;;
7109;140,7906;7,495280533;24.10.;Wed;Low;Off-Peak;;;;
7110;140,7906;7,495280533;24.10.;Wed;Low;Off-Peak;;;;
7111;197,1252;10,49437018;24.10.;Wed;Low;Standard;;;;
7112;350,5944;18,66462236;24.10.;Wed;Low;Peak;;;;
7113;350,5944;18,66462236;24.10.;Wed;Low;Peak;;;;
7114;197,1252;10,49437018;24.10.;Wed;Low;Standard;;;;
7115;197,1252;10,49437018;24.10.;Wed;Low;Standard;;;;
7116;197,1252;10,49437018;24.10.;Wed;Low;Standard;;;;
7117;197,1252;10,49437018;24.10.;Wed;Low;Standard;;;;
7118;197,1252;10,49437018;24.10.;Wed;Low;Standard;;;;
7119;197,1252;10,49437018;24.10.;Wed;Low;Standard;;;;
7120;197,1252;10,49437018;24.10.;Wed;Low;Standard;;;;
7121;197,1252;10,49437018;24.10.;Wed;Low;Standard;;;;
7122;197,1252;10,49437018;24.10.;Wed;Low;Standard;;;;
7123;350,5944;18,66462236;24.10.;Wed;Low;Peak;;;;
7124;350,5944;18,66462236;24.10.;Wed;Low;Peak;;;;
7125;350,5944;18,66462236;24.10.;Wed;Low;Peak;;;;
7126;197,1252;10,49437018;24.10.;Wed;Low;Standard;;;;
7127;140,7906;7,495280533;24.10.;Wed;Low;Off-Peak;;;;
7128;140,7906;7,495280533;24.10.;Wed;Low;Off-Peak;;;;
7129;140,7906;7,495280533;25.10.;Thu;Low;Off-Peak;;;;
7130;140,7906;7,495280533;25.10.;Thu;Low;Off-Peak;;;;
7131;140,7906;7,495280533;25.10.;Thu;Low;Off-Peak;;;;
7132;140,7906;7,495280533;25.10.;Thu;Low;Off-Peak;;;;
7133;140,7906;7,495280533;25.10.;Thu;Low;Off-Peak;;;;
7134;140,7906;7,495280533;25.10.;Thu;Low;Off-Peak;;;;
7135;197,1252;10,49437018;25.10.;Thu;Low;Standard;;;;
7136;350,5944;18,66462236;25.10.;Thu;Low;Peak;;;;
7137;350,5944;18,66462236;25.10.;Thu;Low;Peak;;;;
7138;197,1252;10,49437018;25.10.;Thu;Low;Standard;;;;
7139;197,1252;10,49437018;25.10.;Thu;Low;Standard;;;;
7140;197,1252;10,49437018;25.10.;Thu;Low;Standard;;;;
7141;197,1252;10,49437018;25.10.;Thu;Low;Standard;;;;
7142;197,1252;10,49437018;25.10.;Thu;Low;Standard;;;;
7143;197,1252;10,49437018;25.10.;Thu;Low;Standard;;;;
7144;197,1252;10,49437018;25.10.;Thu;Low;Standard;;;;
7145;197,1252;10,49437018;25.10.;Thu;Low;Standard;;;;
7146;197,1252;10,49437018;25.10.;Thu;Low;Standard;;;;
7147;350,5944;18,66462236;25.10.;Thu;Low;Peak;;;;
7148;350,5944;18,66462236;25.10.;Thu;Low;Peak;;;;
7149;350,5944;18,66462236;25.10.;Thu;Low;Peak;;;;
7150;197,1252;10,49437018;25.10.;Thu;Low;Standard;;;;
7151;140,7906;7,495280533;25.10.;Thu;Low;Off-Peak;;;;
7152;140,7906;7,495280533;25.10.;Thu;Low;Off-Peak;;;;
7153;140,7906;7,495280533;26.10.;Fri;Low;Off-Peak;;;;
7154;140,7906;7,495280533;26.10.;Fri;Low;Off-Peak;;;;
7155;140,7906;7,495280533;26.10.;Fri;Low;Off-Peak;;;;
7156;140,7906;7,495280533;26.10.;Fri;Low;Off-Peak;;;;
7157;140,7906;7,495280533;26.10.;Fri;Low;Off-Peak;;;;
7158;140,7906;7,495280533;26.10.;Fri;Low;Off-Peak;;;;
7159;197,1252;10,49437018;26.10.;Fri;Low;Standard;;;;
7160;350,5944;18,66462236;26.10.;Fri;Low;Peak;;;;
7161;350,5944;18,66462236;26.10.;Fri;Low;Peak;;;;
7162;197,1252;10,49437018;26.10.;Fri;Low;Standard;;;;
7163;197,1252;10,49437018;26.10.;Fri;Low;Standard;;;;
7164;197,1252;10,49437018;26.10.;Fri;Low;Standard;;;;
7165;197,1252;10,49437018;26.10.;Fri;Low;Standard;;;;
7166;197,1252;10,49437018;26.10.;Fri;Low;Standard;;;;
7167;197,1252;10,49437018;26.10.;Fri;Low;Standard;;;;
7168;197,1252;10,49437018;26.10.;Fri;Low;Standard;;;;
7169;197,1252;10,49437018;26.10.;Fri;Low;Standard;;;;
7170;197,1252;10,49437018;26.10.;Fri;Low;Standard;;;;
7171;350,5944;18,66462236;26.10.;Fri;Low;Peak;;;;
7172;350,5944;18,66462236;26.10.;Fri;Low;Peak;;;;
7173;350,5944;18,66462236;26.10.;Fri;Low;Peak;;;;
7174;197,1252;10,49437018;26.10.;Fri;Low;Standard;;;;
7175;140,7906;7,495280533;26.10.;Fri;Low;Off-Peak;;;;
7176;140,7906;7,495280533;26.10.;Fri;Low;Off-Peak;;;;
7177;140,7906;7,495280533;27.10.;Sat;Low;Off-Peak;;;;
7178;140,7906;7,495280533;27.10.;Sat;Low;Off-Peak;;;;
7179;140,7906;7,495280533;27.10.;Sat;Low;Off-Peak;;;;
7180;140,7906;7,495280533;27.10.;Sat;Low;Off-Peak;;;;
7181;140,7906;7,495280533;27.10.;Sat;Low;Off-Peak;;;;
7182;140,7906;7,495280533;27.10.;Sat;Low;Off-Peak;;;;
7183;140,7906;7,495280533;27.10.;Sat;Low;Off-Peak;;;;
7184;197,1252;10,49437018;27.10.;Sat;Low;Standard;;;;
7185;197,1252;10,49437018;27.10.;Sat;Low;Standard;;;;
7186;197,1252;10,49437018;27.10.;Sat;Low;Standard;;;;
7187;197,1252;10,49437018;27.10.;Sat;Low;Standard;;;;
7188;197,1252;10,49437018;27.10.;Sat;Low;Standard;;;;
7189;140,7906;7,495280533;27.10.;Sat;Low;Off-Peak;;;;
7190;140,7906;7,495280533;27.10.;Sat;Low;Off-Peak;;;;
7191;140,7906;7,495280533;27.10.;Sat;Low;Off-Peak;;;;
7192;140,7906;7,495280533;27.10.;Sat;Low;Off-Peak;;;;
7193;140,7906;7,495280533;27.10.;Sat;Low;Off-Peak;;;;
7194;140,7906;7,495280533;27.10.;Sat;Low;Off-Peak;;;;
7195;197,1252;10,49437018;27.10.;Sat;Low;Standard;;;;
7196;197,1252;10,49437018;27.10.;Sat;Low;Standard;;;;
7197;140,7906;7,495280533;27.10.;Sat;Low;Off-Peak;;;;
7198;140,7906;7,495280533;27.10.;Sat;Low;Off-Peak;;;;
7199;140,7906;7,495280533;27.10.;Sat;Low;Off-Peak;;;;
7200;140,7906;7,495280533;27.10.;Sat;Low;Off-Peak;;;;
7201;140,7906;7,495280533;28.10.;Sun;Low;Off-Peak;;;;
7202;140,7906;7,495280533;28.10.;Sun;Low;Off-Peak;;;;
7203;140,7906;7,495280533;28.10.;Sun;Low;Off-Peak;;;;
7204;140,7906;7,495280533;28.10.;Sun;Low;Off-Peak;;;;
7205;140,7906;7,495280533;28.10.;Sun;Low;Off-Peak;;;;
7206;140,7906;7,495280533;28.10.;Sun;Low;Off-Peak;;;;
7207;140,7906;7,495280533;28.10.;Sun;Low;Off-Peak;;;;
7208;140,7906;7,495280533;28.10.;Sun;Low;Off-Peak;;;;
7209;140,7906;7,495280533;28.10.;Sun;Low;Off-Peak;;;;
7210;140,7906;7,495280533;28.10.;Sun;Low;Off-Peak;;;;
7211;140,7906;7,495280533;28.10.;Sun;Low;Off-Peak;;;;
7212;140,7906;7,495280533;28.10.;Sun;Low;Off-Peak;;;;
7213;140,7906;7,495280533;28.10.;Sun;Low;Off-Peak;;;;
7214;140,7906;7,495280533;28.10.;Sun;Low;Off-Peak;;;;
7215;140,7906;7,495280533;28.10.;Sun;Low;Off-Peak;;;;
7216;140,7906;7,495280533;28.10.;Sun;Low;Off-Peak;;;;
7217;140,7906;7,495280533;28.10.;Sun;Low;Off-Peak;;;;
7218;140,7906;7,495280533;28.10.;Sun;Low;Off-Peak;;;;
7219;197,1252;10,49437018;28.10.;Sun;Low;Standard;;;;
7220;197,1252;10,49437018;28.10.;Sun;Low;Standard;;;;
7221;140,7906;7,495280533;28.10.;Sun;Low;Off-Peak;;;;
7222;140,7906;7,495280533;28.10.;Sun;Low;Off-Peak;;;;
7223;140,7906;7,495280533;28.10.;Sun;Low;Off-Peak;;;;
7224;140,7906;7,495280533;28.10.;Sun;Low;Off-Peak;;;;
7225;140,7906;7,495280533;29.10.;Mon;Low;Off-Peak;;;;
7226;140,7906;7,495280533;29.10.;Mon;Low;Off-Peak;;;;
7227;140,7906;7,495280533;29.10.;Mon;Low;Off-Peak;;;;
7228;140,7906;7,495280533;29.10.;Mon;Low;Off-Peak;;;;
7229;140,7906;7,495280533;29.10.;Mon;Low;Off-Peak;;;;
7230;140,7906;7,495280533;29.10.;Mon;Low;Off-Peak;;;;
7231;197,1252;10,49437018;29.10.;Mon;Low;Standard;;;;
7232;350,5944;18,66462236;29.10.;Mon;Low;Peak;;;;
7233;350,5944;18,66462236;29.10.;Mon;Low;Peak;;;;
7234;197,1252;10,49437018;29.10.;Mon;Low;Standard;;;;
7235;197,1252;10,49437018;29.10.;Mon;Low;Standard;;;;
7236;197,1252;10,49437018;29.10.;Mon;Low;Standard;;;;
7237;197,1252;10,49437018;29.10.;Mon;Low;Standard;;;;
7238;197,1252;10,49437018;29.10.;Mon;Low;Standard;;;;
7239;197,1252;10,49437018;29.10.;Mon;Low;Standard;;;;
7240;197,1252;10,49437018;29.10.;Mon;Low;Standard;;;;
7241;197,1252;10,49437018;29.10.;Mon;Low;Standard;;;;
7242;197,1252;10,49437018;29.10.;Mon;Low;Standard;;;;
7243;350,5944;18,66462236;29.10.;Mon;Low;Peak;;;;
7244;350,5944;18,66462236;29.10.;Mon;Low;Peak;;;;
7245;350,5944;18,66462236;29.10.;Mon;Low;Peak;;;;
7246;197,1252;10,49437018;29.10.;Mon;Low;Standard;;;;
7247;140,7906;7,495280533;29.10.;Mon;Low;Off-Peak;;;;
7248;140,7906;7,495280533;29.10.;Mon;Low;Off-Peak;;;;
7249;140,7906;7,495280533;30.10.;Tue;Low;Off-Peak;;;;
7250;140,7906;7,495280533;30.10.;Tue;Low;Off-Peak;;;;
7251;140,7906;7,495280533;30.10.;Tue;Low;Off-Peak;;;;
7252;140,7906;7,495280533;30.10.;Tue;Low;Off-Peak;;;;
7253;140,7906;7,495280533;30.10.;Tue;Low;Off-Peak;;;;
7254;140,7906;7,495280533;30.10.;Tue;Low;Off-Peak;;;;
7255;197,1252;10,49437018;30.10.;Tue;Low;Standard;;;;
7256;350,5944;18,66462236;30.10.;Tue;Low;Peak;;;;
7257;350,5944;18,66462236;30.10.;Tue;Low;Peak;;;;
7258;197,1252;10,49437018;30.10.;Tue;Low;Standard;;;;
7259;197,1252;10,49437018;30.10.;Tue;Low;Standard;;;;
7260;197,1252;10,49437018;30.10.;Tue;Low;Standard;;;;
7261;197,1252;10,49437018;30.10.;Tue;Low;Standard;;;;
7262;197,1252;10,49437018;30.10.;Tue;Low;Standard;;;;
7263;197,1252;10,49437018;30.10.;Tue;Low;Standard;;;;
7264;197,1252;10,49437018;30.10.;Tue;Low;Standard;;;;
7265;197,1252;10,49437018;30.10.;Tue;Low;Standard;;;;
7266;197,1252;10,49437018;30.10.;Tue;Low;Standard;;;;
7267;350,5944;18,66462236;30.10.;Tue;Low;Peak;;;;
7268;350,5944;18,66462236;30.10.;Tue;Low;Peak;;;;
7269;350,5944;18,66462236;30.10.;Tue;Low;Peak;;;;
7270;197,1252;10,49437018;30.10.;Tue;Low;Standard;;;;
7271;140,7906;7,495280533;30.10.;Tue;Low;Off-Peak;;;;
7272;140,7906;7,495280533;30.10.;Tue;Low;Off-Peak;;;;
7273;140,7906;7,495280533;31.10.;Wed;Low;Off-Peak;;;;
7274;140,7906;7,495280533;31.10.;Wed;Low;Off-Peak;;;;
7275;140,7906;7,495280533;31.10.;Wed;Low;Off-Peak;;;;
7276;140,7906;7,495280533;31.10.;Wed;Low;Off-Peak;;;;
7277;140,7906;7,495280533;31.10.;Wed;Low;Off-Peak;;;;
7278;140,7906;7,495280533;31.10.;Wed;Low;Off-Peak;;;;
7279;197,1252;10,49437018;31.10.;Wed;Low;Standard;;;;
7280;350,5944;18,66462236;31.10.;Wed;Low;Peak;;;;
7281;350,5944;18,66462236;31.10.;Wed;Low;Peak;;;;
7282;197,1252;10,49437018;31.10.;Wed;Low;Standard;;;;
7283;197,1252;10,49437018;31.10.;Wed;Low;Standard;;;;
7284;197,1252;10,49437018;31.10.;Wed;Low;Standard;;;;
7285;197,1252;10,49437018;31.10.;Wed;Low;Standard;;;;
7286;197,1252;10,49437018;31.10.;Wed;Low;Standard;;;;
7287;197,1252;10,49437018;31.10.;Wed;Low;Standard;;;;
7288;197,1252;10,49437018;31.10.;Wed;Low;Standard;;;;
7289;197,1252;10,49437018;31.10.;Wed;Low;Standard;;;;
7290;197,1252;10,49437018;31.10.;Wed;Low;Standard;;;;
7291;350,5944;18,66462236;31.10.;Wed;Low;Peak;;;;
7292;350,5944;18,66462236;31.10.;Wed;Low;Peak;;;;
7293;350,5944;18,66462236;31.10.;Wed;Low;Peak;;;;
7294;197,1252;10,49437018;31.10.;Wed;Low;Standard;;;;
7295;140,7906;7,495280533;31.10.;Wed;Low;Off-Peak;;;;
7296;140,7906;7,495280533;31.10.;Wed;Low;Off-Peak;;;;
7297;140,7906;7,495280533;01.11.;Thu;Low;Off-Peak;;;;
7298;140,7906;7,495280533;01.11.;Thu;Low;Off-Peak;;;;
7299;140,7906;7,495280533;01.11.;Thu;Low;Off-Peak;;;;
7300;140,7906;7,495280533;01.11.;Thu;Low;Off-Peak;;;;
7301;140,7906;7,495280533;01.11.;Thu;Low;Off-Peak;;;;
7302;140,7906;7,495280533;01.11.;Thu;Low;Off-Peak;;;;
7303;197,1252;10,49437018;01.11.;Thu;Low;Standard;;;;
7304;350,5944;18,66462236;01.11.;Thu;Low;Peak;;;;
7305;350,5944;18,66462236;01.11.;Thu;Low;Peak;;;;
7306;197,1252;10,49437018;01.11.;Thu;Low;Standard;;;;
7307;197,1252;10,49437018;01.11.;Thu;Low;Standard;;;;
7308;197,1252;10,49437018;01.11.;Thu;Low;Standard;;;;
7309;197,1252;10,49437018;01.11.;Thu;Low;Standard;;;;
7310;197,1252;10,49437018;01.11.;Thu;Low;Standard;;;;
7311;197,1252;10,49437018;01.11.;Thu;Low;Standard;;;;
7312;197,1252;10,49437018;01.11.;Thu;Low;Standard;;;;
7313;197,1252;10,49437018;01.11.;Thu;Low;Standard;;;;
7314;197,1252;10,49437018;01.11.;Thu;Low;Standard;;;;
7315;350,5944;18,66462236;01.11.;Thu;Low;Peak;;;;
7316;350,5944;18,66462236;01.11.;Thu;Low;Peak;;;;
7317;350,5944;18,66462236;01.11.;Thu;Low;Peak;;;;
7318;197,1252;10,49437018;01.11.;Thu;Low;Standard;;;;
7319;140,7906;7,495280533;01.11.;Thu;Low;Off-Peak;;;;
7320;140,7906;7,495280533;01.11.;Thu;Low;Off-Peak;;;;
7321;140,7906;7,495280533;02.11.;Fri;Low;Off-Peak;;;;
7322;140,7906;7,495280533;02.11.;Fri;Low;Off-Peak;;;;
7323;140,7906;7,495280533;02.11.;Fri;Low;Off-Peak;;;;
7324;140,7906;7,495280533;02.11.;Fri;Low;Off-Peak;;;;
7325;140,7906;7,495280533;02.11.;Fri;Low;Off-Peak;;;;
7326;140,7906;7,495280533;02.11.;Fri;Low;Off-Peak;;;;
7327;197,1252;10,49437018;02.11.;Fri;Low;Standard;;;;
7328;350,5944;18,66462236;02.11.;Fri;Low;Peak;;;;
7329;350,5944;18,66462236;02.11.;Fri;Low;Peak;;;;
7330;197,1252;10,49437018;02.11.;Fri;Low;Standard;;;;
7331;197,1252;10,49437018;02.11.;Fri;Low;Standard;;;;
7332;197,1252;10,49437018;02.11.;Fri;Low;Standard;;;;
7333;197,1252;10,49437018;02.11.;Fri;Low;Standard;;;;
7334;197,1252;10,49437018;02.11.;Fri;Low;Standard;;;;
7335;197,1252;10,49437018;02.11.;Fri;Low;Standard;;;;
7336;197,1252;10,49437018;02.11.;Fri;Low;Standard;;;;
7337;197,1252;10,49437018;02.11.;Fri;Low;Standard;;;;
7338;197,1252;10,49437018;02.11.;Fri;Low;Standard;;;;
7339;350,5944;18,66462236;02.11.;Fri;Low;Peak;;;;
7340;350,5944;18,66462236;02.11.;Fri;Low;Peak;;;;
7341;350,5944;18,66462236;02.11.;Fri;Low;Peak;;;;
7342;197,1252;10,49437018;02.11.;Fri;Low;Standard;;;;
7343;140,7906;7,495280533;02.11.;Fri;Low;Off-Peak;;;;
7344;140,7906;7,495280533;02.11.;Fri;Low;Off-Peak;;;;
7345;140,7906;7,495280533;03.11.;Sat;Low;Off-Peak;;;;
7346;140,7906;7,495280533;03.11.;Sat;Low;Off-Peak;;;;
7347;140,7906;7,495280533;03.11.;Sat;Low;Off-Peak;;;;
7348;140,7906;7,495280533;03.11.;Sat;Low;Off-Peak;;;;
7349;140,7906;7,495280533;03.11.;Sat;Low;Off-Peak;;;;
7350;140,7906;7,495280533;03.11.;Sat;Low;Off-Peak;;;;
7351;140,7906;7,495280533;03.11.;Sat;Low;Off-Peak;;;;
7352;197,1252;10,49437018;03.11.;Sat;Low;Standard;;;;
7353;197,1252;10,49437018;03.11.;Sat;Low;Standard;;;;
7354;197,1252;10,49437018;03.11.;Sat;Low;Standard;;;;
7355;197,1252;10,49437018;03.11.;Sat;Low;Standard;;;;
7356;197,1252;10,49437018;03.11.;Sat;Low;Standard;;;;
7357;140,7906;7,495280533;03.11.;Sat;Low;Off-Peak;;;;
7358;140,7906;7,495280533;03.11.;Sat;Low;Off-Peak;;;;
7359;140,7906;7,495280533;03.11.;Sat;Low;Off-Peak;;;;
7360;140,7906;7,495280533;03.11.;Sat;Low;Off-Peak;;;;
7361;140,7906;7,495280533;03.11.;Sat;Low;Off-Peak;;;;
7362;140,7906;7,495280533;03.11.;Sat;Low;Off-Peak;;;;
7363;197,1252;10,49437018;03.11.;Sat;Low;Standard;;;;
7364;197,1252;10,49437018;03.11.;Sat;Low;Standard;;;;
7365;140,7906;7,495280533;03.11.;Sat;Low;Off-Peak;;;;
7366;140,7906;7,495280533;03.11.;Sat;Low;Off-Peak;;;;
7367;140,7906;7,495280533;03.11.;Sat;Low;Off-Peak;;;;
7368;140,7906;7,495280533;03.11.;Sat;Low;Off-Peak;;;;
7369;140,7906;7,495280533;04.11.;Sun;Low;Off-Peak;;;;
7370;140,7906;7,495280533;04.11.;Sun;Low;Off-Peak;;;;
7371;140,7906;7,495280533;04.11.;Sun;Low;Off-Peak;;;;
7372;140,7906;7,495280533;04.11.;Sun;Low;Off-Peak;;;;
7373;140,7906;7,495280533;04.11.;Sun;Low;Off-Peak;;;;
7374;140,7906;7,495280533;04.11.;Sun;Low;Off-Peak;;;;
7375;140,7906;7,495280533;04.11.;Sun;Low;Off-Peak;;;;
7376;140,7906;7,495280533;04.11.;Sun;Low;Off-Peak;;;;
7377;140,7906;7,495280533;04.11.;Sun;Low;Off-Peak;;;;
7378;140,7906;7,495280533;04.11.;Sun;Low;Off-Peak;;;;
7379;140,7906;7,495280533;04.11.;Sun;Low;Off-Peak;;;;
7380;140,7906;7,495280533;04.11.;Sun;Low;Off-Peak;;;;
7381;140,7906;7,495280533;04.11.;Sun;Low;Off-Peak;;;;
7382;140,7906;7,495280533;04.11.;Sun;Low;Off-Peak;;;;
7383;140,7906;7,495280533;04.11.;Sun;Low;Off-Peak;;;;
7384;140,7906;7,495280533;04.11.;Sun;Low;Off-Peak;;;;
7385;140,7906;7,495280533;04.11.;Sun;Low;Off-Peak;;;;
7386;140,7906;7,495280533;04.11.;Sun;Low;Off-Peak;;;;
7387;197,1252;10,49437018;04.11.;Sun;Low;Standard;;;;
7388;197,1252;10,49437018;04.11.;Sun;Low;Standard;;;;
7389;140,7906;7,495280533;04.11.;Sun;Low;Off-Peak;;;;
7390;140,7906;7,495280533;04.11.;Sun;Low;Off-Peak;;;;
7391;140,7906;7,495280533;04.11.;Sun;Low;Off-Peak;;;;
7392;140,7906;7,495280533;04.11.;Sun;Low;Off-Peak;;;;
7393;140,7906;7,495280533;05.11.;Mon;Low;Off-Peak;;;;
7394;140,7906;7,495280533;05.11.;Mon;Low;Off-Peak;;;;
7395;140,7906;7,495280533;05.11.;Mon;Low;Off-Peak;;;;
7396;140,7906;7,495280533;05.11.;Mon;Low;Off-Peak;;;;
7397;140,7906;7,495280533;05.11.;Mon;Low;Off-Peak;;;;
7398;140,7906;7,495280533;05.11.;Mon;Low;Off-Peak;;;;
7399;197,1252;10,49437018;05.11.;Mon;Low;Standard;;;;
7400;350,5944;18,66462236;05.11.;Mon;Low;Peak;;;;
7401;350,5944;18,66462236;05.11.;Mon;Low;Peak;;;;
7402;197,1252;10,49437018;05.11.;Mon;Low;Standard;;;;
7403;197,1252;10,49437018;05.11.;Mon;Low;Standard;;;;
7404;197,1252;10,49437018;05.11.;Mon;Low;Standard;;;;
7405;197,1252;10,49437018;05.11.;Mon;Low;Standard;;;;
7406;197,1252;10,49437018;05.11.;Mon;Low;Standard;;;;
7407;197,1252;10,49437018;05.11.;Mon;Low;Standard;;;;
7408;197,1252;10,49437018;05.11.;Mon;Low;Standard;;;;
7409;197,1252;10,49437018;05.11.;Mon;Low;Standard;;;;
7410;197,1252;10,49437018;05.11.;Mon;Low;Standard;;;;
7411;350,5944;18,66462236;05.11.;Mon;Low;Peak;;;;
7412;350,5944;18,66462236;05.11.;Mon;Low;Peak;;;;
7413;350,5944;18,66462236;05.11.;Mon;Low;Peak;;;;
7414;197,1252;10,49437018;05.11.;Mon;Low;Standard;;;;
7415;140,7906;7,495280533;05.11.;Mon;Low;Off-Peak;;;;
7416;140,7906;7,495280533;05.11.;Mon;Low;Off-Peak;;;;
7417;140,7906;7,495280533;06.11.;Tue;Low;Off-Peak;;;;
7418;140,7906;7,495280533;06.11.;Tue;Low;Off-Peak;;;;
7419;140,7906;7,495280533;06.11.;Tue;Low;Off-Peak;;;;
7420;140,7906;7,495280533;06.11.;Tue;Low;Off-Peak;;;;
7421;140,7906;7,495280533;06.11.;Tue;Low;Off-Peak;;;;
7422;140,7906;7,495280533;06.11.;Tue;Low;Off-Peak;;;;
7423;197,1252;10,49437018;06.11.;Tue;Low;Standard;;;;
7424;350,5944;18,66462236;06.11.;Tue;Low;Peak;;;;
7425;350,5944;18,66462236;06.11.;Tue;Low;Peak;;;;
7426;197,1252;10,49437018;06.11.;Tue;Low;Standard;;;;
7427;197,1252;10,49437018;06.11.;Tue;Low;Standard;;;;
7428;197,1252;10,49437018;06.11.;Tue;Low;Standard;;;;
7429;197,1252;10,49437018;06.11.;Tue;Low;Standard;;;;
7430;197,1252;10,49437018;06.11.;Tue;Low;Standard;;;;
7431;197,1252;10,49437018;06.11.;Tue;Low;Standard;;;;
7432;197,1252;10,49437018;06.11.;Tue;Low;Standard;;;;
7433;197,1252;10,49437018;06.11.;Tue;Low;Standard;;;;
7434;197,1252;10,49437018;06.11.;Tue;Low;Standard;;;;
7435;350,5944;18,66462236;06.11.;Tue;Low;Peak;;;;
7436;350,5944;18,66462236;06.11.;Tue;Low;Peak;;;;
7437;350,5944;18,66462236;06.11.;Tue;Low;Peak;;;;
7438;197,1252;10,49437018;06.11.;Tue;Low;Standard;;;;
7439;140,7906;7,495280533;06.11.;Tue;Low;Off-Peak;;;;
7440;140,7906;7,495280533;06.11.;Tue;Low;Off-Peak;;;;
7441;140,7906;7,495280533;07.11.;Wed;Low;Off-Peak;;;;
7442;140,7906;7,495280533;07.11.;Wed;Low;Off-Peak;;;;
7443;140,7906;7,495280533;07.11.;Wed;Low;Off-Peak;;;;
7444;140,7906;7,495280533;07.11.;Wed;Low;Off-Peak;;;;
7445;140,7906;7,495280533;07.11.;Wed;Low;Off-Peak;;;;
7446;140,7906;7,495280533;07.11.;Wed;Low;Off-Peak;;;;
7447;197,1252;10,49437018;07.11.;Wed;Low;Standard;;;;
7448;350,5944;18,66462236;07.11.;Wed;Low;Peak;;;;
7449;350,5944;18,66462236;07.11.;Wed;Low;Peak;;;;
7450;197,1252;10,49437018;07.11.;Wed;Low;Standard;;;;
7451;197,1252;10,49437018;07.11.;Wed;Low;Standard;;;;
7452;197,1252;10,49437018;07.11.;Wed;Low;Standard;;;;
7453;197,1252;10,49437018;07.11.;Wed;Low;Standard;;;;
7454;197,1252;10,49437018;07.11.;Wed;Low;Standard;;;;
7455;197,1252;10,49437018;07.11.;Wed;Low;Standard;;;;
7456;197,1252;10,49437018;07.11.;Wed;Low;Standard;;;;
7457;197,1252;10,49437018;07.11.;Wed;Low;Standard;;;;
7458;197,1252;10,49437018;07.11.;Wed;Low;Standard;;;;
7459;350,5944;18,66462236;07.11.;Wed;Low;Peak;;;;
7460;350,5944;18,66462236;07.11.;Wed;Low;Peak;;;;
7461;350,5944;18,66462236;07.11.;Wed;Low;Peak;;;;
7462;197,1252;10,49437018;07.11.;Wed;Low;Standard;;;;
7463;140,7906;7,495280533;07.11.;Wed;Low;Off-Peak;;;;
7464;140,7906;7,495280533;07.11.;Wed;Low;Off-Peak;;;;
7465;140,7906;7,495280533;08.11.;Thu;Low;Off-Peak;;;;
7466;140,7906;7,495280533;08.11.;Thu;Low;Off-Peak;;;;
7467;140,7906;7,495280533;08.11.;Thu;Low;Off-Peak;;;;
7468;140,7906;7,495280533;08.11.;Thu;Low;Off-Peak;;;;
7469;140,7906;7,495280533;08.11.;Thu;Low;Off-Peak;;;;
7470;140,7906;7,495280533;08.11.;Thu;Low;Off-Peak;;;;
7471;197,1252;10,49437018;08.11.;Thu;Low;Standard;;;;
7472;350,5944;18,66462236;08.11.;Thu;Low;Peak;;;;
7473;350,5944;18,66462236;08.11.;Thu;Low;Peak;;;;
7474;197,1252;10,49437018;08.11.;Thu;Low;Standard;;;;
7475;197,1252;10,49437018;08.11.;Thu;Low;Standard;;;;
7476;197,1252;10,49437018;08.11.;Thu;Low;Standard;;;;
7477;197,1252;10,49437018;08.11.;Thu;Low;Standard;;;;
7478;197,1252;10,49437018;08.11.;Thu;Low;Standard;;;;
7479;197,1252;10,49437018;08.11.;Thu;Low;Standard;;;;
7480;197,1252;10,49437018;08.11.;Thu;Low;Standard;;;;
7481;197,1252;10,49437018;08.11.;Thu;Low;Standard;;;;
7482;197,1252;10,49437018;08.11.;Thu;Low;Standard;;;;
7483;350,5944;18,66462236;08.11.;Thu;Low;Peak;;;;
7484;350,5944;18,66462236;08.11.;Thu;Low;Peak;;;;
7485;350,5944;18,66462236;08.11.;Thu;Low;Peak;;;;
7486;197,1252;10,49437018;08.11.;Thu;Low;Standard;;;;
7487;140,7906;7,495280533;08.11.;Thu;Low;Off-Peak;;;;
7488;140,7906;7,495280533;08.11.;Thu;Low;Off-Peak;;;;
7489;140,7906;7,495280533;09.11.;Fri;Low;Off-Peak;;;;
7490;140,7906;7,495280533;09.11.;Fri;Low;Off-Peak;;;;
7491;140,7906;7,495280533;09.11.;Fri;Low;Off-Peak;;;;
7492;140,7906;7,495280533;09.11.;Fri;Low;Off-Peak;;;;
7493;140,7906;7,495280533;09.11.;Fri;Low;Off-Peak;;;;
7494;140,7906;7,495280533;09.11.;Fri;Low;Off-Peak;;;;
7495;197,1252;10,49437018;09.11.;Fri;Low;Standard;;;;
7496;350,5944;18,66462236;09.11.;Fri;Low;Peak;;;;
7497;350,5944;18,66462236;09.11.;Fri;Low;Peak;;;;
7498;197,1252;10,49437018;09.11.;Fri;Low;Standard;;;;
7499;197,1252;10,49437018;09.11.;Fri;Low;Standard;;;;
7500;197,1252;10,49437018;09.11.;Fri;Low;Standard;;;;
7501;197,1252;10,49437018;09.11.;Fri;Low;Standard;;;;
7502;197,1252;10,49437018;09.11.;Fri;Low;Standard;;;;
7503;197,1252;10,49437018;09.11.;Fri;Low;Standard;;;;
7504;197,1252;10,49437018;09.11.;Fri;Low;Standard;;;;
7505;197,1252;10,49437018;09.11.;Fri;Low;Standard;;;;
7506;197,1252;10,49437018;09.11.;Fri;Low;Standard;;;;
7507;350,5944;18,66462236;09.11.;Fri;Low;Peak;;;;
7508;350,5944;18,66462236;09.11.;Fri;Low;Peak;;;;
7509;350,5944;18,66462236;09.11.;Fri;Low;Peak;;;;
7510;197,1252;10,49437018;09.11.;Fri;Low;Standard;;;;
7511;140,7906;7,495280533;09.11.;Fri;Low;Off-Peak;;;;
7512;140,7906;7,495280533;09.11.;Fri;Low;Off-Peak;;;;
7513;140,7906;7,495280533;10.11.;Sat;Low;Off-Peak;;;;
7514;140,7906;7,495280533;10.11.;Sat;Low;Off-Peak;;;;
7515;140,7906;7,495280533;10.11.;Sat;Low;Off-Peak;;;;
7516;140,7906;7,495280533;10.11.;Sat;Low;Off-Peak;;;;
7517;140,7906;7,495280533;10.11.;Sat;Low;Off-Peak;;;;
7518;140,7906;7,495280533;10.11.;Sat;Low;Off-Peak;;;;
7519;140,7906;7,495280533;10.11.;Sat;Low;Off-Peak;;;;
7520;197,1252;10,49437018;10.11.;Sat;Low;Standard;;;;
7521;197,1252;10,49437018;10.11.;Sat;Low;Standard;;;;
7522;197,1252;10,49437018;10.11.;Sat;Low;Standard;;;;
7523;197,1252;10,49437018;10.11.;Sat;Low;Standard;;;;
7524;197,1252;10,49437018;10.11.;Sat;Low;Standard;;;;
7525;140,7906;7,495280533;10.11.;Sat;Low;Off-Peak;;;;
7526;140,7906;7,495280533;10.11.;Sat;Low;Off-Peak;;;;
7527;140,7906;7,495280533;10.11.;Sat;Low;Off-Peak;;;;
7528;140,7906;7,495280533;10.11.;Sat;Low;Off-Peak;;;;
7529;140,7906;7,495280533;10.11.;Sat;Low;Off-Peak;;;;
7530;140,7906;7,495280533;10.11.;Sat;Low;Off-Peak;;;;
7531;197,1252;10,49437018;10.11.;Sat;Low;Standard;;;;
7532;197,1252;10,49437018;10.11.;Sat;Low;Standard;;;;
7533;140,7906;7,495280533;10.11.;Sat;Low;Off-Peak;;;;
7534;140,7906;7,495280533;10.11.;Sat;Low;Off-Peak;;;;
7535;140,7906;7,495280533;10.11.;Sat;Low;Off-Peak;;;;
7536;140,7906;7,495280533;10.11.;Sat;Low;Off-Peak;;;;
7537;140,7906;7,495280533;11.11.;Sun;Low;Off-Peak;;;;
7538;140,7906;7,495280533;11.11.;Sun;Low;Off-Peak;;;;
7539;140,7906;7,495280533;11.11.;Sun;Low;Off-Peak;;;;
7540;140,7906;7,495280533;11.11.;Sun;Low;Off-Peak;;;;
7541;140,7906;7,495280533;11.11.;Sun;Low;Off-Peak;;;;
7542;140,7906;7,495280533;11.11.;Sun;Low;Off-Peak;;;;
7543;140,7906;7,495280533;11.11.;Sun;Low;Off-Peak;;;;
7544;140,7906;7,495280533;11.11.;Sun;Low;Off-Peak;;;;
7545;140,7906;7,495280533;11.11.;Sun;Low;Off-Peak;;;;
7546;140,7906;7,495280533;11.11.;Sun;Low;Off-Peak;;;;
7547;140,7906;7,495280533;11.11.;Sun;Low;Off-Peak;;;;
7548;140,7906;7,495280533;11.11.;Sun;Low;Off-Peak;;;;
7549;140,7906;7,495280533;11.11.;Sun;Low;Off-Peak;;;;
7550;140,7906;7,495280533;11.11.;Sun;Low;Off-Peak;;;;
7551;140,7906;7,495280533;11.11.;Sun;Low;Off-Peak;;;;
7552;140,7906;7,495280533;11.11.;Sun;Low;Off-Peak;;;;
7553;140,7906;7,495280533;11.11.;Sun;Low;Off-Peak;;;;
7554;140,7906;7,495280533;11.11.;Sun;Low;Off-Peak;;;;
7555;197,1252;10,49437018;11.11.;Sun;Low;Standard;;;;
7556;197,1252;10,49437018;11.11.;Sun;Low;Standard;;;;
7557;140,7906;7,495280533;11.11.;Sun;Low;Off-Peak;;;;
7558;140,7906;7,495280533;11.11.;Sun;Low;Off-Peak;;;;
7559;140,7906;7,495280533;11.11.;Sun;Low;Off-Peak;;;;
7560;140,7906;7,495280533;11.11.;Sun;Low;Off-Peak;;;;
7561;140,7906;7,495280533;12.11.;Mon;Low;Off-Peak;;;;
7562;140,7906;7,495280533;12.11.;Mon;Low;Off-Peak;;;;
7563;140,7906;7,495280533;12.11.;Mon;Low;Off-Peak;;;;
7564;140,7906;7,495280533;12.11.;Mon;Low;Off-Peak;;;;
7565;140,7906;7,495280533;12.11.;Mon;Low;Off-Peak;;;;
7566;140,7906;7,495280533;12.11.;Mon;Low;Off-Peak;;;;
7567;197,1252;10,49437018;12.11.;Mon;Low;Standard;;;;
7568;350,5944;18,66462236;12.11.;Mon;Low;Peak;;;;
7569;350,5944;18,66462236;12.11.;Mon;Low;Peak;;;;
7570;197,1252;10,49437018;12.11.;Mon;Low;Standard;;;;
7571;197,1252;10,49437018;12.11.;Mon;Low;Standard;;;;
7572;197,1252;10,49437018;12.11.;Mon;Low;Standard;;;;
7573;197,1252;10,49437018;12.11.;Mon;Low;Standard;;;;
7574;197,1252;10,49437018;12.11.;Mon;Low;Standard;;;;
7575;197,1252;10,49437018;12.11.;Mon;Low;Standard;;;;
7576;197,1252;10,49437018;12.11.;Mon;Low;Standard;;;;
7577;197,1252;10,49437018;12.11.;Mon;Low;Standard;;;;
7578;197,1252;10,49437018;12.11.;Mon;Low;Standard;;;;
7579;350,5944;18,66462236;12.11.;Mon;Low;Peak;;;;
7580;350,5944;18,66462236;12.11.;Mon;Low;Peak;;;;
7581;350,5944;18,66462236;12.11.;Mon;Low;Peak;;;;
7582;197,1252;10,49437018;12.11.;Mon;Low;Standard;;;;
7583;140,7906;7,495280533;12.11.;Mon;Low;Off-Peak;;;;
7584;140,7906;7,495280533;12.11.;Mon;Low;Off-Peak;;;;
7585;140,7906;7,495280533;13.11.;Tue;Low;Off-Peak;;;;
7586;140,7906;7,495280533;13.11.;Tue;Low;Off-Peak;;;;
7587;140,7906;7,495280533;13.11.;Tue;Low;Off-Peak;;;;
7588;140,7906;7,495280533;13.11.;Tue;Low;Off-Peak;;;;
7589;140,7906;7,495280533;13.11.;Tue;Low;Off-Peak;;;;
7590;140,7906;7,495280533;13.11.;Tue;Low;Off-Peak;;;;
7591;197,1252;10,49437018;13.11.;Tue;Low;Standard;;;;
7592;350,5944;18,66462236;13.11.;Tue;Low;Peak;;;;
7593;350,5944;18,66462236;13.11.;Tue;Low;Peak;;;;
7594;197,1252;10,49437018;13.11.;Tue;Low;Standard;;;;
7595;197,1252;10,49437018;13.11.;Tue;Low;Standard;;;;
7596;197,1252;10,49437018;13.11.;Tue;Low;Standard;;;;
7597;197,1252;10,49437018;13.11.;Tue;Low;Standard;;;;
7598;197,1252;10,49437018;13.11.;Tue;Low;Standard;;;;
7599;197,1252;10,49437018;13.11.;Tue;Low;Standard;;;;
7600;197,1252;10,49437018;13.11.;Tue;Low;Standard;;;;
7601;197,1252;10,49437018;13.11.;Tue;Low;Standard;;;;
7602;197,1252;10,49437018;13.11.;Tue;Low;Standard;;;;
7603;350,5944;18,66462236;13.11.;Tue;Low;Peak;;;;
7604;350,5944;18,66462236;13.11.;Tue;Low;Peak;;;;
7605;350,5944;18,66462236;13.11.;Tue;Low;Peak;;;;
7606;197,1252;10,49437018;13.11.;Tue;Low;Standard;;;;
7607;140,7906;7,495280533;13.11.;Tue;Low;Off-Peak;;;;
7608;140,7906;7,495280533;13.11.;Tue;Low;Off-Peak;;;;
7609;140,7906;7,495280533;14.11.;Wed;Low;Off-Peak;;;;
7610;140,7906;7,495280533;14.11.;Wed;Low;Off-Peak;;;;
7611;140,7906;7,495280533;14.11.;Wed;Low;Off-Peak;;;;
7612;140,7906;7,495280533;14.11.;Wed;Low;Off-Peak;;;;
7613;140,7906;7,495280533;14.11.;Wed;Low;Off-Peak;;;;
7614;140,7906;7,495280533;14.11.;Wed;Low;Off-Peak;;;;
7615;197,1252;10,49437018;14.11.;Wed;Low;Standard;;;;
7616;350,5944;18,66462236;14.11.;Wed;Low;Peak;;;;
7617;350,5944;18,66462236;14.11.;Wed;Low;Peak;;;;
7618;197,1252;10,49437018;14.11.;Wed;Low;Standard;;;;
7619;197,1252;10,49437018;14.11.;Wed;Low;Standard;;;;
7620;197,1252;10,49437018;14.11.;Wed;Low;Standard;;;;
7621;197,1252;10,49437018;14.11.;Wed;Low;Standard;;;;
7622;197,1252;10,49437018;14.11.;Wed;Low;Standard;;;;
7623;197,1252;10,49437018;14.11.;Wed;Low;Standard;;;;
7624;197,1252;10,49437018;14.11.;Wed;Low;Standard;;;;
7625;197,1252;10,49437018;14.11.;Wed;Low;Standard;;;;
7626;197,1252;10,49437018;14.11.;Wed;Low;Standard;;;;
7627;350,5944;18,66462236;14.11.;Wed;Low;Peak;;;;
7628;350,5944;18,66462236;14.11.;Wed;Low;Peak;;;;
7629;350,5944;18,66462236;14.11.;Wed;Low;Peak;;;;
7630;197,1252;10,49437018;14.11.;Wed;Low;Standard;;;;
7631;140,7906;7,495280533;14.11.;Wed;Low;Off-Peak;;;;
7632;140,7906;7,495280533;14.11.;Wed;Low;Off-Peak;;;;
7633;140,7906;7,495280533;15.11.;Thu;Low;Off-Peak;;;;
7634;140,7906;7,495280533;15.11.;Thu;Low;Off-Peak;;;;
7635;140,7906;7,495280533;15.11.;Thu;Low;Off-Peak;;;;
7636;140,7906;7,495280533;15.11.;Thu;Low;Off-Peak;;;;
7637;140,7906;7,495280533;15.11.;Thu;Low;Off-Peak;;;;
7638;140,7906;7,495280533;15.11.;Thu;Low;Off-Peak;;;;
7639;197,1252;10,49437018;15.11.;Thu;Low;Standard;;;;
7640;350,5944;18,66462236;15.11.;Thu;Low;Peak;;;;
7641;350,5944;18,66462236;15.11.;Thu;Low;Peak;;;;
7642;197,1252;10,49437018;15.11.;Thu;Low;Standard;;;;
7643;197,1252;10,49437018;15.11.;Thu;Low;Standard;;;;
7644;197,1252;10,49437018;15.11.;Thu;Low;Standard;;;;
7645;197,1252;10,49437018;15.11.;Thu;Low;Standard;;;;
7646;197,1252;10,49437018;15.11.;Thu;Low;Standard;;;;
7647;197,1252;10,49437018;15.11.;Thu;Low;Standard;;;;
7648;197,1252;10,49437018;15.11.;Thu;Low;Standard;;;;
7649;197,1252;10,49437018;15.11.;Thu;Low;Standard;;;;
7650;197,1252;10,49437018;15.11.;Thu;Low;Standard;;;;
7651;350,5944;18,66462236;15.11.;Thu;Low;Peak;;;;
7652;350,5944;18,66462236;15.11.;Thu;Low;Peak;;;;
7653;350,5944;18,66462236;15.11.;Thu;Low;Peak;;;;
7654;197,1252;10,49437018;15.11.;Thu;Low;Standard;;;;
7655;140,7906;7,495280533;15.11.;Thu;Low;Off-Peak;;;;
7656;140,7906;7,495280533;15.11.;Thu;Low;Off-Peak;;;;
7657;140,7906;7,495280533;16.11.;Fri;Low;Off-Peak;;;;
7658;140,7906;7,495280533;16.11.;Fri;Low;Off-Peak;;;;
7659;140,7906;7,495280533;16.11.;Fri;Low;Off-Peak;;;;
7660;140,7906;7,495280533;16.11.;Fri;Low;Off-Peak;;;;
7661;140,7906;7,495280533;16.11.;Fri;Low;Off-Peak;;;;
7662;140,7906;7,495280533;16.11.;Fri;Low;Off-Peak;;;;
7663;197,1252;10,49437018;16.11.;Fri;Low;Standard;;;;
7664;350,5944;18,66462236;16.11.;Fri;Low;Peak;;;;
7665;350,5944;18,66462236;16.11.;Fri;Low;Peak;;;;
7666;197,1252;10,49437018;16.11.;Fri;Low;Standard;;;;
7667;197,1252;10,49437018;16.11.;Fri;Low;Standard;;;;
7668;197,1252;10,49437018;16.11.;Fri;Low;Standard;;;;
7669;197,1252;10,49437018;16.11.;Fri;Low;Standard;;;;
7670;197,1252;10,49437018;16.11.;Fri;Low;Standard;;;;
7671;197,1252;10,49437018;16.11.;Fri;Low;Standard;;;;
7672;197,1252;10,49437018;16.11.;Fri;Low;Standard;;;;
7673;197,1252;10,49437018;16.11.;Fri;Low;Standard;;;;
7674;197,1252;10,49437018;16.11.;Fri;Low;Standard;;;;
7675;350,5944;18,66462236;16.11.;Fri;Low;Peak;;;;
7676;350,5944;18,66462236;16.11.;Fri;Low;Peak;;;;
7677;350,5944;18,66462236;16.11.;Fri;Low;Peak;;;;
7678;197,1252;10,49437018;16.11.;Fri;Low;Standard;;;;
7679;140,7906;7,495280533;16.11.;Fri;Low;Off-Peak;;;;
7680;140,7906;7,495280533;16.11.;Fri;Low;Off-Peak;;;;
7681;140,7906;7,495280533;17.11.;Sat;Low;Off-Peak;;;;
7682;140,7906;7,495280533;17.11.;Sat;Low;Off-Peak;;;;
7683;140,7906;7,495280533;17.11.;Sat;Low;Off-Peak;;;;
7684;140,7906;7,495280533;17.11.;Sat;Low;Off-Peak;;;;
7685;140,7906;7,495280533;17.11.;Sat;Low;Off-Peak;;;;
7686;140,7906;7,495280533;17.11.;Sat;Low;Off-Peak;;;;
7687;140,7906;7,495280533;17.11.;Sat;Low;Off-Peak;;;;
7688;197,1252;10,49437018;17.11.;Sat;Low;Standard;;;;
7689;197,1252;10,49437018;17.11.;Sat;Low;Standard;;;;
7690;197,1252;10,49437018;17.11.;Sat;Low;Standard;;;;
7691;197,1252;10,49437018;17.11.;Sat;Low;Standard;;;;
7692;197,1252;10,49437018;17.11.;Sat;Low;Standard;;;;
7693;140,7906;7,495280533;17.11.;Sat;Low;Off-Peak;;;;
7694;140,7906;7,495280533;17.11.;Sat;Low;Off-Peak;;;;
7695;140,7906;7,495280533;17.11.;Sat;Low;Off-Peak;;;;
7696;140,7906;7,495280533;17.11.;Sat;Low;Off-Peak;;;;
7697;140,7906;7,495280533;17.11.;Sat;Low;Off-Peak;;;;
7698;140,7906;7,495280533;17.11.;Sat;Low;Off-Peak;;;;
7699;197,1252;10,49437018;17.11.;Sat;Low;Standard;;;;
7700;197,1252;10,49437018;17.11.;Sat;Low;Standard;;;;
7701;140,7906;7,495280533;17.11.;Sat;Low;Off-Peak;;;;
7702;140,7906;7,495280533;17.11.;Sat;Low;Off-Peak;;;;
7703;140,7906;7,495280533;17.11.;Sat;Low;Off-Peak;;;;
7704;140,7906;7,495280533;17.11.;Sat;Low;Off-Peak;;;;
7705;140,7906;7,495280533;18.11.;Sun;Low;Off-Peak;;;;
7706;140,7906;7,495280533;18.11.;Sun;Low;Off-Peak;;;;
7707;140,7906;7,495280533;18.11.;Sun;Low;Off-Peak;;;;
7708;140,7906;7,495280533;18.11.;Sun;Low;Off-Peak;;;;
7709;140,7906;7,495280533;18.11.;Sun;Low;Off-Peak;;;;
7710;140,7906;7,495280533;18.11.;Sun;Low;Off-Peak;;;;
7711;140,7906;7,495280533;18.11.;Sun;Low;Off-Peak;;;;
7712;140,7906;7,495280533;18.11.;Sun;Low;Off-Peak;;;;
7713;140,7906;7,495280533;18.11.;Sun;Low;Off-Peak;;;;
7714;140,7906;7,495280533;18.11.;Sun;Low;Off-Peak;;;;
7715;140,7906;7,495280533;18.11.;Sun;Low;Off-Peak;;;;
7716;140,7906;7,495280533;18.11.;Sun;Low;Off-Peak;;;;
7717;140,7906;7,495280533;18.11.;Sun;Low;Off-Peak;;;;
7718;140,7906;7,495280533;18.11.;Sun;Low;Off-Peak;;;;
7719;140,7906;7,495280533;18.11.;Sun;Low;Off-Peak;;;;
7720;140,7906;7,495280533;18.11.;Sun;Low;Off-Peak;;;;
7721;140,7906;7,495280533;18.11.;Sun;Low;Off-Peak;;;;
7722;140,7906;7,495280533;18.11.;Sun;Low;Off-Peak;;;;
7723;197,1252;10,49437018;18.11.;Sun;Low;Standard;;;;
7724;197,1252;10,49437018;18.11.;Sun;Low;Standard;;;;
7725;140,7906;7,495280533;18.11.;Sun;Low;Off-Peak;;;;
7726;140,7906;7,495280533;18.11.;Sun;Low;Off-Peak;;;;
7727;140,7906;7,495280533;18.11.;Sun;Low;Off-Peak;;;;
7728;140,7906;7,495280533;18.11.;Sun;Low;Off-Peak;;;;
7729;140,7906;7,495280533;19.11.;Mon;Low;Off-Peak;;;;
7730;140,7906;7,495280533;19.11.;Mon;Low;Off-Peak;;;;
7731;140,7906;7,495280533;19.11.;Mon;Low;Off-Peak;;;;
7732;140,7906;7,495280533;19.11.;Mon;Low;Off-Peak;;;;
7733;140,7906;7,495280533;19.11.;Mon;Low;Off-Peak;;;;
7734;140,7906;7,495280533;19.11.;Mon;Low;Off-Peak;;;;
7735;197,1252;10,49437018;19.11.;Mon;Low;Standard;;;;
7736;350,5944;18,66462236;19.11.;Mon;Low;Peak;;;;
7737;350,5944;18,66462236;19.11.;Mon;Low;Peak;;;;
7738;197,1252;10,49437018;19.11.;Mon;Low;Standard;;;;
7739;197,1252;10,49437018;19.11.;Mon;Low;Standard;;;;
7740;197,1252;10,49437018;19.11.;Mon;Low;Standard;;;;
7741;197,1252;10,49437018;19.11.;Mon;Low;Standard;;;;
7742;197,1252;10,49437018;19.11.;Mon;Low;Standard;;;;
7743;197,1252;10,49437018;19.11.;Mon;Low;Standard;;;;
7744;197,1252;10,49437018;19.11.;Mon;Low;Standard;;;;
7745;197,1252;10,49437018;19.11.;Mon;Low;Standard;;;;
7746;197,1252;10,49437018;19.11.;Mon;Low;Standard;;;;
7747;350,5944;18,66462236;19.11.;Mon;Low;Peak;;;;
7748;350,5944;18,66462236;19.11.;Mon;Low;Peak;;;;
7749;350,5944;18,66462236;19.11.;Mon;Low;Peak;;;;
7750;197,1252;10,49437018;19.11.;Mon;Low;Standard;;;;
7751;140,7906;7,495280533;19.11.;Mon;Low;Off-Peak;;;;
7752;140,7906;7,495280533;19.11.;Mon;Low;Off-Peak;;;;
7753;140,7906;7,495280533;20.11.;Tue;Low;Off-Peak;;;;
7754;140,7906;7,495280533;20.11.;Tue;Low;Off-Peak;;;;
7755;140,7906;7,495280533;20.11.;Tue;Low;Off-Peak;;;;
7756;140,7906;7,495280533;20.11.;Tue;Low;Off-Peak;;;;
7757;140,7906;7,495280533;20.11.;Tue;Low;Off-Peak;;;;
7758;140,7906;7,495280533;20.11.;Tue;Low;Off-Peak;;;;
7759;197,1252;10,49437018;20.11.;Tue;Low;Standard;;;;
7760;350,5944;18,66462236;20.11.;Tue;Low;Peak;;;;
7761;350,5944;18,66462236;20.11.;Tue;Low;Peak;;;;
7762;197,1252;10,49437018;20.11.;Tue;Low;Standard;;;;
7763;197,1252;10,49437018;20.11.;Tue;Low;Standard;;;;
7764;197,1252;10,49437018;20.11.;Tue;Low;Standard;;;;
7765;197,1252;10,49437018;20.11.;Tue;Low;Standard;;;;
7766;197,1252;10,49437018;20.11.;Tue;Low;Standard;;;;
7767;197,1252;10,49437018;20.11.;Tue;Low;Standard;;;;
7768;197,1252;10,49437018;20.11.;Tue;Low;Standard;;;;
7769;197,1252;10,49437018;20.11.;Tue;Low;Standard;;;;
7770;197,1252;10,49437018;20.11.;Tue;Low;Standard;;;;
7771;350,5944;18,66462236;20.11.;Tue;Low;Peak;;;;
7772;350,5944;18,66462236;20.11.;Tue;Low;Peak;;;;
7773;350,5944;18,66462236;20.11.;Tue;Low;Peak;;;;
7774;197,1252;10,49437018;20.11.;Tue;Low;Standard;;;;
7775;140,7906;7,495280533;20.11.;Tue;Low;Off-Peak;;;;
7776;140,7906;7,495280533;20.11.;Tue;Low;Off-Peak;;;;
7777;140,7906;7,495280533;21.11.;Wed;Low;Off-Peak;;;;
7778;140,7906;7,495280533;21.11.;Wed;Low;Off-Peak;;;;
7779;140,7906;7,495280533;21.11.;Wed;Low;Off-Peak;;;;
7780;140,7906;7,495280533;21.11.;Wed;Low;Off-Peak;;;;
7781;140,7906;7,495280533;21.11.;Wed;Low;Off-Peak;;;;
7782;140,7906;7,495280533;21.11.;Wed;Low;Off-Peak;;;;
7783;197,1252;10,49437018;21.11.;Wed;Low;Standard;;;;
7784;350,5944;18,66462236;21.11.;Wed;Low;Peak;;;;
7785;350,5944;18,66462236;21.11.;Wed;Low;Peak;;;;
7786;197,1252;10,49437018;21.11.;Wed;Low;Standard;;;;
7787;197,1252;10,49437018;21.11.;Wed;Low;Standard;;;;
7788;197,1252;10,49437018;21.11.;Wed;Low;Standard;;;;
7789;197,1252;10,49437018;21.11.;Wed;Low;Standard;;;;
7790;197,1252;10,49437018;21.11.;Wed;Low;Standard;;;;
7791;197,1252;10,49437018;21.11.;Wed;Low;Standard;;;;
7792;197,1252;10,49437018;21.11.;Wed;Low;Standard;;;;
7793;197,1252;10,49437018;21.11.;Wed;Low;Standard;;;;
7794;197,1252;10,49437018;21.11.;Wed;Low;Standard;;;;
7795;350,5944;18,66462236;21.11.;Wed;Low;Peak;;;;
7796;350,5944;18,66462236;21.11.;Wed;Low;Peak;;;;
7797;350,5944;18,66462236;21.11.;Wed;Low;Peak;;;;
7798;197,1252;10,49437018;21.11.;Wed;Low;Standard;;;;
7799;140,7906;7,495280533;21.11.;Wed;Low;Off-Peak;;;;
7800;140,7906;7,495280533;21.11.;Wed;Low;Off-Peak;;;;
7801;140,7906;7,495280533;22.11.;Thu;Low;Off-Peak;;;;
7802;140,7906;7,495280533;22.11.;Thu;Low;Off-Peak;;;;
7803;140,7906;7,495280533;22.11.;Thu;Low;Off-Peak;;;;
7804;140,7906;7,495280533;22.11.;Thu;Low;Off-Peak;;;;
7805;140,7906;7,495280533;22.11.;Thu;Low;Off-Peak;;;;
7806;140,7906;7,495280533;22.11.;Thu;Low;Off-Peak;;;;
7807;197,1252;10,49437018;22.11.;Thu;Low;Standard;;;;
7808;350,5944;18,66462236;22.11.;Thu;Low;Peak;;;;
7809;350,5944;18,66462236;22.11.;Thu;Low;Peak;;;;
7810;197,1252;10,49437018;22.11.;Thu;Low;Standard;;;;
7811;197,1252;10,49437018;22.11.;Thu;Low;Standard;;;;
7812;197,1252;10,49437018;22.11.;Thu;Low;Standard;;;;
7813;197,1252;10,49437018;22.11.;Thu;Low;Standard;;;;
7814;197,1252;10,49437018;22.11.;Thu;Low;Standard;;;;
7815;197,1252;10,49437018;22.11.;Thu;Low;Standard;;;;
7816;197,1252;10,49437018;22.11.;Thu;Low;Standard;;;;
7817;197,1252;10,49437018;22.11.;Thu;Low;Standard;;;;
7818;197,1252;10,49437018;22.11.;Thu;Low;Standard;;;;
7819;350,5944;18,66462236;22.11.;Thu;Low;Peak;;;;
7820;350,5944;18,66462236;22.11.;Thu;Low;Peak;;;;
7821;350,5944;18,66462236;22.11.;Thu;Low;Peak;;;;
7822;197,1252;10,49437018;22.11.;Thu;Low;Standard;;;;
7823;140,7906;7,495280533;22.11.;Thu;Low;Off-Peak;;;;
7824;140,7906;7,495280533;22.11.;Thu;Low;Off-Peak;;;;
7825;140,7906;7,495280533;23.11.;Fri;Low;Off-Peak;;;;
7826;140,7906;7,495280533;23.11.;Fri;Low;Off-Peak;;;;
7827;140,7906;7,495280533;23.11.;Fri;Low;Off-Peak;;;;
7828;140,7906;7,495280533;23.11.;Fri;Low;Off-Peak;;;;
7829;140,7906;7,495280533;23.11.;Fri;Low;Off-Peak;;;;
7830;140,7906;7,495280533;23.11.;Fri;Low;Off-Peak;;;;
7831;197,1252;10,49437018;23.11.;Fri;Low;Standard;;;;
7832;350,5944;18,66462236;23.11.;Fri;Low;Peak;;;;
7833;350,5944;18,66462236;23.11.;Fri;Low;Peak;;;;
7834;197,1252;10,49437018;23.11.;Fri;Low;Standard;;;;
7835;197,1252;10,49437018;23.11.;Fri;Low;Standard;;;;
7836;197,1252;10,49437018;23.11.;Fri;Low;Standard;;;;
7837;197,1252;10,49437018;23.11.;Fri;Low;Standard;;;;
7838;197,1252;10,49437018;23.11.;Fri;Low;Standard;;;;
7839;197,1252;10,49437018;23.11.;Fri;Low;Standard;;;;
7840;197,1252;10,49437018;23.11.;Fri;Low;Standard;;;;
7841;197,1252;10,49437018;23.11.;Fri;Low;Standard;;;;
7842;197,1252;10,49437018;23.11.;Fri;Low;Standard;;;;
7843;350,5944;18,66462236;23.11.;Fri;Low;Peak;;;;
7844;350,5944;18,66462236;23.11.;Fri;Low;Peak;;;;
7845;350,5944;18,66462236;23.11.;Fri;Low;Peak;;;;
7846;197,1252;10,49437018;23.11.;Fri;Low;Standard;;;;
7847;140,7906;7,495280533;23.11.;Fri;Low;Off-Peak;;;;
7848;140,7906;7,495280533;23.11.;Fri;Low;Off-Peak;;;;
7849;140,7906;7,495280533;24.11.;Sat;Low;Off-Peak;;;;
7850;140,7906;7,495280533;24.11.;Sat;Low;Off-Peak;;;;
7851;140,7906;7,495280533;24.11.;Sat;Low;Off-Peak;;;;
7852;140,7906;7,495280533;24.11.;Sat;Low;Off-Peak;;;;
7853;140,7906;7,495280533;24.11.;Sat;Low;Off-Peak;;;;
7854;140,7906;7,495280533;24.11.;Sat;Low;Off-Peak;;;;
7855;140,7906;7,495280533;24.11.;Sat;Low;Off-Peak;;;;
7856;197,1252;10,49437018;24.11.;Sat;Low;Standard;;;;
7857;197,1252;10,49437018;24.11.;Sat;Low;Standard;;;;
7858;197,1252;10,49437018;24.11.;Sat;Low;Standard;;;;
7859;197,1252;10,49437018;24.11.;Sat;Low;Standard;;;;
7860;197,1252;10,49437018;24.11.;Sat;Low;Standard;;;;
7861;140,7906;7,495280533;24.11.;Sat;Low;Off-Peak;;;;
7862;140,7906;7,495280533;24.11.;Sat;Low;Off-Peak;;;;
7863;140,7906;7,495280533;24.11.;Sat;Low;Off-Peak;;;;
7864;140,7906;7,495280533;24.11.;Sat;Low;Off-Peak;;;;
7865;140,7906;7,495280533;24.11.;Sat;Low;Off-Peak;;;;
7866;140,7906;7,495280533;24.11.;Sat;Low;Off-Peak;;;;
7867;197,1252;10,49437018;24.11.;Sat;Low;Standard;;;;
7868;197,1252;10,49437018;24.11.;Sat;Low;Standard;;;;
7869;140,7906;7,495280533;24.11.;Sat;Low;Off-Peak;;;;
7870;140,7906;7,495280533;24.11.;Sat;Low;Off-Peak;;;;
7871;140,7906;7,495280533;24.11.;Sat;Low;Off-Peak;;;;
7872;140,7906;7,495280533;24.11.;Sat;Low;Off-Peak;;;;
7873;140,7906;7,495280533;25.11.;Sun;Low;Off-Peak;;;;
7874;140,7906;7,495280533;25.11.;Sun;Low;Off-Peak;;;;
7875;140,7906;7,495280533;25.11.;Sun;Low;Off-Peak;;;;
7876;140,7906;7,495280533;25.11.;Sun;Low;Off-Peak;;;;
7877;140,7906;7,495280533;25.11.;Sun;Low;Off-Peak;;;;
7878;140,7906;7,495280533;25.11.;Sun;Low;Off-Peak;;;;
7879;140,7906;7,495280533;25.11.;Sun;Low;Off-Peak;;;;
7880;140,7906;7,495280533;25.11.;Sun;Low;Off-Peak;;;;
7881;140,7906;7,495280533;25.11.;Sun;Low;Off-Peak;;;;
7882;140,7906;7,495280533;25.11.;Sun;Low;Off-Peak;;;;
7883;140,7906;7,495280533;25.11.;Sun;Low;Off-Peak;;;;
7884;140,7906;7,495280533;25.11.;Sun;Low;Off-Peak;;;;
7885;140,7906;7,495280533;25.11.;Sun;Low;Off-Peak;;;;
7886;140,7906;7,495280533;25.11.;Sun;Low;Off-Peak;;;;
7887;140,7906;7,495280533;25.11.;Sun;Low;Off-Peak;;;;
7888;140,7906;7,495280533;25.11.;Sun;Low;Off-Peak;;;;
7889;140,7906;7,495280533;25.11.;Sun;Low;Off-Peak;;;;
7890;140,7906;7,495280533;25.11.;Sun;Low;Off-Peak;;;;
7891;197,1252;10,49437018;25.11.;Sun;Low;Standard;;;;
7892;197,1252;10,49437018;25.11.;Sun;Low;Standard;;;;
7893;140,7906;7,495280533;25.11.;Sun;Low;Off-Peak;;;;
7894;140,7906;7,495280533;25.11.;Sun;Low;Off-Peak;;;;
7895;140,7906;7,495280533;25.11.;Sun;Low;Off-Peak;;;;
7896;140,7906;7,495280533;25.11.;Sun;Low;Off-Peak;;;;
7897;140,7906;7,495280533;26.11.;Mon;Low;Off-Peak;;;;
7898;140,7906;7,495280533;26.11.;Mon;Low;Off-Peak;;;;
7899;140,7906;7,495280533;26.11.;Mon;Low;Off-Peak;;;;
7900;140,7906;7,495280533;26.11.;Mon;Low;Off-Peak;;;;
7901;140,7906;7,495280533;26.11.;Mon;Low;Off-Peak;;;;
7902;140,7906;7,495280533;26.11.;Mon;Low;Off-Peak;;;;
7903;197,1252;10,49437018;26.11.;Mon;Low;Standard;;;;
7904;350,5944;18,66462236;26.11.;Mon;Low;Peak;;;;
7905;350,5944;18,66462236;26.11.;Mon;Low;Peak;;;;
7906;197,1252;10,49437018;26.11.;Mon;Low;Standard;;;;
7907;197,1252;10,49437018;26.11.;Mon;Low;Standard;;;;
7908;197,1252;10,49437018;26.11.;Mon;Low;Standard;;;;
7909;197,1252;10,49437018;26.11.;Mon;Low;Standard;;;;
7910;197,1252;10,49437018;26.11.;Mon;Low;Standard;;;;
7911;197,1252;10,49437018;26.11.;Mon;Low;Standard;;;;
7912;197,1252;10,49437018;26.11.;Mon;Low;Standard;;;;
7913;197,1252;10,49437018;26.11.;Mon;Low;Standard;;;;
7914;197,1252;10,49437018;26.11.;Mon;Low;Standard;;;;
7915;350,5944;18,66462236;26.11.;Mon;Low;Peak;;;;
7916;350,5944;18,66462236;26.11.;Mon;Low;Peak;;;;
7917;350,5944;18,66462236;26.11.;Mon;Low;Peak;;;;
7918;197,1252;10,49437018;26.11.;Mon;Low;Standard;;;;
7919;140,7906;7,495280533;26.11.;Mon;Low;Off-Peak;;;;
7920;140,7906;7,495280533;26.11.;Mon;Low;Off-Peak;;;;
7921;140,7906;7,495280533;27.11.;Tue;Low;Off-Peak;;;;
7922;140,7906;7,495280533;27.11.;Tue;Low;Off-Peak;;;;
7923;140,7906;7,495280533;27.11.;Tue;Low;Off-Peak;;;;
7924;140,7906;7,495280533;27.11.;Tue;Low;Off-Peak;;;;
7925;140,7906;7,495280533;27.11.;Tue;Low;Off-Peak;;;;
7926;140,7906;7,495280533;27.11.;Tue;Low;Off-Peak;;;;
7927;197,1252;10,49437018;27.11.;Tue;Low;Standard;;;;
7928;350,5944;18,66462236;27.11.;Tue;Low;Peak;;;;
7929;350,5944;18,66462236;27.11.;Tue;Low;Peak;;;;
7930;197,1252;10,49437018;27.11.;Tue;Low;Standard;;;;
7931;197,1252;10,49437018;27.11.;Tue;Low;Standard;;;;
7932;197,1252;10,49437018;27.11.;Tue;Low;Standard;;;;
7933;197,1252;10,49437018;27.11.;Tue;Low;Standard;;;;
7934;197,1252;10,49437018;27.11.;Tue;Low;Standard;;;;
7935;197,1252;10,49437018;27.11.;Tue;Low;Standard;;;;
7936;197,1252;10,49437018;27.11.;Tue;Low;Standard;;;;
7937;197,1252;10,49437018;27.11.;Tue;Low;Standard;;;;
7938;197,1252;10,49437018;27.11.;Tue;Low;Standard;;;;
7939;350,5944;18,66462236;27.11.;Tue;Low;Peak;;;;
7940;350,5944;18,66462236;27.11.;Tue;Low;Peak;;;;
7941;350,5944;18,66462236;27.11.;Tue;Low;Peak;;;;
7942;197,1252;10,49437018;27.11.;Tue;Low;Standard;;;;
7943;140,7906;7,495280533;27.11.;Tue;Low;Off-Peak;;;;
7944;140,7906;7,495280533;27.11.;Tue;Low;Off-Peak;;;;
7945;140,7906;7,495280533;28.11.;Wed;Low;Off-Peak;;;;
7946;140,7906;7,495280533;28.11.;Wed;Low;Off-Peak;;;;
7947;140,7906;7,495280533;28.11.;Wed;Low;Off-Peak;;;;
7948;140,7906;7,495280533;28.11.;Wed;Low;Off-Peak;;;;
7949;140,7906;7,495280533;28.11.;Wed;Low;Off-Peak;;;;
7950;140,7906;7,495280533;28.11.;Wed;Low;Off-Peak;;;;
7951;197,1252;10,49437018;28.11.;Wed;Low;Standard;;;;
7952;350,5944;18,66462236;28.11.;Wed;Low;Peak;;;;
7953;350,5944;18,66462236;28.11.;Wed;Low;Peak;;;;
7954;197,1252;10,49437018;28.11.;Wed;Low;Standard;;;;
7955;197,1252;10,49437018;28.11.;Wed;Low;Standard;;;;
7956;197,1252;10,49437018;28.11.;Wed;Low;Standard;;;;
7957;197,1252;10,49437018;28.11.;Wed;Low;Standard;;;;
7958;197,1252;10,49437018;28.11.;Wed;Low;Standard;;;;
7959;197,1252;10,49437018;28.11.;Wed;Low;Standard;;;;
7960;197,1252;10,49437018;28.11.;Wed;Low;Standard;;;;
7961;197,1252;10,49437018;28.11.;Wed;Low;Standard;;;;
7962;197,1252;10,49437018;28.11.;Wed;Low;Standard;;;;
7963;350,5944;18,66462236;28.11.;Wed;Low;Peak;;;;
7964;350,5944;18,66462236;28.11.;Wed;Low;Peak;;;;
7965;350,5944;18,66462236;28.11.;Wed;Low;Peak;;;;
7966;197,1252;10,49437018;28.11.;Wed;Low;Standard;;;;
7967;140,7906;7,495280533;28.11.;Wed;Low;Off-Peak;;;;
7968;140,7906;7,495280533;28.11.;Wed;Low;Off-Peak;;;;
7969;140,7906;7,495280533;29.11.;Thu;Low;Off-Peak;;;;
7970;140,7906;7,495280533;29.11.;Thu;Low;Off-Peak;;;;
7971;140,7906;7,495280533;29.11.;Thu;Low;Off-Peak;;;;
7972;140,7906;7,495280533;29.11.;Thu;Low;Off-Peak;;;;
7973;140,7906;7,495280533;29.11.;Thu;Low;Off-Peak;;;;
7974;140,7906;7,495280533;29.11.;Thu;Low;Off-Peak;;;;
7975;197,1252;10,49437018;29.11.;Thu;Low;Standard;;;;
7976;350,5944;18,66462236;29.11.;Thu;Low;Peak;;;;
7977;350,5944;18,66462236;29.11.;Thu;Low;Peak;;;;
7978;197,1252;10,49437018;29.11.;Thu;Low;Standard;;;;
7979;197,1252;10,49437018;29.11.;Thu;Low;Standard;;;;
7980;197,1252;10,49437018;29.11.;Thu;Low;Standard;;;;
7981;197,1252;10,49437018;29.11.;Thu;Low;Standard;;;;
7982;197,1252;10,49437018;29.11.;Thu;Low;Standard;;;;
7983;197,1252;10,49437018;29.11.;Thu;Low;Standard;;;;
7984;197,1252;10,49437018;29.11.;Thu;Low;Standard;;;;
7985;197,1252;10,49437018;29.11.;Thu;Low;Standard;;;;
7986;197,1252;10,49437018;29.11.;Thu;Low;Standard;;;;
7987;350,5944;18,66462236;29.11.;Thu;Low;Peak;;;;
7988;350,5944;18,66462236;29.11.;Thu;Low;Peak;;;;
7989;350,5944;18,66462236;29.11.;Thu;Low;Peak;;;;
7990;197,1252;10,49437018;29.11.;Thu;Low;Standard;;;;
7991;140,7906;7,495280533;29.11.;Thu;Low;Off-Peak;;;;
7992;140,7906;7,495280533;29.11.;Thu;Low;Off-Peak;;;;
7993;140,7906;7,495280533;30.11.;Fri;Low;Off-Peak;;;;
7994;140,7906;7,495280533;30.11.;Fri;Low;Off-Peak;;;;
7995;140,7906;7,495280533;30.11.;Fri;Low;Off-Peak;;;;
7996;140,7906;7,495280533;30.11.;Fri;Low;Off-Peak;;;;
7997;140,7906;7,495280533;30.11.;Fri;Low;Off-Peak;;;;
7998;140,7906;7,495280533;30.11.;Fri;Low;Off-Peak;;;;
7999;197,1252;10,49437018;30.11.;Fri;Low;Standard;;;;
8000;350,5944;18,66462236;30.11.;Fri;Low;Peak;;;;
8001;350,5944;18,66462236;30.11.;Fri;Low;Peak;;;;
8002;197,1252;10,49437018;30.11.;Fri;Low;Standard;;;;
8003;197,1252;10,49437018;30.11.;Fri;Low;Standard;;;;
8004;197,1252;10,49437018;30.11.;Fri;Low;Standard;;;;
8005;197,1252;10,49437018;30.11.;Fri;Low;Standard;;;;
8006;197,1252;10,49437018;30.11.;Fri;Low;Standard;;;;
8007;197,1252;10,49437018;30.11.;Fri;Low;Standard;;;;
8008;197,1252;10,49437018;30.11.;Fri;Low;Standard;;;;
8009;197,1252;10,49437018;30.11.;Fri;Low;Standard;;;;
8010;197,1252;10,49437018;30.11.;Fri;Low;Standard;;;;
8011;350,5944;18,66462236;30.11.;Fri;Low;Peak;;;;
8012;350,5944;18,66462236;30.11.;Fri;Low;Peak;;;;
8013;350,5944;18,66462236;30.11.;Fri;Low;Peak;;;;
8014;197,1252;10,49437018;30.11.;Fri;Low;Standard;;;;
8015;140,7906;7,495280533;30.11.;Fri;Low;Off-Peak;;;;
8016;140,7906;7,495280533;30.11.;Fri;Low;Off-Peak;;;;
8017;140,7906;7,495280533;01.12.;Sat;Low;Off-Peak;;;;
8018;140,7906;7,495280533;01.12.;Sat;Low;Off-Peak;;;;
8019;140,7906;7,495280533;01.12.;Sat;Low;Off-Peak;;;;
8020;140,7906;7,495280533;01.12.;Sat;Low;Off-Peak;;;;
8021;140,7906;7,495280533;01.12.;Sat;Low;Off-Peak;;;;
8022;140,7906;7,495280533;01.12.;Sat;Low;Off-Peak;;;;
8023;140,7906;7,495280533;01.12.;Sat;Low;Off-Peak;;;;
8024;197,1252;10,49437018;01.12.;Sat;Low;Standard;;;;
8025;197,1252;10,49437018;01.12.;Sat;Low;Standard;;;;
8026;197,1252;10,49437018;01.12.;Sat;Low;Standard;;;;
8027;197,1252;10,49437018;01.12.;Sat;Low;Standard;;;;
8028;197,1252;10,49437018;01.12.;Sat;Low;Standard;;;;
8029;140,7906;7,495280533;01.12.;Sat;Low;Off-Peak;;;;
8030;140,7906;7,495280533;01.12.;Sat;Low;Off-Peak;;;;
8031;140,7906;7,495280533;01.12.;Sat;Low;Off-Peak;;;;
8032;140,7906;7,495280533;01.12.;Sat;Low;Off-Peak;;;;
8033;140,7906;7,495280533;01.12.;Sat;Low;Off-Peak;;;;
8034;140,7906;7,495280533;01.12.;Sat;Low;Off-Peak;;;;
8035;197,1252;10,49437018;01.12.;Sat;Low;Standard;;;;
8036;197,1252;10,49437018;01.12.;Sat;Low;Standard;;;;
8037;140,7906;7,495280533;01.12.;Sat;Low;Off-Peak;;;;
8038;140,7906;7,495280533;01.12.;Sat;Low;Off-Peak;;;;
8039;140,7906;7,495280533;01.12.;Sat;Low;Off-Peak;;;;
8040;140,7906;7,495280533;01.12.;Sat;Low;Off-Peak;;;;
8041;140,7906;7,495280533;02.12.;Sun;Low;Off-Peak;;;;
8042;140,7906;7,495280533;02.12.;Sun;Low;Off-Peak;;;;
8043;140,7906;7,495280533;02.12.;Sun;Low;Off-Peak;;;;
8044;140,7906;7,495280533;02.12.;Sun;Low;Off-Peak;;;;
8045;140,7906;7,495280533;02.12.;Sun;Low;Off-Peak;;;;
8046;140,7906;7,495280533;02.12.;Sun;Low;Off-Peak;;;;
8047;140,7906;7,495280533;02.12.;Sun;Low;Off-Peak;;;;
8048;140,7906;7,495280533;02.12.;Sun;Low;Off-Peak;;;;
8049;140,7906;7,495280533;02.12.;Sun;Low;Off-Peak;;;;
8050;140,7906;7,495280533;02.12.;Sun;Low;Off-Peak;;;;
8051;140,7906;7,495280533;02.12.;Sun;Low;Off-Peak;;;;
8052;140,7906;7,495280533;02.12.;Sun;Low;Off-Peak;;;;
8053;140,7906;7,495280533;02.12.;Sun;Low;Off-Peak;;;;
8054;140,7906;7,495280533;02.12.;Sun;Low;Off-Peak;;;;
8055;140,7906;7,495280533;02.12.;Sun;Low;Off-Peak;;;;
8056;140,7906;7,495280533;02.12.;Sun;Low;Off-Peak;;;;
8057;140,7906;7,495280533;02.12.;Sun;Low;Off-Peak;;;;
8058;140,7906;7,495280533;02.12.;Sun;Low;Off-Peak;;;;
8059;197,1252;10,49437018;02.12.;Sun;Low;Standard;;;;
8060;197,1252;10,49437018;02.12.;Sun;Low;Standard;;;;
8061;140,7906;7,495280533;02.12.;Sun;Low;Off-Peak;;;;
8062;140,7906;7,495280533;02.12.;Sun;Low;Off-Peak;;;;
8063;140,7906;7,495280533;02.12.;Sun;Low;Off-Peak;;;;
8064;140,7906;7,495280533;02.12.;Sun;Low;Off-Peak;;;;
8065;140,7906;7,495280533;03.12.;Mon;Low;Off-Peak;;;;
8066;140,7906;7,495280533;03.12.;Mon;Low;Off-Peak;;;;
8067;140,7906;7,495280533;03.12.;Mon;Low;Off-Peak;;;;
8068;140,7906;7,495280533;03.12.;Mon;Low;Off-Peak;;;;
8069;140,7906;7,495280533;03.12.;Mon;Low;Off-Peak;;;;
8070;140,7906;7,495280533;03.12.;Mon;Low;Off-Peak;;;;
8071;197,1252;10,49437018;03.12.;Mon;Low;Standard;;;;
8072;350,5944;18,66462236;03.12.;Mon;Low;Peak;;;;
8073;350,5944;18,66462236;03.12.;Mon;Low;Peak;;;;
8074;197,1252;10,49437018;03.12.;Mon;Low;Standard;;;;
8075;197,1252;10,49437018;03.12.;Mon;Low;Standard;;;;
8076;197,1252;10,49437018;03.12.;Mon;Low;Standard;;;;
8077;197,1252;10,49437018;03.12.;Mon;Low;Standard;;;;
8078;197,1252;10,49437018;03.12.;Mon;Low;Standard;;;;
8079;197,1252;10,49437018;03.12.;Mon;Low;Standard;;;;
8080;197,1252;10,49437018;03.12.;Mon;Low;Standard;;;;
8081;197,1252;10,49437018;03.12.;Mon;Low;Standard;;;;
8082;197,1252;10,49437018;03.12.;Mon;Low;Standard;;;;
8083;350,5944;18,66462236;03.12.;Mon;Low;Peak;;;;
8084;350,5944;18,66462236;03.12.;Mon;Low;Peak;;;;
8085;350,5944;18,66462236;03.12.;Mon;Low;Peak;;;;
8086;197,1252;10,49437018;03.12.;Mon;Low;Standard;;;;
8087;140,7906;7,495280533;03.12.;Mon;Low;Off-Peak;;;;
8088;140,7906;7,495280533;03.12.;Mon;Low;Off-Peak;;;;
8089;140,7906;7,495280533;04.12.;Tue;Low;Off-Peak;;;;
8090;140,7906;7,495280533;04.12.;Tue;Low;Off-Peak;;;;
8091;140,7906;7,495280533;04.12.;Tue;Low;Off-Peak;;;;
8092;140,7906;7,495280533;04.12.;Tue;Low;Off-Peak;;;;
8093;140,7906;7,495280533;04.12.;Tue;Low;Off-Peak;;;;
8094;140,7906;7,495280533;04.12.;Tue;Low;Off-Peak;;;;
8095;197,1252;10,49437018;04.12.;Tue;Low;Standard;;;;
8096;350,5944;18,66462236;04.12.;Tue;Low;Peak;;;;
8097;350,5944;18,66462236;04.12.;Tue;Low;Peak;;;;
8098;197,1252;10,49437018;04.12.;Tue;Low;Standard;;;;
8099;197,1252;10,49437018;04.12.;Tue;Low;Standard;;;;
8100;197,1252;10,49437018;04.12.;Tue;Low;Standard;;;;
8101;197,1252;10,49437018;04.12.;Tue;Low;Standard;;;;
8102;197,1252;10,49437018;04.12.;Tue;Low;Standard;;;;
8103;197,1252;10,49437018;04.12.;Tue;Low;Standard;;;;
8104;197,1252;10,49437018;04.12.;Tue;Low;Standard;;;;
8105;197,1252;10,49437018;04.12.;Tue;Low;Standard;;;;
8106;197,1252;10,49437018;04.12.;Tue;Low;Standard;;;;
8107;350,5944;18,66462236;04.12.;Tue;Low;Peak;;;;
8108;350,5944;18,66462236;04.12.;Tue;Low;Peak;;;;
8109;350,5944;18,66462236;04.12.;Tue;Low;Peak;;;;
8110;197,1252;10,49437018;04.12.;Tue;Low;Standard;;;;
8111;140,7906;7,495280533;04.12.;Tue;Low;Off-Peak;;;;
8112;140,7906;7,495280533;04.12.;Tue;Low;Off-Peak;;;;
8113;140,7906;7,495280533;05.12.;Wed;Low;Off-Peak;;;;
8114;140,7906;7,495280533;05.12.;Wed;Low;Off-Peak;;;;
8115;140,7906;7,495280533;05.12.;Wed;Low;Off-Peak;;;;
8116;140,7906;7,495280533;05.12.;Wed;Low;Off-Peak;;;;
8117;140,7906;7,495280533;05.12.;Wed;Low;Off-Peak;;;;
8118;140,7906;7,495280533;05.12.;Wed;Low;Off-Peak;;;;
8119;197,1252;10,49437018;05.12.;Wed;Low;Standard;;;;
8120;350,5944;18,66462236;05.12.;Wed;Low;Peak;;;;
8121;350,5944;18,66462236;05.12.;Wed;Low;Peak;;;;
8122;197,1252;10,49437018;05.12.;Wed;Low;Standard;;;;
8123;197,1252;10,49437018;05.12.;Wed;Low;Standard;;;;
8124;197,1252;10,49437018;05.12.;Wed;Low;Standard;;;;
8125;197,1252;10,49437018;05.12.;Wed;Low;Standard;;;;
8126;197,1252;10,49437018;05.12.;Wed;Low;Standard;;;;
8127;197,1252;10,49437018;05.12.;Wed;Low;Standard;;;;
8128;197,1252;10,49437018;05.12.;Wed;Low;Standard;;;;
8129;197,1252;10,49437018;05.12.;Wed;Low;Standard;;;;
8130;197,1252;10,49437018;05.12.;Wed;Low;Standard;;;;
8131;350,5944;18,66462236;05.12.;Wed;Low;Peak;;;;
8132;350,5944;18,66462236;05.12.;Wed;Low;Peak;;;;
8133;350,5944;18,66462236;05.12.;Wed;Low;Peak;;;;
8134;197,1252;10,49437018;05.12.;Wed;Low;Standard;;;;
8135;140,7906;7,495280533;05.12.;Wed;Low;Off-Peak;;;;
8136;140,7906;7,495280533;05.12.;Wed;Low;Off-Peak;;;;
8137;140,7906;7,495280533;06.12.;Thu;Low;Off-Peak;;;;
8138;140,7906;7,495280533;06.12.;Thu;Low;Off-Peak;;;;
8139;140,7906;7,495280533;06.12.;Thu;Low;Off-Peak;;;;
8140;140,7906;7,495280533;06.12.;Thu;Low;Off-Peak;;;;
8141;140,7906;7,495280533;06.12.;Thu;Low;Off-Peak;;;;
8142;140,7906;7,495280533;06.12.;Thu;Low;Off-Peak;;;;
8143;197,1252;10,49437018;06.12.;Thu;Low;Standard;;;;
8144;350,5944;18,66462236;06.12.;Thu;Low;Peak;;;;
8145;350,5944;18,66462236;06.12.;Thu;Low;Peak;;;;
8146;197,1252;10,49437018;06.12.;Thu;Low;Standard;;;;
8147;197,1252;10,49437018;06.12.;Thu;Low;Standard;;;;
8148;197,1252;10,49437018;06.12.;Thu;Low;Standard;;;;
8149;197,1252;10,49437018;06.12.;Thu;Low;Standard;;;;
8150;197,1252;10,49437018;06.12.;Thu;Low;Standard;;;;
8151;197,1252;10,49437018;06.12.;Thu;Low;Standard;;;;
8152;197,1252;10,49437018;06.12.;Thu;Low;Standard;;;;
8153;197,1252;10,49437018;06.12.;Thu;Low;Standard;;;;
8154;197,1252;10,49437018;06.12.;Thu;Low;Standard;;;;
8155;350,5944;18,66462236;06.12.;Thu;Low;Peak;;;;
8156;350,5944;18,66462236;06.12.;Thu;Low;Peak;;;;
8157;350,5944;18,66462236;06.12.;Thu;Low;Peak;;;;
8158;197,1252;10,49437018;06.12.;Thu;Low;Standard;;;;
8159;140,7906;7,495280533;06.12.;Thu;Low;Off-Peak;;;;
8160;140,7906;7,495280533;06.12.;Thu;Low;Off-Peak;;;;
8161;140,7906;7,495280533;07.12.;Fri;Low;Off-Peak;;;;
8162;140,7906;7,495280533;07.12.;Fri;Low;Off-Peak;;;;
8163;140,7906;7,495280533;07.12.;Fri;Low;Off-Peak;;;;
8164;140,7906;7,495280533;07.12.;Fri;Low;Off-Peak;;;;
8165;140,7906;7,495280533;07.12.;Fri;Low;Off-Peak;;;;
8166;140,7906;7,495280533;07.12.;Fri;Low;Off-Peak;;;;
8167;197,1252;10,49437018;07.12.;Fri;Low;Standard;;;;
8168;350,5944;18,66462236;07.12.;Fri;Low;Peak;;;;
8169;350,5944;18,66462236;07.12.;Fri;Low;Peak;;;;
8170;197,1252;10,49437018;07.12.;Fri;Low;Standard;;;;
8171;197,1252;10,49437018;07.12.;Fri;Low;Standard;;;;
8172;197,1252;10,49437018;07.12.;Fri;Low;Standard;;;;
8173;197,1252;10,49437018;07.12.;Fri;Low;Standard;;;;
8174;197,1252;10,49437018;07.12.;Fri;Low;Standard;;;;
8175;197,1252;10,49437018;07.12.;Fri;Low;Standard;;;;
8176;197,1252;10,49437018;07.12.;Fri;Low;Standard;;;;
8177;197,1252;10,49437018;07.12.;Fri;Low;Standard;;;;
8178;197,1252;10,49437018;07.12.;Fri;Low;Standard;;;;
8179;350,5944;18,66462236;07.12.;Fri;Low;Peak;;;;
8180;350,5944;18,66462236;07.12.;Fri;Low;Peak;;;;
8181;350,5944;18,66462236;07.12.;Fri;Low;Peak;;;;
8182;197,1252;10,49437018;07.12.;Fri;Low;Standard;;;;
8183;140,7906;7,495280533;07.12.;Fri;Low;Off-Peak;;;;
8184;140,7906;7,495280533;07.12.;Fri;Low;Off-Peak;;;;
8185;140,7906;7,495280533;08.12.;Sat;Low;Off-Peak;;;;
8186;140,7906;7,495280533;08.12.;Sat;Low;Off-Peak;;;;
8187;140,7906;7,495280533;08.12.;Sat;Low;Off-Peak;;;;
8188;140,7906;7,495280533;08.12.;Sat;Low;Off-Peak;;;;
8189;140,7906;7,495280533;08.12.;Sat;Low;Off-Peak;;;;
8190;140,7906;7,495280533;08.12.;Sat;Low;Off-Peak;;;;
8191;140,7906;7,495280533;08.12.;Sat;Low;Off-Peak;;;;
8192;197,1252;10,49437018;08.12.;Sat;Low;Standard;;;;
8193;197,1252;10,49437018;08.12.;Sat;Low;Standard;;;;
8194;197,1252;10,49437018;08.12.;Sat;Low;Standard;;;;
8195;197,1252;10,49437018;08.12.;Sat;Low;Standard;;;;
8196;197,1252;10,49437018;08.12.;Sat;Low;Standard;;;;
8197;140,7906;7,495280533;08.12.;Sat;Low;Off-Peak;;;;
8198;140,7906;7,495280533;08.12.;Sat;Low;Off-Peak;;;;
8199;140,7906;7,495280533;08.12.;Sat;Low;Off-Peak;;;;
8200;140,7906;7,495280533;08.12.;Sat;Low;Off-Peak;;;;
8201;140,7906;7,495280533;08.12.;Sat;Low;Off-Peak;;;;
8202;140,7906;7,495280533;08.12.;Sat;Low;Off-Peak;;;;
8203;197,1252;10,49437018;08.12.;Sat;Low;Standard;;;;
8204;197,1252;10,49437018;08.12.;Sat;Low;Standard;;;;
8205;140,7906;7,495280533;08.12.;Sat;Low;Off-Peak;;;;
8206;140,7906;7,495280533;08.12.;Sat;Low;Off-Peak;;;;
8207;140,7906;7,495280533;08.12.;Sat;Low;Off-Peak;;;;
8208;140,7906;7,495280533;08.12.;Sat;Low;Off-Peak;;;;
8209;140,7906;7,495280533;09.12.;Sun;Low;Off-Peak;;;;
8210;140,7906;7,495280533;09.12.;Sun;Low;Off-Peak;;;;
8211;140,7906;7,495280533;09.12.;Sun;Low;Off-Peak;;;;
8212;140,7906;7,495280533;09.12.;Sun;Low;Off-Peak;;;;
8213;140,7906;7,495280533;09.12.;Sun;Low;Off-Peak;;;;
8214;140,7906;7,495280533;09.12.;Sun;Low;Off-Peak;;;;
8215;140,7906;7,495280533;09.12.;Sun;Low;Off-Peak;;;;
8216;140,7906;7,495280533;09.12.;Sun;Low;Off-Peak;;;;
8217;140,7906;7,495280533;09.12.;Sun;Low;Off-Peak;;;;
8218;140,7906;7,495280533;09.12.;Sun;Low;Off-Peak;;;;
8219;140,7906;7,495280533;09.12.;Sun;Low;Off-Peak;;;;
8220;140,7906;7,495280533;09.12.;Sun;Low;Off-Peak;;;;
8221;140,7906;7,495280533;09.12.;Sun;Low;Off-Peak;;;;
8222;140,7906;7,495280533;09.12.;Sun;Low;Off-Peak;;;;
8223;140,7906;7,495280533;09.12.;Sun;Low;Off-Peak;;;;
8224;140,7906;7,495280533;09.12.;Sun;Low;Off-Peak;;;;
8225;140,7906;7,495280533;09.12.;Sun;Low;Off-Peak;;;;
8226;140,7906;7,495280533;09.12.;Sun;Low;Off-Peak;;;;
8227;197,1252;10,49437018;09.12.;Sun;Low;Standard;;;;
8228;197,1252;10,49437018;09.12.;Sun;Low;Standard;;;;
8229;140,7906;7,495280533;09.12.;Sun;Low;Off-Peak;;;;
8230;140,7906;7,495280533;09.12.;Sun;Low;Off-Peak;;;;
8231;140,7906;7,495280533;09.12.;Sun;Low;Off-Peak;;;;
8232;140,7906;7,495280533;09.12.;Sun;Low;Off-Peak;;;;
8233;140,7906;7,495280533;10.12.;Mon;Low;Off-Peak;;;;
8234;140,7906;7,495280533;10.12.;Mon;Low;Off-Peak;;;;
8235;140,7906;7,495280533;10.12.;Mon;Low;Off-Peak;;;;
8236;140,7906;7,495280533;10.12.;Mon;Low;Off-Peak;;;;
8237;140,7906;7,495280533;10.12.;Mon;Low;Off-Peak;;;;
8238;140,7906;7,495280533;10.12.;Mon;Low;Off-Peak;;;;
8239;197,1252;10,49437018;10.12.;Mon;Low;Standard;;;;
8240;350,5944;18,66462236;10.12.;Mon;Low;Peak;;;;
8241;350,5944;18,66462236;10.12.;Mon;Low;Peak;;;;
8242;197,1252;10,49437018;10.12.;Mon;Low;Standard;;;;
8243;197,1252;10,49437018;10.12.;Mon;Low;Standard;;;;
8244;197,1252;10,49437018;10.12.;Mon;Low;Standard;;;;
8245;197,1252;10,49437018;10.12.;Mon;Low;Standard;;;;
8246;197,1252;10,49437018;10.12.;Mon;Low;Standard;;;;
8247;197,1252;10,49437018;10.12.;Mon;Low;Standard;;;;
8248;197,1252;10,49437018;10.12.;Mon;Low;Standard;;;;
8249;197,1252;10,49437018;10.12.;Mon;Low;Standard;;;;
8250;197,1252;10,49437018;10.12.;Mon;Low;Standard;;;;
8251;350,5944;18,66462236;10.12.;Mon;Low;Peak;;;;
8252;350,5944;18,66462236;10.12.;Mon;Low;Peak;;;;
8253;350,5944;18,66462236;10.12.;Mon;Low;Peak;;;;
8254;197,1252;10,49437018;10.12.;Mon;Low;Standard;;;;
8255;140,7906;7,495280533;10.12.;Mon;Low;Off-Peak;;;;
8256;140,7906;7,495280533;10.12.;Mon;Low;Off-Peak;;;;
8257;140,7906;7,495280533;11.12.;Tue;Low;Off-Peak;;;;
8258;140,7906;7,495280533;11.12.;Tue;Low;Off-Peak;;;;
8259;140,7906;7,495280533;11.12.;Tue;Low;Off-Peak;;;;
8260;140,7906;7,495280533;11.12.;Tue;Low;Off-Peak;;;;
8261;140,7906;7,495280533;11.12.;Tue;Low;Off-Peak;;;;
8262;140,7906;7,495280533;11.12.;Tue;Low;Off-Peak;;;;
8263;197,1252;10,49437018;11.12.;Tue;Low;Standard;;;;
8264;350,5944;18,66462236;11.12.;Tue;Low;Peak;;;;
8265;350,5944;18,66462236;11.12.;Tue;Low;Peak;;;;
8266;197,1252;10,49437018;11.12.;Tue;Low;Standard;;;;
8267;197,1252;10,49437018;11.12.;Tue;Low;Standard;;;;
8268;197,1252;10,49437018;11.12.;Tue;Low;Standard;;;;
8269;197,1252;10,49437018;11.12.;Tue;Low;Standard;;;;
8270;197,1252;10,49437018;11.12.;Tue;Low;Standard;;;;
8271;197,1252;10,49437018;11.12.;Tue;Low;Standard;;;;
8272;197,1252;10,49437018;11.12.;Tue;Low;Standard;;;;
8273;197,1252;10,49437018;11.12.;Tue;Low;Standard;;;;
8274;197,1252;10,49437018;11.12.;Tue;Low;Standard;;;;
8275;350,5944;18,66462236;11.12.;Tue;Low;Peak;;;;
8276;350,5944;18,66462236;11.12.;Tue;Low;Peak;;;;
8277;350,5944;18,66462236;11.12.;Tue;Low;Peak;;;;
8278;197,1252;10,49437018;11.12.;Tue;Low;Standard;;;;
8279;140,7906;7,495280533;11.12.;Tue;Low;Off-Peak;;;;
8280;140,7906;7,495280533;11.12.;Tue;Low;Off-Peak;;;;
8281;140,7906;7,495280533;12.12.;Wed;Low;Off-Peak;;;;
8282;140,7906;7,495280533;12.12.;Wed;Low;Off-Peak;;;;
8283;140,7906;7,495280533;12.12.;Wed;Low;Off-Peak;;;;
8284;140,7906;7,495280533;12.12.;Wed;Low;Off-Peak;;;;
8285;140,7906;7,495280533;12.12.;Wed;Low;Off-Peak;;;;
8286;140,7906;7,495280533;12.12.;Wed;Low;Off-Peak;;;;
8287;197,1252;10,49437018;12.12.;Wed;Low;Standard;;;;
8288;350,5944;18,66462236;12.12.;Wed;Low;Peak;;;;
8289;350,5944;18,66462236;12.12.;Wed;Low;Peak;;;;
8290;197,1252;10,49437018;12.12.;Wed;Low;Standard;;;;
8291;197,1252;10,49437018;12.12.;Wed;Low;Standard;;;;
8292;197,1252;10,49437018;12.12.;Wed;Low;Standard;;;;
8293;197,1252;10,49437018;12.12.;Wed;Low;Standard;;;;
8294;197,1252;10,49437018;12.12.;Wed;Low;Standard;;;;
8295;197,1252;10,49437018;12.12.;Wed;Low;Standard;;;;
8296;197,1252;10,49437018;12.12.;Wed;Low;Standard;;;;
8297;197,1252;10,49437018;12.12.;Wed;Low;Standard;;;;
8298;197,1252;10,49437018;12.12.;Wed;Low;Standard;;;;
8299;350,5944;18,66462236;12.12.;Wed;Low;Peak;;;;
8300;350,5944;18,66462236;12.12.;Wed;Low;Peak;;;;
8301;350,5944;18,66462236;12.12.;Wed;Low;Peak;;;;
8302;197,1252;10,49437018;12.12.;Wed;Low;Standard;;;;
8303;140,7906;7,495280533;12.12.;Wed;Low;Off-Peak;;;;
8304;140,7906;7,495280533;12.12.;Wed;Low;Off-Peak;;;;
8305;140,7906;7,495280533;13.12.;Thu;Low;Off-Peak;;;;
8306;140,7906;7,495280533;13.12.;Thu;Low;Off-Peak;;;;
8307;140,7906;7,495280533;13.12.;Thu;Low;Off-Peak;;;;
8308;140,7906;7,495280533;13.12.;Thu;Low;Off-Peak;;;;
8309;140,7906;7,495280533;13.12.;Thu;Low;Off-Peak;;;;
8310;140,7906;7,495280533;13.12.;Thu;Low;Off-Peak;;;;
8311;197,1252;10,49437018;13.12.;Thu;Low;Standard;;;;
8312;350,5944;18,66462236;13.12.;Thu;Low;Peak;;;;
8313;350,5944;18,66462236;13.12.;Thu;Low;Peak;;;;
8314;197,1252;10,49437018;13.12.;Thu;Low;Standard;;;;
8315;197,1252;10,49437018;13.12.;Thu;Low;Standard;;;;
8316;197,1252;10,49437018;13.12.;Thu;Low;Standard;;;;
8317;197,1252;10,49437018;13.12.;Thu;Low;Standard;;;;
8318;197,1252;10,49437018;13.12.;Thu;Low;Standard;;;;
8319;197,1252;10,49437018;13.12.;Thu;Low;Standard;;;;
8320;197,1252;10,49437018;13.12.;Thu;Low;Standard;;;;
8321;197,1252;10,49437018;13.12.;Thu;Low;Standard;;;;
8322;197,1252;10,49437018;13.12.;Thu;Low;Standard;;;;
8323;350,5944;18,66462236;13.12.;Thu;Low;Peak;;;;
8324;350,5944;18,66462236;13.12.;Thu;Low;Peak;;;;
8325;350,5944;18,66462236;13.12.;Thu;Low;Peak;;;;
8326;197,1252;10,49437018;13.12.;Thu;Low;Standard;;;;
8327;140,7906;7,495280533;13.12.;Thu;Low;Off-Peak;;;;
8328;140,7906;7,495280533;13.12.;Thu;Low;Off-Peak;;;;
8329;140,7906;7,495280533;14.12.;Fri;Low;Off-Peak;;;;
8330;140,7906;7,495280533;14.12.;Fri;Low;Off-Peak;;;;
8331;140,7906;7,495280533;14.12.;Fri;Low;Off-Peak;;;;
8332;140,7906;7,495280533;14.12.;Fri;Low;Off-Peak;;;;
8333;140,7906;7,495280533;14.12.;Fri;Low;Off-Peak;;;;
8334;140,7906;7,495280533;14.12.;Fri;Low;Off-Peak;;;;
8335;197,1252;10,49437018;14.12.;Fri;Low;Standard;;;;
8336;350,5944;18,66462236;14.12.;Fri;Low;Peak;;;;
8337;350,5944;18,66462236;14.12.;Fri;Low;Peak;;;;
8338;197,1252;10,49437018;14.12.;Fri;Low;Standard;;;;
8339;197,1252;10,49437018;14.12.;Fri;Low;Standard;;;;
8340;197,1252;10,49437018;14.12.;Fri;Low;Standard;;;;
8341;197,1252;10,49437018;14.12.;Fri;Low;Standard;;;;
8342;197,1252;10,49437018;14.12.;Fri;Low;Standard;;;;
8343;197,1252;10,49437018;14.12.;Fri;Low;Standard;;;;
8344;197,1252;10,49437018;14.12.;Fri;Low;Standard;;;;
8345;197,1252;10,49437018;14.12.;Fri;Low;Standard;;;;
8346;197,1252;10,49437018;14.12.;Fri;Low;Standard;;;;
8347;350,5944;18,66462236;14.12.;Fri;Low;Peak;;;;
8348;350,5944;18,66462236;14.12.;Fri;Low;Peak;;;;
8349;350,5944;18,66462236;14.12.;Fri;Low;Peak;;;;
8350;197,1252;10,49437018;14.12.;Fri;Low;Standard;;;;
8351;140,7906;7,495280533;14.12.;Fri;Low;Off-Peak;;;;
8352;140,7906;7,495280533;14.12.;Fri;Low;Off-Peak;;;;
8353;140,7906;7,495280533;15.12.;Sat;Low;Off-Peak;;;;
8354;140,7906;7,495280533;15.12.;Sat;Low;Off-Peak;;;;
8355;140,7906;7,495280533;15.12.;Sat;Low;Off-Peak;;;;
8356;140,7906;7,495280533;15.12.;Sat;Low;Off-Peak;;;;
8357;140,7906;7,495280533;15.12.;Sat;Low;Off-Peak;;;;
8358;140,7906;7,495280533;15.12.;Sat;Low;Off-Peak;;;;
8359;140,7906;7,495280533;15.12.;Sat;Low;Off-Peak;;;;
8360;197,1252;10,49437018;15.12.;Sat;Low;Standard;;;;
8361;197,1252;10,49437018;15.12.;Sat;Low;Standard;;;;
8362;197,1252;10,49437018;15.12.;Sat;Low;Standard;;;;
8363;197,1252;10,49437018;15.12.;Sat;Low;Standard;;;;
8364;197,1252;10,49437018;15.12.;Sat;Low;Standard;;;;
8365;140,7906;7,495280533;15.12.;Sat;Low;Off-Peak;;;;
8366;140,7906;7,495280533;15.12.;Sat;Low;Off-Peak;;;;
8367;140,7906;7,495280533;15.12.;Sat;Low;Off-Peak;;;;
8368;140,7906;7,495280533;15.12.;Sat;Low;Off-Peak;;;;
8369;140,7906;7,495280533;15.12.;Sat;Low;Off-Peak;;;;
8370;140,7906;7,495280533;15.12.;Sat;Low;Off-Peak;;;;
8371;197,1252;10,49437018;15.12.;Sat;Low;Standard;;;;
8372;197,1252;10,49437018;15.12.;Sat;Low;Standard;;;;
8373;140,7906;7,495280533;15.12.;Sat;Low;Off-Peak;;;;
8374;140,7906;7,495280533;15.12.;Sat;Low;Off-Peak;;;;
8375;140,7906;7,495280533;15.12.;Sat;Low;Off-Peak;;;;
8376;140,7906;7,495280533;15.12.;Sat;Low;Off-Peak;;;;
8377;140,7906;7,495280533;16.12.;Sun;Low;Off-Peak;;;;
8378;140,7906;7,495280533;16.12.;Sun;Low;Off-Peak;;;;
8379;140,7906;7,495280533;16.12.;Sun;Low;Off-Peak;;;;
8380;140,7906;7,495280533;16.12.;Sun;Low;Off-Peak;;;;
8381;140,7906;7,495280533;16.12.;Sun;Low;Off-Peak;;;;
8382;140,7906;7,495280533;16.12.;Sun;Low;Off-Peak;;;;
8383;140,7906;7,495280533;16.12.;Sun;Low;Off-Peak;;;;
8384;140,7906;7,495280533;16.12.;Sun;Low;Off-Peak;;;;
8385;140,7906;7,495280533;16.12.;Sun;Low;Off-Peak;;;;
8386;140,7906;7,495280533;16.12.;Sun;Low;Off-Peak;;;;
8387;140,7906;7,495280533;16.12.;Sun;Low;Off-Peak;;;;
8388;140,7906;7,495280533;16.12.;Sun;Low;Off-Peak;;;;
8389;140,7906;7,495280533;16.12.;Sun;Low;Off-Peak;;;;
8390;140,7906;7,495280533;16.12.;Sun;Low;Off-Peak;;;;
8391;140,7906;7,495280533;16.12.;Sun;Low;Off-Peak;;;;
8392;140,7906;7,495280533;16.12.;Sun;Low;Off-Peak;;;;
8393;140,7906;7,495280533;16.12.;Sun;Low;Off-Peak;;;;
8394;140,7906;7,495280533;16.12.;Sun;Low;Off-Peak;;;;
8395;197,1252;10,49437018;16.12.;Sun;Low;Standard;;;;
8396;197,1252;10,49437018;16.12.;Sun;Low;Standard;;;;
8397;140,7906;7,495280533;16.12.;Sun;Low;Off-Peak;;;;
8398;140,7906;7,495280533;16.12.;Sun;Low;Off-Peak;;;;
8399;140,7906;7,495280533;16.12.;Sun;Low;Off-Peak;;;;
8400;140,7906;7,495280533;16.12.;Sun;Low;Off-Peak;;;;
8401;140,7906;7,495280533;17.12.;Mon;Low;Off-Peak;;;;
8402;140,7906;7,495280533;17.12.;Mon;Low;Off-Peak;;;;
8403;140,7906;7,495280533;17.12.;Mon;Low;Off-Peak;;;;
8404;140,7906;7,495280533;17.12.;Mon;Low;Off-Peak;;;;
8405;140,7906;7,495280533;17.12.;Mon;Low;Off-Peak;;;;
8406;140,7906;7,495280533;17.12.;Mon;Low;Off-Peak;;;;
8407;197,1252;10,49437018;17.12.;Mon;Low;Standard;;;;
8408;350,5944;18,66462236;17.12.;Mon;Low;Peak;;;;
8409;350,5944;18,66462236;17.12.;Mon;Low;Peak;;;;
8410;197,1252;10,49437018;17.12.;Mon;Low;Standard;;;;
8411;197,1252;10,49437018;17.12.;Mon;Low;Standard;;;;
8412;197,1252;10,49437018;17.12.;Mon;Low;Standard;;;;
8413;197,1252;10,49437018;17.12.;Mon;Low;Standard;;;;
8414;197,1252;10,49437018;17.12.;Mon;Low;Standard;;;;
8415;197,1252;10,49437018;17.12.;Mon;Low;Standard;;;;
8416;197,1252;10,49437018;17.12.;Mon;Low;Standard;;;;
8417;197,1252;10,49437018;17.12.;Mon;Low;Standard;;;;
8418;197,1252;10,49437018;17.12.;Mon;Low;Standard;;;;
8419;350,5944;18,66462236;17.12.;Mon;Low;Peak;;;;
8420;350,5944;18,66462236;17.12.;Mon;Low;Peak;;;;
8421;350,5944;18,66462236;17.12.;Mon;Low;Peak;;;;
8422;197,1252;10,49437018;17.12.;Mon;Low;Standard;;;;
8423;140,7906;7,495280533;17.12.;Mon;Low;Off-Peak;;;;
8424;140,7906;7,495280533;17.12.;Mon;Low;Off-Peak;;;;
8425;140,7906;7,495280533;18.12.;Tue;Low;Off-Peak;;;;
8426;140,7906;7,495280533;18.12.;Tue;Low;Off-Peak;;;;
8427;140,7906;7,495280533;18.12.;Tue;Low;Off-Peak;;;;
8428;140,7906;7,495280533;18.12.;Tue;Low;Off-Peak;;;;
8429;140,7906;7,495280533;18.12.;Tue;Low;Off-Peak;;;;
8430;140,7906;7,495280533;18.12.;Tue;Low;Off-Peak;;;;
8431;197,1252;10,49437018;18.12.;Tue;Low;Standard;;;;
8432;350,5944;18,66462236;18.12.;Tue;Low;Peak;;;;
8433;350,5944;18,66462236;18.12.;Tue;Low;Peak;;;;
8434;197,1252;10,49437018;18.12.;Tue;Low;Standard;;;;
8435;197,1252;10,49437018;18.12.;Tue;Low;Standard;;;;
8436;197,1252;10,49437018;18.12.;Tue;Low;Standard;;;;
8437;197,1252;10,49437018;18.12.;Tue;Low;Standard;;;;
8438;197,1252;10,49437018;18.12.;Tue;Low;Standard;;;;
8439;197,1252;10,49437018;18.12.;Tue;Low;Standard;;;;
8440;197,1252;10,49437018;18.12.;Tue;Low;Standard;;;;
8441;197,1252;10,49437018;18.12.;Tue;Low;Standard;;;;
8442;197,1252;10,49437018;18.12.;Tue;Low;Standard;;;;
8443;350,5944;18,66462236;18.12.;Tue;Low;Peak;;;;
8444;350,5944;18,66462236;18.12.;Tue;Low;Peak;;;;
8445;350,5944;18,66462236;18.12.;Tue;Low;Peak;;;;
8446;197,1252;10,49437018;18.12.;Tue;Low;Standard;;;;
8447;140,7906;7,495280533;18.12.;Tue;Low;Off-Peak;;;;
8448;140,7906;7,495280533;18.12.;Tue;Low;Off-Peak;;;;
8449;140,7906;7,495280533;19.12.;Wed;Low;Off-Peak;;;;
8450;140,7906;7,495280533;19.12.;Wed;Low;Off-Peak;;;;
8451;140,7906;7,495280533;19.12.;Wed;Low;Off-Peak;;;;
8452;140,7906;7,495280533;19.12.;Wed;Low;Off-Peak;;;;
8453;140,7906;7,495280533;19.12.;Wed;Low;Off-Peak;;;;
8454;140,7906;7,495280533;19.12.;Wed;Low;Off-Peak;;;;
8455;197,1252;10,49437018;19.12.;Wed;Low;Standard;;;;
8456;350,5944;18,66462236;19.12.;Wed;Low;Peak;;;;
8457;350,5944;18,66462236;19.12.;Wed;Low;Peak;;;;
8458;197,1252;10,49437018;19.12.;Wed;Low;Standard;;;;
8459;197,1252;10,49437018;19.12.;Wed;Low;Standard;;;;
8460;197,1252;10,49437018;19.12.;Wed;Low;Standard;;;;
8461;197,1252;10,49437018;19.12.;Wed;Low;Standard;;;;
8462;197,1252;10,49437018;19.12.;Wed;Low;Standard;;;;
8463;197,1252;10,49437018;19.12.;Wed;Low;Standard;;;;
8464;197,1252;10,49437018;19.12.;Wed;Low;Standard;;;;
8465;197,1252;10,49437018;19.12.;Wed;Low;Standard;;;;
8466;197,1252;10,49437018;19.12.;Wed;Low;Standard;;;;
8467;350,5944;18,66462236;19.12.;Wed;Low;Peak;;;;
8468;350,5944;18,66462236;19.12.;Wed;Low;Peak;;;;
8469;350,5944;18,66462236;19.12.;Wed;Low;Peak;;;;
8470;197,1252;10,49437018;19.12.;Wed;Low;Standard;;;;
8471;140,7906;7,495280533;19.12.;Wed;Low;Off-Peak;;;;
8472;140,7906;7,495280533;19.12.;Wed;Low;Off-Peak;;;;
8473;140,7906;7,495280533;20.12.;Thu;Low;Off-Peak;;;;
8474;140,7906;7,495280533;20.12.;Thu;Low;Off-Peak;;;;
8475;140,7906;7,495280533;20.12.;Thu;Low;Off-Peak;;;;
8476;140,7906;7,495280533;20.12.;Thu;Low;Off-Peak;;;;
8477;140,7906;7,495280533;20.12.;Thu;Low;Off-Peak;;;;
8478;140,7906;7,495280533;20.12.;Thu;Low;Off-Peak;;;;
8479;197,1252;10,49437018;20.12.;Thu;Low;Standard;;;;
8480;350,5944;18,66462236;20.12.;Thu;Low;Peak;;;;
8481;350,5944;18,66462236;20.12.;Thu;Low;Peak;;;;
8482;197,1252;10,49437018;20.12.;Thu;Low;Standard;;;;
8483;197,1252;10,49437018;20.12.;Thu;Low;Standard;;;;
8484;197,1252;10,49437018;20.12.;Thu;Low;Standard;;;;
8485;197,1252;10,49437018;20.12.;Thu;Low;Standard;;;;
8486;197,1252;10,49437018;20.12.;Thu;Low;Standard;;;;
8487;197,1252;10,49437018;20.12.;Thu;Low;Standard;;;;
8488;197,1252;10,49437018;20.12.;Thu;Low;Standard;;;;
8489;197,1252;10,49437018;20.12.;Thu;Low;Standard;;;;
8490;197,1252;10,49437018;20.12.;Thu;Low;Standard;;;;
8491;350,5944;18,66462236;20.12.;Thu;Low;Peak;;;;
8492;350,5944;18,66462236;20.12.;Thu;Low;Peak;;;;
8493;350,5944;18,66462236;20.12.;Thu;Low;Peak;;;;
8494;197,1252;10,49437018;20.12.;Thu;Low;Standard;;;;
8495;140,7906;7,495280533;20.12.;Thu;Low;Off-Peak;;;;
8496;140,7906;7,495280533;20.12.;Thu;Low;Off-Peak;;;;
8497;140,7906;7,495280533;21.12.;Fri;Low;Off-Peak;;;;
8498;140,7906;7,495280533;21.12.;Fri;Low;Off-Peak;;;;
8499;140,7906;7,495280533;21.12.;Fri;Low;Off-Peak;;;;
8500;140,7906;7,495280533;21.12.;Fri;Low;Off-Peak;;;;
8501;140,7906;7,495280533;21.12.;Fri;Low;Off-Peak;;;;
8502;140,7906;7,495280533;21.12.;Fri;Low;Off-Peak;;;;
8503;197,1252;10,49437018;21.12.;Fri;Low;Standard;;;;
8504;350,5944;18,66462236;21.12.;Fri;Low;Peak;;;;
8505;350,5944;18,66462236;21.12.;Fri;Low;Peak;;;;
8506;197,1252;10,49437018;21.12.;Fri;Low;Standard;;;;
8507;197,1252;10,49437018;21.12.;Fri;Low;Standard;;;;
8508;197,1252;10,49437018;21.12.;Fri;Low;Standard;;;;
8509;197,1252;10,49437018;21.12.;Fri;Low;Standard;;;;
8510;197,1252;10,49437018;21.12.;Fri;Low;Standard;;;;
8511;197,1252;10,49437018;21.12.;Fri;Low;Standard;;;;
8512;197,1252;10,49437018;21.12.;Fri;Low;Standard;;;;
8513;197,1252;10,49437018;21.12.;Fri;Low;Standard;;;;
8514;197,1252;10,49437018;21.12.;Fri;Low;Standard;;;;
8515;350,5944;18,66462236;21.12.;Fri;Low;Peak;;;;
8516;350,5944;18,66462236;21.12.;Fri;Low;Peak;;;;
8517;350,5944;18,66462236;21.12.;Fri;Low;Peak;;;;
8518;197,1252;10,49437018;21.12.;Fri;Low;Standard;;;;
8519;140,7906;7,495280533;21.12.;Fri;Low;Off-Peak;;;;
8520;140,7906;7,495280533;21.12.;Fri;Low;Off-Peak;;;;
8521;140,7906;7,495280533;22.12.;Sat;Low;Off-Peak;;;;
8522;140,7906;7,495280533;22.12.;Sat;Low;Off-Peak;;;;
8523;140,7906;7,495280533;22.12.;Sat;Low;Off-Peak;;;;
8524;140,7906;7,495280533;22.12.;Sat;Low;Off-Peak;;;;
8525;140,7906;7,495280533;22.12.;Sat;Low;Off-Peak;;;;
8526;140,7906;7,495280533;22.12.;Sat;Low;Off-Peak;;;;
8527;140,7906;7,495280533;22.12.;Sat;Low;Off-Peak;;;;
8528;197,1252;10,49437018;22.12.;Sat;Low;Standard;;;;
8529;197,1252;10,49437018;22.12.;Sat;Low;Standard;;;;
8530;197,1252;10,49437018;22.12.;Sat;Low;Standard;;;;
8531;197,1252;10,49437018;22.12.;Sat;Low;Standard;;;;
8532;197,1252;10,49437018;22.12.;Sat;Low;Standard;;;;
8533;140,7906;7,495280533;22.12.;Sat;Low;Off-Peak;;;;
8534;140,7906;7,495280533;22.12.;Sat;Low;Off-Peak;;;;
8535;140,7906;7,495280533;22.12.;Sat;Low;Off-Peak;;;;
8536;140,7906;7,495280533;22.12.;Sat;Low;Off-Peak;;;;
8537;140,7906;7,495280533;22.12.;Sat;Low;Off-Peak;;;;
8538;140,7906;7,495280533;22.12.;Sat;Low;Off-Peak;;;;
8539;197,1252;10,49437018;22.12.;Sat;Low;Standard;;;;
8540;197,1252;10,49437018;22.12.;Sat;Low;Standard;;;;
8541;140,7906;7,495280533;22.12.;Sat;Low;Off-Peak;;;;
8542;140,7906;7,495280533;22.12.;Sat;Low;Off-Peak;;;;
8543;140,7906;7,495280533;22.12.;Sat;Low;Off-Peak;;;;
8544;140,7906;7,495280533;22.12.;Sat;Low;Off-Peak;;;;
8545;140,7906;7,495280533;23.12.;Sun;Low;Off-Peak;;;;
8546;140,7906;7,495280533;23.12.;Sun;Low;Off-Peak;;;;
8547;140,7906;7,495280533;23.12.;Sun;Low;Off-Peak;;;;
8548;140,7906;7,495280533;23.12.;Sun;Low;Off-Peak;;;;
8549;140,7906;7,495280533;23.12.;Sun;Low;Off-Peak;;;;
8550;140,7906;7,495280533;23.12.;Sun;Low;Off-Peak;;;;
8551;140,7906;7,495280533;23.12.;Sun;Low;Off-Peak;;;;
8552;140,7906;7,495280533;23.12.;Sun;Low;Off-Peak;;;;
8553;140,7906;7,495280533;23.12.;Sun;Low;Off-Peak;;;;
8554;140,7906;7,495280533;23.12.;Sun;Low;Off-Peak;;;;
8555;140,7906;7,495280533;23.12.;Sun;Low;Off-Peak;;;;
8556;140,7906;7,495280533;23.12.;Sun;Low;Off-Peak;;;;
8557;140,7906;7,495280533;23.12.;Sun;Low;Off-Peak;;;;
8558;140,7906;7,495280533;23.12.;Sun;Low;Off-Peak;;;;
8559;140,7906;7,495280533;23.12.;Sun;Low;Off-Peak;;;;
8560;140,7906;7,495280533;23.12.;Sun;Low;Off-Peak;;;;
8561;140,7906;7,495280533;23.12.;Sun;Low;Off-Peak;;;;
8562;140,7906;7,495280533;23.12.;Sun;Low;Off-Peak;;;;
8563;197,1252;10,49437018;23.12.;Sun;Low;Standard;;;;
8564;197,1252;10,49437018;23.12.;Sun;Low;Standard;;;;
8565;140,7906;7,495280533;23.12.;Sun;Low;Off-Peak;;;;
8566;140,7906;7,495280533;23.12.;Sun;Low;Off-Peak;;;;
8567;140,7906;7,495280533;23.12.;Sun;Low;Off-Peak;;;;
8568;140,7906;7,495280533;23.12.;Sun;Low;Off-Peak;;;;
8569;140,7906;7,495280533;24.12.;Mon;Low;Off-Peak;;;;
8570;140,7906;7,495280533;24.12.;Mon;Low;Off-Peak;;;;
8571;140,7906;7,495280533;24.12.;Mon;Low;Off-Peak;;;;
8572;140,7906;7,495280533;24.12.;Mon;Low;Off-Peak;;;;
8573;140,7906;7,495280533;24.12.;Mon;Low;Off-Peak;;;;
8574;140,7906;7,495280533;24.12.;Mon;Low;Off-Peak;;;;
8575;197,1252;10,49437018;24.12.;Mon;Low;Standard;;;;
8576;350,5944;18,66462236;24.12.;Mon;Low;Peak;;;;
8577;350,5944;18,66462236;24.12.;Mon;Low;Peak;;;;
8578;197,1252;10,49437018;24.12.;Mon;Low;Standard;;;;
8579;197,1252;10,49437018;24.12.;Mon;Low;Standard;;;;
8580;197,1252;10,49437018;24.12.;Mon;Low;Standard;;;;
8581;197,1252;10,49437018;24.12.;Mon;Low;Standard;;;;
8582;197,1252;10,49437018;24.12.;Mon;Low;Standard;;;;
8583;197,1252;10,49437018;24.12.;Mon;Low;Standard;;;;
8584;197,1252;10,49437018;24.12.;Mon;Low;Standard;;;;
8585;197,1252;10,49437018;24.12.;Mon;Low;Standard;;;;
8586;197,1252;10,49437018;24.12.;Mon;Low;Standard;;;;
8587;350,5944;18,66462236;24.12.;Mon;Low;Peak;;;;
8588;350,5944;18,66462236;24.12.;Mon;Low;Peak;;;;
8589;350,5944;18,66462236;24.12.;Mon;Low;Peak;;;;
8590;197,1252;10,49437018;24.12.;Mon;Low;Standard;;;;
8591;140,7906;7,495280533;24.12.;Mon;Low;Off-Peak;;;;
8592;140,7906;7,495280533;24.12.;Mon;Low;Off-Peak;;;;
8593;140,7906;7,495280533;25.12.;Tue;Low;Off-Peak;;;;
8594;140,7906;7,495280533;25.12.;Tue;Low;Off-Peak;;;;
8595;140,7906;7,495280533;25.12.;Tue;Low;Off-Peak;;;;
8596;140,7906;7,495280533;25.12.;Tue;Low;Off-Peak;;;;
8597;140,7906;7,495280533;25.12.;Tue;Low;Off-Peak;;;;
8598;140,7906;7,495280533;25.12.;Tue;Low;Off-Peak;;;;
8599;197,1252;10,49437018;25.12.;Tue;Low;Standard;;;;
8600;350,5944;18,66462236;25.12.;Tue;Low;Peak;;;;
8601;350,5944;18,66462236;25.12.;Tue;Low;Peak;;;;
8602;197,1252;10,49437018;25.12.;Tue;Low;Standard;;;;
8603;197,1252;10,49437018;25.12.;Tue;Low;Standard;;;;
8604;197,1252;10,49437018;25.12.;Tue;Low;Standard;;;;
8605;197,1252;10,49437018;25.12.;Tue;Low;Standard;;;;
8606;197,1252;10,49437018;25.12.;Tue;Low;Standard;;;;
8607;197,1252;10,49437018;25.12.;Tue;Low;Standard;;;;
8608;197,1252;10,49437018;25.12.;Tue;Low;Standard;;;;
8609;197,1252;10,49437018;25.12.;Tue;Low;Standard;;;;
8610;197,1252;10,49437018;25.12.;Tue;Low;Standard;;;;
8611;350,5944;18,66462236;25.12.;Tue;Low;Peak;;;;
8612;350,5944;18,66462236;25.12.;Tue;Low;Peak;;;;
8613;350,5944;18,66462236;25.12.;Tue;Low;Peak;;;;
8614;197,1252;10,49437018;25.12.;Tue;Low;Standard;;;;
8615;140,7906;7,495280533;25.12.;Tue;Low;Off-Peak;;;;
8616;140,7906;7,495280533;25.12.;Tue;Low;Off-Peak;;;;
8617;140,7906;7,495280533;26.12.;Wed;Low;Off-Peak;;;;
8618;140,7906;7,495280533;26.12.;Wed;Low;Off-Peak;;;;
8619;140,7906;7,495280533;26.12.;Wed;Low;Off-Peak;;;;
8620;140,7906;7,495280533;26.12.;Wed;Low;Off-Peak;;;;
8621;140,7906;7,495280533;26.12.;Wed;Low;Off-Peak;;;;
8622;140,7906;7,495280533;26.12.;Wed;Low;Off-Peak;;;;
8623;197,1252;10,49437018;26.12.;Wed;Low;Standard;;;;
8624;350,5944;18,66462236;26.12.;Wed;Low;Peak;;;;
8625;350,5944;18,66462236;26.12.;Wed;Low;Peak;;;;
8626;197,1252;10,49437018;26.12.;Wed;Low;Standard;;;;
8627;197,1252;10,49437018;26.12.;Wed;Low;Standard;;;;
8628;197,1252;10,49437018;26.12.;Wed;Low;Standard;;;;
8629;197,1252;10,49437018;26.12.;Wed;Low;Standard;;;;
8630;197,1252;10,49437018;26.12.;Wed;Low;Standard;;;;
8631;197,1252;10,49437018;26.12.;Wed;Low;Standard;;;;
8632;197,1252;10,49437018;26.12.;Wed;Low;Standard;;;;
8633;197,1252;10,49437018;26.12.;Wed;Low;Standard;;;;
8634;197,1252;10,49437018;26.12.;Wed;Low;Standard;;;;
8635;350,5944;18,66462236;26.12.;Wed;Low;Peak;;;;
8636;350,5944;18,66462236;26.12.;Wed;Low;Peak;;;;
8637;350,5944;18,66462236;26.12.;Wed;Low;Peak;;;;
8638;197,1252;10,49437018;26.12.;Wed;Low;Standard;;;;
8639;140,7906;7,495280533;26.12.;Wed;Low;Off-Peak;;;;
8640;140,7906;7,495280533;26.12.;Wed;Low;Off-Peak;;;;
8641;140,7906;7,495280533;27.12.;Thu;Low;Off-Peak;;;;
8642;140,7906;7,495280533;27.12.;Thu;Low;Off-Peak;;;;
8643;140,7906;7,495280533;27.12.;Thu;Low;Off-Peak;;;;
8644;140,7906;7,495280533;27.12.;Thu;Low;Off-Peak;;;;
8645;140,7906;7,495280533;27.12.;Thu;Low;Off-Peak;;;;
8646;140,7906;7,495280533;27.12.;Thu;Low;Off-Peak;;;;
8647;197,1252;10,49437018;27.12.;Thu;Low;Standard;;;;
8648;350,5944;18,66462236;27.12.;Thu;Low;Peak;;;;
8649;350,5944;18,66462236;27.12.;Thu;Low;Peak;;;;
8650;197,1252;10,49437018;27.12.;Thu;Low;Standard;;;;
8651;197,1252;10,49437018;27.12.;Thu;Low;Standard;;;;
8652;197,1252;10,49437018;27.12.;Thu;Low;Standard;;;;
8653;197,1252;10,49437018;27.12.;Thu;Low;Standard;;;;
8654;197,1252;10,49437018;27.12.;Thu;Low;Standard;;;;
8655;197,1252;10,49437018;27.12.;Thu;Low;Standard;;;;
8656;197,1252;10,49437018;27.12.;Thu;Low;Standard;;;;
8657;197,1252;10,49437018;27.12.;Thu;Low;Standard;;;;
8658;197,1252;10,49437018;27.12.;Thu;Low;Standard;;;;
8659;350,5944;18,66462236;27.12.;Thu;Low;Peak;;;;
8660;350,5944;18,66462236;27.12.;Thu;Low;Peak;;;;
8661;350,5944;18,66462236;27.12.;Thu;Low;Peak;;;;
8662;197,1252;10,49437018;27.12.;Thu;Low;Standard;;;;
8663;140,7906;7,495280533;27.12.;Thu;Low;Off-Peak;;;;
8664;140,7906;7,495280533;27.12.;Thu;Low;Off-Peak;;;;
8665;140,7906;7,495280533;28.12.;Fri;Low;Off-Peak;;;;
8666;140,7906;7,495280533;28.12.;Fri;Low;Off-Peak;;;;
8667;140,7906;7,495280533;28.12.;Fri;Low;Off-Peak;;;;
8668;140,7906;7,495280533;28.12.;Fri;Low;Off-Peak;;;;
8669;140,7906;7,495280533;28.12.;Fri;Low;Off-Peak;;;;
8670;140,7906;7,495280533;28.12.;Fri;Low;Off-Peak;;;;
8671;197,1252;10,49437018;28.12.;Fri;Low;Standard;;;;
8672;350,5944;18,66462236;28.12.;Fri;Low;Peak;;;;
8673;350,5944;18,66462236;28.12.;Fri;Low;Peak;;;;
8674;197,1252;10,49437018;28.12.;Fri;Low;Standard;;;;
8675;197,1252;10,49437018;28.12.;Fri;Low;Standard;;;;
8676;197,1252;10,49437018;28.12.;Fri;Low;Standard;;;;
8677;197,1252;10,49437018;28.12.;Fri;Low;Standard;;;;
8678;197,1252;10,49437018;28.12.;Fri;Low;Standard;;;;
8679;197,1252;10,49437018;28.12.;Fri;Low;Standard;;;;
8680;197,1252;10,49437018;28.12.;Fri;Low;Standard;;;;
8681;197,1252;10,49437018;28.12.;Fri;Low;Standard;;;;
8682;197,1252;10,49437018;28.12.;Fri;Low;Standard;;;;
8683;350,5944;18,66462236;28.12.;Fri;Low;Peak;;;;
8684;350,5944;18,66462236;28.12.;Fri;Low;Peak;;;;
8685;350,5944;18,66462236;28.12.;Fri;Low;Peak;;;;
8686;197,1252;10,49437018;28.12.;Fri;Low;Standard;;;;
8687;140,7906;7,495280533;28.12.;Fri;Low;Off-Peak;;;;
8688;140,7906;7,495280533;28.12.;Fri;Low;Off-Peak;;;;
8689;140,7906;7,495280533;29.12.;Sat;Low;Off-Peak;;;;
8690;140,7906;7,495280533;29.12.;Sat;Low;Off-Peak;;;;
8691;140,7906;7,495280533;29.12.;Sat;Low;Off-Peak;;;;
8692;140,7906;7,495280533;29.12.;Sat;Low;Off-Peak;;;;
8693;140,7906;7,495280533;29.12.;Sat;Low;Off-Peak;;;;
8694;140,7906;7,495280533;29.12.;Sat;Low;Off-Peak;;;;
8695;140,7906;7,495280533;29.12.;Sat;Low;Off-Peak;;;;
8696;197,1252;10,49437018;29.12.;Sat;Low;Standard;;;;
8697;197,1252;10,49437018;29.12.;Sat;Low;Standard;;;;
8698;197,1252;10,49437018;29.12.;Sat;Low;Standard;;;;
8699;197,1252;10,49437018;29.12.;Sat;Low;Standard;;;;
8700;197,1252;10,49437018;29.12.;Sat;Low;Standard;;;;
8701;140,7906;7,495280533;29.12.;Sat;Low;Off-Peak;;;;
8702;140,7906;7,495280533;29.12.;Sat;Low;Off-Peak;;;;
8703;140,7906;7,495280533;29.12.;Sat;Low;Off-Peak;;;;
8704;140,7906;7,495280533;29.12.;Sat;Low;Off-Peak;;;;
8705;140,7906;7,495280533;29.12.;Sat;Low;Off-Peak;;;;
8706;140,7906;7,495280533;29.12.;Sat;Low;Off-Peak;;;;
8707;197,1252;10,49437018;29.12.;Sat;Low;Standard;;;;
8708;197,1252;10,49437018;29.12.;Sat;Low;Standard;;;;
8709;140,7906;7,495280533;29.12.;Sat;Low;Off-Peak;;;;
8710;140,7906;7,495280533;29.12.;Sat;Low;Off-Peak;;;;
8711;140,7906;7,495280533;29.12.;Sat;Low;Off-Peak;;;;
8712;140,7906;7,495280533;29.12.;Sat;Low;Off-Peak;;;;
8713;140,7906;7,495280533;30.12.;Sun;Low;Off-Peak;;;;
8714;140,7906;7,495280533;30.12.;Sun;Low;Off-Peak;;;;
8715;140,7906;7,495280533;30.12.;Sun;Low;Off-Peak;;;;
8716;140,7906;7,495280533;30.12.;Sun;Low;Off-Peak;;;;
8717;140,7906;7,495280533;30.12.;Sun;Low;Off-Peak;;;;
8718;140,7906;7,495280533;30.12.;Sun;Low;Off-Peak;;;;
8719;140,7906;7,495280533;30.12.;Sun;Low;Off-Peak;;;;
8720;140,7906;7,495280533;30.12.;Sun;Low;Off-Peak;;;;
8721;140,7906;7,495280533;30.12.;Sun;Low;Off-Peak;;;;
8722;140,7906;7,495280533;30.12.;Sun;Low;Off-Peak;;;;
8723;140,7906;7,495280533;30.12.;Sun;Low;Off-Peak;;;;
8724;140,7906;7,495280533;30.12.;Sun;Low;Off-Peak;;;;
8725;140,7906;7,495280533;30.12.;Sun;Low;Off-Peak;;;;
8726;140,7906;7,495280533;30.12.;Sun;Low;Off-Peak;;;;
8727;140,7906;7,495280533;30.12.;Sun;Low;Off-Peak;;;;
8728;140,7906;7,495280533;30.12.;Sun;Low;Off-Peak;;;;
8729;140,7906;7,495280533;30.12.;Sun;Low;Off-Peak;;;;
8730;140,7906;7,495280533;30.12.;Sun;Low;Off-Peak;;;;
8731;197,1252;10,49437018;30.12.;Sun;Low;Standard;;;;
8732;197,1252;10,49437018;30.12.;Sun;Low;Standard;;;;
8733;140,7906;7,495280533;30.12.;Sun;Low;Off-Peak;;;;
8734;140,7906;7,495280533;30.12.;Sun;Low;Off-Peak;;;;
8735;140,7906;7,495280533;30.12.;Sun;Low;Off-Peak;;;;
8736;140,7906;7,495280533;30.12.;Sun;Low;Off-Peak;;;;
8737;140,7906;7,495280533;31.12.;Mon;Low;Off-Peak;;;;
8738;140,7906;7,495280533;31.12.;Mon;Low;Off-Peak;;;;
8739;140,7906;7,495280533;31.12.;Mon;Low;Off-Peak;;;;
8740;140,7906;7,495280533;31.12.;Mon;Low;Off-Peak;;;;
8741;140,7906;7,495280533;31.12.;Mon;Low;Off-Peak;;;;
8742;140,7906;7,495280533;31.12.;Mon;Low;Off-Peak;;;;
8743;197,1252;10,49437018;31.12.;Mon;Low;Standard;;;;
8744;350,5944;18,66462236;31.12.;Mon;Low;Peak;;;;
8745;350,5944;18,66462236;31.12.;Mon;Low;Peak;;;;
8746;197,1252;10,49437018;31.12.;Mon;Low;Standard;;;;
8747;197,1252;10,49437018;31.12.;Mon;Low;Standard;;;;
8748;197,1252;10,49437018;31.12.;Mon;Low;Standard;;;;
8749;197,1252;10,49437018;31.12.;Mon;Low;Standard;;;;
8750;197,1252;10,49437018;31.12.;Mon;Low;Standard;;;;
8751;197,1252;10,49437018;31.12.;Mon;Low;Standard;;;;
8752;197,1252;10,49437018;31.12.;Mon;Low;Standard;;;;
8753;197,1252;10,49437018;31.12.;Mon;Low;Standard;;;;
8754;197,1252;10,49437018;31.12.;Mon;Low;Standard;;;;
8755;350,5944;18,66462236;31.12.;Mon;Low;Peak;;;;
8756;350,5944;18,66462236;31.12.;Mon;Low;Peak;;;;
8757;350,5944;18,66462236;31.12.;Mon;Low;Peak;;;;
8758;197,1252;10,49437018;31.12.;Mon;Low;Standard;;;;
8759;140,7906;7,495280533;31.12.;Mon;Low;Off-Peak;;;;
8760;140,7906;7,495280533;31.12.;Mon;Low;Off-Peak;;;;
;;;;;;;;;;
;Min;7,495280533;;;;;;;;
;Mean;11,36556742;;;;;;;;
;Max;44,97385527;;;;;;;;
